user_id,item_id,timestamp,event_weight,event_type,subgroup
USER-0005,ITEM-013,2025-01-01T12:00:00+00:00,2.0,save,Focused regulars
USER-0159,ITEM-006,2025-01-05T20:00:00+00:00,1.0,open,Broad enthusiasts
USER-0057,ITEM-037,2025-01-06T07:00:00+00:00,2.0,save,Broad enthusiasts
USER-0198,ITEM-033,2025-01-06T07:00:00+00:00,1.0,open,Broad enthusiasts
USER-0164,ITEM-020,2025-01-07T13:00:00+00:00,1.0,open,Focused regulars
USER-0067,ITEM-027,2025-01-07T22:00:00+00:00,1.0,open,New explorers
USER-0091,ITEM-005,2025-01-08T16:00:00+00:00,1.0,open,New explorers
USER-0272,ITEM-010,2025-01-09T09:00:00+00:00,1.0,open,Focused regulars
USER-0080,ITEM-016,2025-01-10T11:00:00+00:00,3.0,complete,Focused regulars
USER-0099,ITEM-010,2025-01-10T20:00:00+00:00,3.0,complete,Broad enthusiasts
USER-0255,ITEM-028,2025-01-10T20:00:00+00:00,1.0,open,Broad enthusiasts
USER-0080,ITEM-013,2025-01-12T09:01:00+00:00,1.0,open,Focused regulars
USER-0015,ITEM-049,2025-01-12T10:00:00+00:00,1.0,open,Broad enthusiasts
USER-0001,ITEM-033,2025-01-12T15:00:00+00:00,2.0,save,New explorers
USER-0255,ITEM-020,2025-01-12T17:01:00+00:00,1.0,open,Broad enthusiasts
USER-0290,ITEM-028,2025-01-12T22:00:00+00:00,3.0,complete,Focused regulars
USER-0159,ITEM-019,2025-01-13T11:01:00+00:00,1.0,open,Broad enthusiasts
USER-0300,ITEM-017,2025-01-14T08:00:00+00:00,1.0,open,Broad enthusiasts
USER-0291,ITEM-025,2025-01-14T21:00:00+00:00,1.0,open,Broad enthusiasts
USER-0051,ITEM-006,2025-01-14T22:00:00+00:00,1.0,open,Broad enthusiasts
USER-0186,ITEM-005,2025-01-15T13:00:00+00:00,1.0,open,Broad enthusiasts
USER-0291,ITEM-055,2025-01-16T08:01:00+00:00,2.0,save,Broad enthusiasts
USER-0129,ITEM-055,2025-01-16T18:00:00+00:00,1.0,open,Broad enthusiasts
USER-0160,ITEM-025,2025-01-16T19:00:00+00:00,1.0,open,New explorers
USER-0290,ITEM-026,2025-01-17T12:01:00+00:00,3.0,complete,Focused regulars
USER-0297,ITEM-020,2025-01-17T14:00:00+00:00,1.0,open,Broad enthusiasts
USER-0203,ITEM-026,2025-01-17T15:00:00+00:00,1.0,open,Focused regulars
USER-0156,ITEM-042,2025-01-18T08:00:00+00:00,1.0,open,Broad enthusiasts
USER-0164,ITEM-028,2025-01-18T14:01:00+00:00,1.0,open,Focused regulars
USER-0078,ITEM-025,2025-01-18T16:00:00+00:00,2.0,save,Broad enthusiasts
USER-0103,ITEM-027,2025-01-18T19:00:00+00:00,1.0,open,New explorers
USER-0011,ITEM-044,2025-01-19T07:00:00+00:00,1.0,open,Focused regulars
USER-0200,ITEM-012,2025-01-19T15:00:00+00:00,3.0,complete,Focused regulars
USER-0129,ITEM-043,2025-01-19T22:01:00+00:00,1.0,open,Broad enthusiasts
USER-0312,ITEM-043,2025-01-20T08:00:00+00:00,1.0,open,Broad enthusiasts
USER-0186,ITEM-017,2025-01-20T09:01:00+00:00,1.0,open,Broad enthusiasts
USER-0080,ITEM-007,2025-01-21T12:02:00+00:00,2.0,save,Focused regulars
USER-0291,ITEM-044,2025-01-21T13:02:00+00:00,1.0,open,Broad enthusiasts
USER-0039,ITEM-013,2025-01-21T14:00:00+00:00,1.0,open,Broad enthusiasts
USER-0057,ITEM-013,2025-01-21T16:01:00+00:00,1.0,open,Broad enthusiasts
USER-0317,ITEM-025,2025-01-22T07:00:00+00:00,1.0,open,Focused regulars
USER-0156,ITEM-025,2025-01-22T09:01:00+00:00,1.0,open,Broad enthusiasts
USER-0042,ITEM-055,2025-01-22T10:00:00+00:00,1.0,open,Broad enthusiasts
USER-0227,ITEM-006,2025-01-22T10:00:00+00:00,1.0,open,Focused regulars
USER-0080,ITEM-031,2025-01-22T20:03:00+00:00,2.0,save,Focused regulars
USER-0290,ITEM-010,2025-01-22T22:02:00+00:00,1.0,open,Focused regulars
USER-0151,ITEM-025,2025-01-23T07:00:00+00:00,1.0,open,New explorers
USER-0181,ITEM-044,2025-01-23T09:00:00+00:00,1.0,open,New explorers
USER-0299,ITEM-042,2025-01-23T09:00:00+00:00,1.0,open,Focused regulars
USER-0167,ITEM-031,2025-01-23T10:00:00+00:00,1.0,open,Focused regulars
USER-0161,ITEM-020,2025-01-23T12:00:00+00:00,1.0,open,Focused regulars
USER-0279,ITEM-013,2025-01-23T15:00:00+00:00,2.0,save,Broad enthusiasts
USER-0103,ITEM-014,2025-01-24T13:01:00+00:00,1.0,open,New explorers
USER-0311,ITEM-065,2025-01-24T15:00:00+00:00,1.0,open,Focused regulars
USER-0067,ITEM-003,2025-01-24T16:01:00+00:00,3.0,complete,New explorers
USER-0170,ITEM-011,2025-01-25T07:00:00+00:00,2.0,save,Focused regulars
USER-0011,ITEM-011,2025-01-25T07:01:00+00:00,2.0,save,Focused regulars
USER-0080,ITEM-052,2025-01-25T07:04:00+00:00,1.0,open,Focused regulars
USER-0077,ITEM-046,2025-01-25T10:00:00+00:00,1.0,open,Focused regulars
USER-0231,ITEM-020,2025-01-25T14:00:00+00:00,1.0,open,Broad enthusiasts
USER-0297,ITEM-017,2025-01-25T14:01:00+00:00,2.0,save,Broad enthusiasts
USER-0167,ITEM-050,2025-01-25T15:01:00+00:00,1.0,open,Focused regulars
USER-0281,ITEM-042,2025-01-25T16:00:00+00:00,2.0,save,Focused regulars
USER-0088,ITEM-026,2025-01-25T19:00:00+00:00,3.0,complete,New explorers
USER-0057,ITEM-005,2025-01-25T20:02:00+00:00,2.0,save,Broad enthusiasts
USER-0141,ITEM-011,2025-01-26T07:00:00+00:00,3.0,complete,Broad enthusiasts
USER-0260,ITEM-069,2025-01-26T16:00:00+00:00,1.0,open,Focused regulars
USER-0026,ITEM-006,2025-01-26T21:00:00+00:00,1.0,open,Focused regulars
USER-0035,ITEM-037,2025-01-26T21:00:00+00:00,2.0,save,Focused regulars
USER-0023,ITEM-026,2025-01-27T13:00:00+00:00,3.0,complete,Focused regulars
USER-0138,ITEM-058,2025-01-27T13:00:00+00:00,1.0,open,Broad enthusiasts
USER-0261,ITEM-055,2025-01-27T13:00:00+00:00,2.0,save,Broad enthusiasts
USER-0280,ITEM-021,2025-01-27T14:00:00+00:00,1.0,open,New explorers
USER-0068,ITEM-005,2025-01-27T16:00:00+00:00,1.0,open,Focused regulars
USER-0144,ITEM-053,2025-01-27T17:00:00+00:00,1.0,open,Broad enthusiasts
USER-0185,ITEM-027,2025-01-28T09:00:00+00:00,1.0,open,Focused regulars
USER-0296,ITEM-065,2025-01-28T10:00:00+00:00,1.0,open,Focused regulars
USER-0080,ITEM-003,2025-01-28T18:05:00+00:00,1.0,open,Focused regulars
USER-0101,ITEM-054,2025-01-28T22:00:00+00:00,2.0,save,Focused regulars
USER-0042,ITEM-043,2025-01-29T10:01:00+00:00,1.0,open,Broad enthusiasts
USER-0185,ITEM-025,2025-01-29T11:01:00+00:00,1.0,open,Focused regulars
USER-0141,ITEM-042,2025-01-29T16:01:00+00:00,3.0,complete,Broad enthusiasts
USER-0200,ITEM-035,2025-01-29T16:01:00+00:00,1.0,open,Focused regulars
USER-0023,ITEM-037,2025-01-29T18:01:00+00:00,1.0,open,Focused regulars
USER-0200,ITEM-058,2025-01-30T07:02:00+00:00,1.0,open,Focused regulars
USER-0234,ITEM-002,2025-01-30T08:00:00+00:00,3.0,complete,Broad enthusiasts
USER-0102,ITEM-028,2025-01-30T09:00:00+00:00,1.0,open,Broad enthusiasts
USER-0068,ITEM-032,2025-01-30T22:01:00+00:00,2.0,save,Focused regulars
USER-0130,ITEM-058,2025-01-31T09:00:00+00:00,1.0,open,New explorers
USER-0144,ITEM-020,2025-01-31T12:01:00+00:00,2.0,save,Broad enthusiasts
USER-0005,ITEM-037,2025-01-31T14:01:00+00:00,1.0,open,Focused regulars
USER-0231,ITEM-041,2025-01-31T14:01:00+00:00,1.0,open,Broad enthusiasts
USER-0189,ITEM-054,2025-01-31T15:00:00+00:00,2.0,save,Broad enthusiasts
USER-0158,ITEM-007,2025-01-31T17:00:00+00:00,1.0,open,Focused regulars
USER-0288,ITEM-036,2025-01-31T17:00:00+00:00,1.0,open,Broad enthusiasts
USER-0306,ITEM-054,2025-02-01T10:00:00+00:00,1.0,open,Broad enthusiasts
USER-0022,ITEM-017,2025-02-01T14:00:00+00:00,1.0,open,New explorers
USER-0072,ITEM-036,2025-02-01T18:00:00+00:00,3.0,complete,Broad enthusiasts
USER-0198,ITEM-051,2025-02-01T18:01:00+00:00,1.0,open,Broad enthusiasts
USER-0158,ITEM-019,2025-02-01T21:01:00+00:00,1.0,open,Focused regulars
USER-0261,ITEM-060,2025-02-02T07:01:00+00:00,1.0,open,Broad enthusiasts
USER-0050,ITEM-039,2025-02-02T08:00:00+00:00,1.0,open,Focused regulars
USER-0300,ITEM-020,2025-02-02T10:01:00+00:00,2.0,save,Broad enthusiasts
USER-0023,ITEM-017,2025-02-02T12:02:00+00:00,3.0,complete,Focused regulars
USER-0080,ITEM-042,2025-02-02T16:06:00+00:00,1.0,open,Focused regulars
USER-0159,ITEM-028,2025-02-02T20:02:00+00:00,1.0,open,Broad enthusiasts
USER-0140,ITEM-005,2025-02-03T09:00:00+00:00,1.0,open,Focused regulars
USER-0153,ITEM-049,2025-02-03T12:00:00+00:00,1.0,open,Broad enthusiasts
USER-0068,ITEM-034,2025-02-03T14:02:00+00:00,1.0,open,Focused regulars
USER-0227,ITEM-004,2025-02-03T15:01:00+00:00,3.0,complete,Focused regulars
USER-0230,ITEM-037,2025-02-03T17:00:00+00:00,1.0,open,Focused regulars
USER-0056,ITEM-032,2025-02-03T18:00:00+00:00,3.0,complete,Focused regulars
USER-0297,ITEM-002,2025-02-03T19:02:00+00:00,1.0,open,Broad enthusiasts
USER-0044,ITEM-034,2025-02-03T21:00:00+00:00,1.0,open,Focused regulars
USER-0303,ITEM-039,2025-02-04T08:00:00+00:00,1.0,open,Broad enthusiasts
USER-0130,ITEM-065,2025-02-04T10:01:00+00:00,2.0,save,New explorers
USER-0074,ITEM-041,2025-02-04T12:00:00+00:00,3.0,complete,Focused regulars
USER-0170,ITEM-005,2025-02-04T12:01:00+00:00,2.0,save,Focused regulars
USER-0164,ITEM-043,2025-02-04T13:02:00+00:00,2.0,save,Focused regulars
USER-0048,ITEM-016,2025-02-04T14:00:00+00:00,2.0,save,Broad enthusiasts
USER-0288,ITEM-040,2025-02-04T19:01:00+00:00,1.0,open,Broad enthusiasts
USER-0050,ITEM-018,2025-02-04T21:01:00+00:00,1.0,open,Focused regulars
USER-0216,ITEM-019,2025-02-04T22:00:00+00:00,1.0,open,Broad enthusiasts
USER-0022,ITEM-032,2025-02-04T22:01:00+00:00,2.0,save,New explorers
USER-0203,ITEM-031,2025-02-05T07:01:00+00:00,1.0,open,Focused regulars
USER-0150,ITEM-018,2025-02-05T09:00:00+00:00,3.0,complete,Broad enthusiasts
USER-0009,ITEM-042,2025-02-05T10:00:00+00:00,1.0,open,Broad enthusiasts
USER-0061,ITEM-026,2025-02-05T11:00:00+00:00,3.0,complete,New explorers
USER-0057,ITEM-044,2025-02-05T13:03:00+00:00,1.0,open,Broad enthusiasts
USER-0160,ITEM-049,2025-02-05T15:01:00+00:00,1.0,open,New explorers
USER-0185,ITEM-034,2025-02-05T15:02:00+00:00,1.0,open,Focused regulars
USER-0206,ITEM-045,2025-02-05T20:00:00+00:00,1.0,open,Focused regulars
USER-0231,ITEM-049,2025-02-05T20:02:00+00:00,1.0,open,Broad enthusiasts
USER-0279,ITEM-069,2025-02-05T21:01:00+00:00,3.0,complete,Broad enthusiasts
USER-0022,ITEM-096,2025-02-05T21:02:00+00:00,1.0,open,New explorers
USER-0077,ITEM-042,2025-02-06T09:01:00+00:00,3.0,complete,Focused regulars
USER-0297,ITEM-033,2025-02-06T09:03:00+00:00,1.0,open,Broad enthusiasts
USER-0022,ITEM-040,2025-02-06T10:03:00+00:00,3.0,complete,New explorers
USER-0068,ITEM-013,2025-02-06T10:03:00+00:00,3.0,complete,Focused regulars
USER-0067,ITEM-065,2025-02-06T15:02:00+00:00,1.0,open,New explorers
USER-0113,ITEM-003,2025-02-06T17:00:00+00:00,2.0,save,Focused regulars
USER-0158,ITEM-071,2025-02-06T17:02:00+00:00,1.0,open,Focused regulars
USER-0151,ITEM-054,2025-02-06T21:01:00+00:00,1.0,open,New explorers
USER-0249,ITEM-029,2025-02-06T22:00:00+00:00,1.0,open,Broad enthusiasts
USER-0203,ITEM-042,2025-02-07T07:02:00+00:00,2.0,save,Focused regulars
USER-0005,ITEM-026,2025-02-07T09:02:00+00:00,2.0,save,Focused regulars
USER-0153,ITEM-033,2025-02-07T10:01:00+00:00,1.0,open,Broad enthusiasts
USER-0240,ITEM-018,2025-02-07T14:00:00+00:00,1.0,open,Broad enthusiasts
USER-0138,ITEM-002,2025-02-07T16:01:00+00:00,1.0,open,Broad enthusiasts
USER-0162,ITEM-014,2025-02-07T17:00:00+00:00,1.0,open,Broad enthusiasts
USER-0176,ITEM-017,2025-02-07T18:00:00+00:00,2.0,save,Focused regulars
USER-0237,ITEM-004,2025-02-07T18:00:00+00:00,1.0,open,Broad enthusiasts
USER-0129,ITEM-035,2025-02-07T19:02:00+00:00,2.0,save,Broad enthusiasts
USER-0144,ITEM-037,2025-02-07T22:02:00+00:00,1.0,open,Broad enthusiasts
USER-0068,ITEM-042,2025-02-08T08:04:00+00:00,3.0,complete,Focused regulars
USER-0162,ITEM-005,2025-02-08T10:01:00+00:00,2.0,save,Broad enthusiasts
USER-0118,ITEM-037,2025-02-08T13:00:00+00:00,1.0,open,New explorers
USER-0151,ITEM-010,2025-02-08T13:02:00+00:00,2.0,save,New explorers
USER-0115,ITEM-039,2025-02-08T15:00:00+00:00,1.0,open,New explorers
USER-0235,ITEM-002,2025-02-08T15:00:00+00:00,1.0,open,New explorers
USER-0249,ITEM-055,2025-02-08T21:01:00+00:00,1.0,open,Broad enthusiasts
USER-0122,ITEM-017,2025-02-09T12:00:00+00:00,2.0,save,Focused regulars
USER-0303,ITEM-071,2025-02-09T18:01:00+00:00,1.0,open,Broad enthusiasts
USER-0008,ITEM-020,2025-02-09T19:00:00+00:00,2.0,save,Focused regulars
USER-0061,ITEM-042,2025-02-09T19:01:00+00:00,2.0,save,New explorers
USER-0156,ITEM-026,2025-02-09T22:02:00+00:00,1.0,open,Broad enthusiasts
USER-0017,ITEM-049,2025-02-10T07:00:00+00:00,1.0,open,Focused regulars
USER-0297,ITEM-013,2025-02-10T09:04:00+00:00,1.0,open,Broad enthusiasts
USER-0015,ITEM-014,2025-02-10T13:01:00+00:00,3.0,complete,Broad enthusiasts
USER-0173,ITEM-004,2025-02-10T15:00:00+00:00,1.0,open,Focused regulars
USER-0301,ITEM-025,2025-02-10T16:00:00+00:00,1.0,open,New explorers
USER-0008,ITEM-028,2025-02-10T16:01:00+00:00,1.0,open,Focused regulars
USER-0235,ITEM-052,2025-02-10T17:01:00+00:00,3.0,complete,New explorers
USER-0161,ITEM-027,2025-02-10T19:01:00+00:00,1.0,open,Focused regulars
USER-0042,ITEM-005,2025-02-10T19:02:00+00:00,2.0,save,Broad enthusiasts
USER-0317,ITEM-028,2025-02-10T21:01:00+00:00,2.0,save,Focused regulars
USER-0081,ITEM-025,2025-02-11T09:00:00+00:00,1.0,open,Broad enthusiasts
USER-0050,ITEM-019,2025-02-11T09:02:00+00:00,2.0,save,Focused regulars
USER-0129,ITEM-018,2025-02-11T09:03:00+00:00,2.0,save,Broad enthusiasts
USER-0144,ITEM-052,2025-02-11T12:03:00+00:00,2.0,save,Broad enthusiasts
USER-0156,ITEM-019,2025-02-11T12:03:00+00:00,3.0,complete,Broad enthusiasts
USER-0225,ITEM-025,2025-02-11T16:00:00+00:00,1.0,open,Broad enthusiasts
USER-0318,ITEM-027,2025-02-11T19:00:00+00:00,1.0,open,Broad enthusiasts
USER-0065,ITEM-032,2025-02-12T08:00:00+00:00,2.0,save,Focused regulars
USER-0156,ITEM-002,2025-02-12T09:04:00+00:00,3.0,complete,Broad enthusiasts
USER-0240,ITEM-016,2025-02-12T10:01:00+00:00,1.0,open,Broad enthusiasts
USER-0162,ITEM-022,2025-02-12T10:02:00+00:00,3.0,complete,Broad enthusiasts
USER-0288,ITEM-025,2025-02-12T10:02:00+00:00,2.0,save,Broad enthusiasts
USER-0042,ITEM-029,2025-02-12T11:03:00+00:00,2.0,save,Broad enthusiasts
USER-0311,ITEM-030,2025-02-12T12:01:00+00:00,3.0,complete,Focused regulars
USER-0164,ITEM-044,2025-02-12T13:03:00+00:00,1.0,open,Focused regulars
USER-0110,ITEM-004,2025-02-12T16:00:00+00:00,1.0,open,Focused regulars
USER-0050,ITEM-020,2025-02-12T16:03:00+00:00,1.0,open,Focused regulars
USER-0043,ITEM-022,2025-02-12T19:00:00+00:00,3.0,complete,New explorers
USER-0181,ITEM-006,2025-02-12T19:01:00+00:00,1.0,open,New explorers
USER-0305,ITEM-041,2025-02-12T20:00:00+00:00,1.0,open,Focused regulars
USER-0138,ITEM-028,2025-02-12T21:02:00+00:00,1.0,open,Broad enthusiasts
USER-0176,ITEM-044,2025-02-13T08:01:00+00:00,1.0,open,Focused regulars
USER-0318,ITEM-034,2025-02-13T10:01:00+00:00,1.0,open,Broad enthusiasts
USER-0057,ITEM-045,2025-02-13T10:04:00+00:00,3.0,complete,Broad enthusiasts
USER-0240,ITEM-020,2025-02-13T11:02:00+00:00,1.0,open,Broad enthusiasts
USER-0164,ITEM-008,2025-02-13T11:04:00+00:00,2.0,save,Focused regulars
USER-0209,ITEM-026,2025-02-13T13:00:00+00:00,3.0,complete,Focused regulars
USER-0173,ITEM-003,2025-02-13T15:01:00+00:00,1.0,open,Focused regulars
USER-0185,ITEM-017,2025-02-13T15:03:00+00:00,1.0,open,Focused regulars
USER-0107,ITEM-051,2025-02-13T16:00:00+00:00,1.0,open,Focused regulars
USER-0120,ITEM-007,2025-02-13T16:00:00+00:00,1.0,open,Broad enthusiasts
USER-0158,ITEM-034,2025-02-13T18:03:00+00:00,1.0,open,Focused regulars
USER-0314,ITEM-040,2025-02-13T20:00:00+00:00,1.0,open,Focused regulars
USER-0213,ITEM-019,2025-02-13T21:00:00+00:00,1.0,open,Broad enthusiasts
USER-0134,ITEM-058,2025-02-13T22:00:00+00:00,1.0,open,Focused regulars
USER-0207,ITEM-040,2025-02-13T22:00:00+00:00,1.0,open,Broad enthusiasts
USER-0291,ITEM-039,2025-02-13T22:03:00+00:00,1.0,open,Broad enthusiasts
USER-0206,ITEM-036,2025-02-14T07:01:00+00:00,2.0,save,Focused regulars
USER-0153,ITEM-054,2025-02-14T07:02:00+00:00,3.0,complete,Broad enthusiasts
USER-0320,ITEM-052,2025-02-14T08:00:00+00:00,2.0,save,Focused regulars
USER-0311,ITEM-021,2025-02-14T08:02:00+00:00,1.0,open,Focused regulars
USER-0237,ITEM-052,2025-02-14T10:01:00+00:00,1.0,open,Broad enthusiasts
USER-0050,ITEM-082,2025-02-14T11:04:00+00:00,1.0,open,Focused regulars
USER-0185,ITEM-082,2025-02-14T12:04:00+00:00,1.0,open,Focused regulars
USER-0267,ITEM-038,2025-02-14T13:00:00+00:00,3.0,complete,Broad enthusiasts
USER-0039,ITEM-005,2025-02-14T13:01:00+00:00,1.0,open,Broad enthusiasts
USER-0280,ITEM-037,2025-02-14T14:01:00+00:00,1.0,open,New explorers
USER-0156,ITEM-052,2025-02-14T17:05:00+00:00,1.0,open,Broad enthusiasts
USER-0255,ITEM-027,2025-02-14T18:02:00+00:00,2.0,save,Broad enthusiasts
USER-0200,ITEM-055,2025-02-14T18:03:00+00:00,1.0,open,Focused regulars
USER-0091,ITEM-052,2025-02-14T19:01:00+00:00,2.0,save,New explorers
USER-0140,ITEM-023,2025-02-14T21:01:00+00:00,2.0,save,Focused regulars
USER-0102,ITEM-040,2025-02-14T22:01:00+00:00,1.0,open,Broad enthusiasts
USER-0056,ITEM-051,2025-02-15T09:01:00+00:00,1.0,open,Focused regulars
USER-0209,ITEM-058,2025-02-15T11:01:00+00:00,1.0,open,Focused regulars
USER-0302,ITEM-043,2025-02-15T16:00:00+00:00,1.0,open,Focused regulars
USER-0032,ITEM-028,2025-02-15T19:00:00+00:00,3.0,complete,Focused regulars
USER-0035,ITEM-016,2025-02-15T19:01:00+00:00,1.0,open,Focused regulars
USER-0081,ITEM-060,2025-02-15T22:01:00+00:00,1.0,open,Broad enthusiasts
USER-0164,ITEM-016,2025-02-15T22:05:00+00:00,1.0,open,Focused regulars
USER-0160,ITEM-082,2025-02-16T07:02:00+00:00,2.0,save,New explorers
USER-0084,ITEM-039,2025-02-16T08:00:00+00:00,1.0,open,Broad enthusiasts
USER-0137,ITEM-057,2025-02-16T08:00:00+00:00,2.0,save,Focused regulars
USER-0029,ITEM-049,2025-02-16T13:00:00+00:00,2.0,save,Focused regulars
USER-0093,ITEM-019,2025-02-16T13:00:00+00:00,2.0,save,Broad enthusiasts
USER-0306,ITEM-005,2025-02-16T13:01:00+00:00,3.0,complete,Broad enthusiasts
USER-0140,ITEM-029,2025-02-16T15:02:00+00:00,2.0,save,Focused regulars
USER-0017,ITEM-004,2025-02-16T16:01:00+00:00,1.0,open,Focused regulars
USER-0213,ITEM-026,2025-02-16T16:01:00+00:00,1.0,open,Broad enthusiasts
USER-0162,ITEM-054,2025-02-16T21:03:00+00:00,1.0,open,Broad enthusiasts
USER-0105,ITEM-006,2025-02-17T07:00:00+00:00,2.0,save,Broad enthusiasts
USER-0159,ITEM-058,2025-02-17T07:03:00+00:00,3.0,complete,Broad enthusiasts
USER-0315,ITEM-011,2025-02-17T12:00:00+00:00,1.0,open,Broad enthusiasts
USER-0026,ITEM-002,2025-02-17T12:01:00+00:00,1.0,open,Focused regulars
USER-0203,ITEM-035,2025-02-17T12:03:00+00:00,1.0,open,Focused regulars
USER-0081,ITEM-065,2025-02-17T15:02:00+00:00,1.0,open,Broad enthusiasts
USER-0200,ITEM-042,2025-02-17T15:04:00+00:00,1.0,open,Focused regulars
USER-0132,ITEM-019,2025-02-17T16:00:00+00:00,2.0,save,Broad enthusiasts
USER-0219,ITEM-004,2025-02-17T17:00:00+00:00,1.0,open,Broad enthusiasts
USER-0230,ITEM-044,2025-02-17T17:01:00+00:00,2.0,save,Focused regulars
USER-0129,ITEM-033,2025-02-17T18:04:00+00:00,1.0,open,Broad enthusiasts
USER-0143,ITEM-054,2025-02-17T20:00:00+00:00,2.0,save,Focused regulars
USER-0104,ITEM-005,2025-02-17T21:00:00+00:00,1.0,open,Focused regulars
USER-0113,ITEM-049,2025-02-18T07:01:00+00:00,1.0,open,Focused regulars
USER-0179,ITEM-002,2025-02-18T08:00:00+00:00,1.0,open,Focused regulars
USER-0260,ITEM-060,2025-02-18T10:01:00+00:00,2.0,save,Focused regulars
USER-0189,ITEM-034,2025-02-18T11:01:00+00:00,1.0,open,Broad enthusiasts
USER-0019,ITEM-017,2025-02-18T13:00:00+00:00,1.0,open,New explorers
USER-0067,ITEM-011,2025-02-18T16:03:00+00:00,3.0,complete,New explorers
USER-0075,ITEM-042,2025-02-18T17:00:00+00:00,3.0,complete,Broad enthusiasts
USER-0281,ITEM-026,2025-02-18T18:01:00+00:00,1.0,open,Focused regulars
USER-0119,ITEM-002,2025-02-18T19:00:00+00:00,1.0,open,Focused regulars
USER-0122,ITEM-058,2025-02-18T19:01:00+00:00,1.0,open,Focused regulars
USER-0150,ITEM-016,2025-02-18T20:01:00+00:00,1.0,open,Broad enthusiasts
USER-0083,ITEM-040,2025-02-18T21:00:00+00:00,3.0,complete,Focused regulars
USER-0088,ITEM-014,2025-02-18T22:01:00+00:00,3.0,complete,New explorers
USER-0261,ITEM-028,2025-02-18T22:02:00+00:00,1.0,open,Broad enthusiasts
USER-0080,ITEM-058,2025-02-18T22:07:00+00:00,1.0,open,Focused regulars
USER-0264,ITEM-011,2025-02-19T07:00:00+00:00,1.0,open,Broad enthusiasts
USER-0307,ITEM-040,2025-02-19T07:00:00+00:00,1.0,open,New explorers
USER-0297,ITEM-049,2025-02-19T08:05:00+00:00,1.0,open,Broad enthusiasts
USER-0278,ITEM-037,2025-02-19T09:00:00+00:00,1.0,open,Focused regulars
USER-0317,ITEM-039,2025-02-19T10:02:00+00:00,3.0,complete,Focused regulars
USER-0312,ITEM-082,2025-02-19T11:01:00+00:00,2.0,save,Broad enthusiasts
USER-0061,ITEM-069,2025-02-19T12:02:00+00:00,1.0,open,New explorers
USER-0235,ITEM-069,2025-02-19T12:02:00+00:00,1.0,open,New explorers
USER-0144,ITEM-044,2025-02-19T12:04:00+00:00,1.0,open,Broad enthusiasts
USER-0080,ITEM-071,2025-02-19T12:08:00+00:00,1.0,open,Focused regulars
USER-0140,ITEM-004,2025-02-19T13:03:00+00:00,2.0,save,Focused regulars
USER-0261,ITEM-039,2025-02-19T13:03:00+00:00,1.0,open,Broad enthusiasts
USER-0162,ITEM-033,2025-02-19T13:04:00+00:00,1.0,open,Broad enthusiasts
USER-0306,ITEM-039,2025-02-19T15:02:00+00:00,1.0,open,Broad enthusiasts
USER-0102,ITEM-045,2025-02-19T16:02:00+00:00,1.0,open,Broad enthusiasts
USER-0008,ITEM-025,2025-02-19T19:02:00+00:00,1.0,open,Focused regulars
USER-0207,ITEM-052,2025-02-19T21:01:00+00:00,1.0,open,Broad enthusiasts
USER-0206,ITEM-032,2025-02-19T22:02:00+00:00,3.0,complete,Focused regulars
USER-0019,ITEM-037,2025-02-20T08:01:00+00:00,2.0,save,New explorers
USER-0315,ITEM-016,2025-02-20T11:01:00+00:00,2.0,save,Broad enthusiasts
USER-0162,ITEM-025,2025-02-20T11:05:00+00:00,1.0,open,Broad enthusiasts
USER-0249,ITEM-039,2025-02-20T12:02:00+00:00,1.0,open,Broad enthusiasts
USER-0281,ITEM-009,2025-02-20T16:02:00+00:00,3.0,complete,Focused regulars
USER-0143,ITEM-025,2025-02-20T19:01:00+00:00,1.0,open,Focused regulars
USER-0065,ITEM-005,2025-02-20T20:01:00+00:00,1.0,open,Focused regulars
USER-0144,ITEM-011,2025-02-21T07:05:00+00:00,3.0,complete,Broad enthusiasts
USER-0137,ITEM-002,2025-02-21T10:01:00+00:00,1.0,open,Focused regulars
USER-0149,ITEM-030,2025-02-21T11:00:00+00:00,2.0,save,Focused regulars
USER-0067,ITEM-037,2025-02-21T11:04:00+00:00,1.0,open,New explorers
USER-0017,ITEM-026,2025-02-21T12:02:00+00:00,1.0,open,Focused regulars
USER-0312,ITEM-019,2025-02-21T15:02:00+00:00,3.0,complete,Broad enthusiasts
USER-0315,ITEM-024,2025-02-21T17:02:00+00:00,1.0,open,Broad enthusiasts
USER-0066,ITEM-025,2025-02-21T18:00:00+00:00,1.0,open,Broad enthusiasts
USER-0119,ITEM-044,2025-02-21T18:01:00+00:00,2.0,save,Focused regulars
USER-0234,ITEM-055,2025-02-21T20:01:00+00:00,1.0,open,Broad enthusiasts
USER-0074,ITEM-037,2025-02-21T21:01:00+00:00,1.0,open,Focused regulars
USER-0230,ITEM-049,2025-02-21T21:02:00+00:00,1.0,open,Focused regulars
USER-0267,ITEM-025,2025-02-22T07:01:00+00:00,1.0,open,Broad enthusiasts
USER-0008,ITEM-052,2025-02-22T08:03:00+00:00,2.0,save,Focused regulars
USER-0149,ITEM-069,2025-02-22T10:01:00+00:00,1.0,open,Focused regulars
USER-0290,ITEM-025,2025-02-22T11:03:00+00:00,1.0,open,Focused regulars
USER-0093,ITEM-004,2025-02-22T12:01:00+00:00,2.0,save,Broad enthusiasts
USER-0318,ITEM-003,2025-02-22T12:02:00+00:00,3.0,complete,Broad enthusiasts
USER-0130,ITEM-017,2025-02-22T14:02:00+00:00,1.0,open,New explorers
USER-0075,ITEM-018,2025-02-22T15:01:00+00:00,2.0,save,Broad enthusiasts
USER-0030,ITEM-045,2025-02-22T16:00:00+00:00,1.0,open,Broad enthusiasts
USER-0279,ITEM-057,2025-02-22T19:02:00+00:00,1.0,open,Broad enthusiasts
USER-0200,ITEM-053,2025-02-22T22:05:00+00:00,3.0,complete,Focused regulars
USER-0188,ITEM-012,2025-02-23T07:00:00+00:00,1.0,open,Focused regulars
USER-0149,ITEM-037,2025-02-23T07:02:00+00:00,1.0,open,Focused regulars
USER-0213,ITEM-013,2025-02-23T07:02:00+00:00,1.0,open,Broad enthusiasts
USER-0318,ITEM-009,2025-02-23T07:03:00+00:00,1.0,open,Broad enthusiasts
USER-0065,ITEM-033,2025-02-23T10:02:00+00:00,2.0,save,Focused regulars
USER-0209,ITEM-034,2025-02-23T10:02:00+00:00,1.0,open,Focused regulars
USER-0105,ITEM-046,2025-02-23T12:01:00+00:00,1.0,open,Broad enthusiasts
USER-0224,ITEM-024,2025-02-23T14:00:00+00:00,2.0,save,Focused regulars
USER-0210,ITEM-069,2025-02-23T15:00:00+00:00,1.0,open,Broad enthusiasts
USER-0291,ITEM-035,2025-02-23T15:04:00+00:00,1.0,open,Broad enthusiasts
USER-0098,ITEM-034,2025-02-23T16:00:00+00:00,1.0,open,Focused regulars
USER-0269,ITEM-026,2025-02-23T16:00:00+00:00,1.0,open,Focused regulars
USER-0166,ITEM-052,2025-02-23T18:00:00+00:00,2.0,save,New explorers
USER-0015,ITEM-031,2025-02-23T18:02:00+00:00,1.0,open,Broad enthusiasts
USER-0249,ITEM-011,2025-02-23T21:03:00+00:00,2.0,save,Broad enthusiasts
USER-0150,ITEM-002,2025-02-23T22:02:00+00:00,3.0,complete,Broad enthusiasts
USER-0003,ITEM-027,2025-02-24T09:00:00+00:00,2.0,save,Broad enthusiasts
USER-0269,ITEM-016,2025-02-24T09:01:00+00:00,3.0,complete,Focused regulars
USER-0272,ITEM-029,2025-02-24T09:01:00+00:00,3.0,complete,Focused regulars
USER-0280,ITEM-004,2025-02-24T10:02:00+00:00,1.0,open,New explorers
USER-0008,ITEM-005,2025-02-24T12:04:00+00:00,3.0,complete,Focused regulars
USER-0181,ITEM-019,2025-02-24T16:02:00+00:00,1.0,open,New explorers
USER-0150,ITEM-039,2025-02-24T16:03:00+00:00,1.0,open,Broad enthusiasts
USER-0314,ITEM-039,2025-02-24T17:01:00+00:00,3.0,complete,Focused regulars
USER-0061,ITEM-031,2025-02-24T18:03:00+00:00,1.0,open,New explorers
USER-0110,ITEM-025,2025-02-24T19:01:00+00:00,1.0,open,Focused regulars
USER-0088,ITEM-022,2025-02-24T19:02:00+00:00,2.0,save,New explorers
USER-0222,ITEM-060,2025-02-24T22:00:00+00:00,2.0,save,Broad enthusiasts
USER-0201,ITEM-015,2025-02-25T08:00:00+00:00,1.0,open,Broad enthusiasts
USER-0104,ITEM-014,2025-02-25T09:01:00+00:00,2.0,save,Focused regulars
USER-0181,ITEM-013,2025-02-25T11:03:00+00:00,3.0,complete,New explorers
USER-0009,ITEM-044,2025-02-25T16:01:00+00:00,2.0,save,Broad enthusiasts
USER-0072,ITEM-006,2025-02-25T16:01:00+00:00,2.0,save,Broad enthusiasts
USER-0001,ITEM-040,2025-02-25T21:01:00+00:00,1.0,open,New explorers
USER-0186,ITEM-041,2025-02-26T07:02:00+00:00,1.0,open,Broad enthusiasts
USER-0269,ITEM-044,2025-02-26T08:02:00+00:00,3.0,complete,Focused regulars
USER-0061,ITEM-078,2025-02-26T08:04:00+00:00,1.0,open,New explorers
USER-0239,ITEM-034,2025-02-26T09:00:00+00:00,1.0,open,Focused regulars
USER-0113,ITEM-040,2025-02-26T09:02:00+00:00,1.0,open,Focused regulars
USER-0141,ITEM-027,2025-02-26T09:02:00+00:00,1.0,open,Broad enthusiasts
USER-0295,ITEM-090,2025-02-26T10:00:00+00:00,3.0,complete,New explorers
USER-0072,ITEM-049,2025-02-26T17:02:00+00:00,1.0,open,Broad enthusiasts
USER-0223,ITEM-041,2025-02-26T19:00:00+00:00,2.0,save,New explorers
USER-0056,ITEM-015,2025-02-26T19:02:00+00:00,1.0,open,Focused regulars
USER-0123,ITEM-060,2025-02-26T20:00:00+00:00,1.0,open,Broad enthusiasts
USER-0003,ITEM-017,2025-02-26T20:01:00+00:00,1.0,open,Broad enthusiasts
USER-0260,ITEM-037,2025-02-26T20:02:00+00:00,1.0,open,Focused regulars
USER-0125,ITEM-028,2025-02-27T11:00:00+00:00,1.0,open,Focused regulars
USER-0228,ITEM-044,2025-02-27T11:00:00+00:00,3.0,complete,Broad enthusiasts
USER-0261,ITEM-032,2025-02-27T11:04:00+00:00,1.0,open,Broad enthusiasts
USER-0026,ITEM-019,2025-02-27T12:02:00+00:00,1.0,open,Focused regulars
USER-0022,ITEM-050,2025-02-27T12:04:00+00:00,1.0,open,New explorers
USER-0061,ITEM-033,2025-02-27T12:05:00+00:00,1.0,open,New explorers
USER-0036,ITEM-052,2025-02-27T13:00:00+00:00,1.0,open,Broad enthusiasts
USER-0123,ITEM-058,2025-02-27T14:01:00+00:00,1.0,open,Broad enthusiasts
USER-0198,ITEM-021,2025-02-27T14:02:00+00:00,2.0,save,Broad enthusiasts
USER-0150,ITEM-052,2025-02-27T14:04:00+00:00,2.0,save,Broad enthusiasts
USER-0055,ITEM-045,2025-02-27T17:00:00+00:00,1.0,open,New explorers
USER-0237,ITEM-020,2025-02-27T19:02:00+00:00,1.0,open,Broad enthusiasts
USER-0059,ITEM-082,2025-02-27T20:00:00+00:00,1.0,open,Focused regulars
USER-0083,ITEM-037,2025-02-27T20:01:00+00:00,1.0,open,Focused regulars
USER-0269,ITEM-002,2025-02-28T09:03:00+00:00,1.0,open,Focused regulars
USER-0181,ITEM-047,2025-02-28T09:04:00+00:00,2.0,save,New explorers
USER-0266,ITEM-033,2025-02-28T12:00:00+00:00,1.0,open,Focused regulars
USER-0300,ITEM-037,2025-02-28T13:02:00+00:00,2.0,save,Broad enthusiasts
USER-0199,ITEM-024,2025-02-28T14:00:00+00:00,1.0,open,New explorers
USER-0030,ITEM-013,2025-02-28T16:01:00+00:00,2.0,save,Broad enthusiasts
USER-0107,ITEM-038,2025-02-28T16:01:00+00:00,2.0,save,Focused regulars
USER-0260,ITEM-021,2025-02-28T16:03:00+00:00,1.0,open,Focused regulars
USER-0261,ITEM-082,2025-02-28T17:05:00+00:00,2.0,save,Broad enthusiasts
USER-0195,ITEM-020,2025-02-28T18:00:00+00:00,2.0,save,Broad enthusiasts
USER-0231,ITEM-044,2025-02-28T22:03:00+00:00,2.0,save,Broad enthusiasts
USER-0041,ITEM-054,2025-03-01T08:00:00+00:00,2.0,save,Focused regulars
USER-0256,ITEM-038,2025-03-01T11:00:00+00:00,1.0,open,New explorers
USER-0036,ITEM-018,2025-03-01T11:01:00+00:00,1.0,open,Broad enthusiasts
USER-0290,ITEM-016,2025-03-01T14:04:00+00:00,3.0,complete,Focused regulars
USER-0053,ITEM-031,2025-03-01T16:00:00+00:00,1.0,open,Focused regulars
USER-0059,ITEM-049,2025-03-01T21:01:00+00:00,2.0,save,Focused regulars
USER-0211,ITEM-004,2025-03-01T22:00:00+00:00,1.0,open,New explorers
USER-0180,ITEM-001,2025-03-02T08:00:00+00:00,2.0,save,Broad enthusiasts
USER-0261,ITEM-044,2025-03-02T08:06:00+00:00,1.0,open,Broad enthusiasts
USER-0054,ITEM-002,2025-03-02T09:00:00+00:00,1.0,open,Broad enthusiasts
USER-0111,ITEM-056,2025-03-02T12:00:00+00:00,1.0,open,Broad enthusiasts
USER-0099,ITEM-042,2025-03-02T12:01:00+00:00,2.0,save,Broad enthusiasts
USER-0101,ITEM-014,2025-03-02T12:01:00+00:00,3.0,complete,Focused regulars
USER-0203,ITEM-038,2025-03-02T13:04:00+00:00,2.0,save,Focused regulars
USER-0231,ITEM-017,2025-03-02T15:04:00+00:00,1.0,open,Broad enthusiasts
USER-0297,ITEM-018,2025-03-02T15:06:00+00:00,2.0,save,Broad enthusiasts
USER-0041,ITEM-049,2025-03-02T16:01:00+00:00,3.0,complete,Focused regulars
USER-0239,ITEM-023,2025-03-02T16:01:00+00:00,1.0,open,Focused regulars
USER-0318,ITEM-023,2025-03-02T16:04:00+00:00,2.0,save,Broad enthusiasts
USER-0291,ITEM-032,2025-03-02T16:05:00+00:00,2.0,save,Broad enthusiasts
USER-0059,ITEM-052,2025-03-02T18:02:00+00:00,1.0,open,Focused regulars
USER-0036,ITEM-082,2025-03-02T19:02:00+00:00,2.0,save,Broad enthusiasts
USER-0266,ITEM-027,2025-03-02T20:01:00+00:00,1.0,open,Focused regulars
USER-0198,ITEM-007,2025-03-02T20:03:00+00:00,1.0,open,Broad enthusiasts
USER-0042,ITEM-033,2025-03-02T20:04:00+00:00,1.0,open,Broad enthusiasts
USER-0144,ITEM-012,2025-03-02T22:06:00+00:00,1.0,open,Broad enthusiasts
USER-0153,ITEM-017,2025-03-03T10:03:00+00:00,2.0,save,Broad enthusiasts
USER-0187,ITEM-015,2025-03-03T11:00:00+00:00,1.0,open,New explorers
USER-0110,ITEM-049,2025-03-03T11:02:00+00:00,3.0,complete,Focused regulars
USER-0041,ITEM-012,2025-03-03T15:02:00+00:00,2.0,save,Focused regulars
USER-0264,ITEM-004,2025-03-03T16:01:00+00:00,1.0,open,Broad enthusiasts
USER-0303,ITEM-060,2025-03-03T18:02:00+00:00,1.0,open,Broad enthusiasts
USER-0237,ITEM-002,2025-03-03T18:03:00+00:00,1.0,open,Broad enthusiasts
USER-0281,ITEM-034,2025-03-03T19:03:00+00:00,2.0,save,Focused regulars
USER-0073,ITEM-060,2025-03-03T20:00:00+00:00,1.0,open,New explorers
USER-0132,ITEM-065,2025-03-03T20:01:00+00:00,1.0,open,Broad enthusiasts
USER-0088,ITEM-054,2025-03-03T20:03:00+00:00,3.0,complete,New explorers
USER-0013,ITEM-004,2025-03-03T21:00:00+00:00,1.0,open,New explorers
USER-0265,ITEM-046,2025-03-03T21:00:00+00:00,1.0,open,New explorers
USER-0263,ITEM-002,2025-03-03T22:00:00+00:00,3.0,complete,Focused regulars
USER-0261,ITEM-040,2025-03-03T22:07:00+00:00,1.0,open,Broad enthusiasts
USER-0047,ITEM-049,2025-03-04T08:00:00+00:00,3.0,complete,Focused regulars
USER-0032,ITEM-016,2025-03-04T09:01:00+00:00,2.0,save,Focused regulars
USER-0255,ITEM-052,2025-03-04T10:03:00+00:00,2.0,save,Broad enthusiasts
USER-0104,ITEM-011,2025-03-04T12:02:00+00:00,1.0,open,Focused regulars
USER-0266,ITEM-050,2025-03-04T13:02:00+00:00,3.0,complete,Focused regulars
USER-0045,ITEM-028,2025-03-04T17:00:00+00:00,3.0,complete,Broad enthusiasts
USER-0267,ITEM-040,2025-03-04T18:02:00+00:00,1.0,open,Broad enthusiasts
USER-0301,ITEM-004,2025-03-04T20:01:00+00:00,1.0,open,New explorers
USER-0153,ITEM-055,2025-03-04T20:04:00+00:00,2.0,save,Broad enthusiasts
USER-0245,ITEM-026,2025-03-04T22:00:00+00:00,1.0,open,Focused regulars
USER-0150,ITEM-060,2025-03-05T07:05:00+00:00,1.0,open,Broad enthusiasts
USER-0132,ITEM-002,2025-03-05T08:02:00+00:00,1.0,open,Broad enthusiasts
USER-0052,ITEM-002,2025-03-05T09:00:00+00:00,1.0,open,New explorers
USER-0159,ITEM-020,2025-03-05T10:04:00+00:00,1.0,open,Broad enthusiasts
USER-0142,ITEM-042,2025-03-05T12:00:00+00:00,1.0,open,New explorers
USER-0315,ITEM-044,2025-03-05T14:03:00+00:00,1.0,open,Broad enthusiasts
USER-0120,ITEM-016,2025-03-05T16:01:00+00:00,2.0,save,Broad enthusiasts
USER-0091,ITEM-045,2025-03-05T16:02:00+00:00,1.0,open,New explorers
USER-0077,ITEM-037,2025-03-05T17:02:00+00:00,2.0,save,Focused regulars
USER-0066,ITEM-037,2025-03-05T18:01:00+00:00,1.0,open,Broad enthusiasts
USER-0276,ITEM-038,2025-03-05T19:00:00+00:00,2.0,save,Broad enthusiasts
USER-0111,ITEM-024,2025-03-05T20:01:00+00:00,1.0,open,Broad enthusiasts
USER-0307,ITEM-046,2025-03-05T21:01:00+00:00,1.0,open,New explorers
USER-0030,ITEM-037,2025-03-05T21:02:00+00:00,1.0,open,Broad enthusiasts
USER-0160,ITEM-038,2025-03-05T22:03:00+00:00,1.0,open,New explorers
USER-0010,ITEM-033,2025-03-06T07:00:00+00:00,1.0,open,New explorers
USER-0203,ITEM-013,2025-03-06T07:05:00+00:00,1.0,open,Focused regulars
USER-0199,ITEM-016,2025-03-06T08:01:00+00:00,3.0,complete,New explorers
USER-0150,ITEM-037,2025-03-06T09:06:00+00:00,1.0,open,Broad enthusiasts
USER-0249,ITEM-006,2025-03-06T10:04:00+00:00,1.0,open,Broad enthusiasts
USER-0132,ITEM-028,2025-03-06T13:03:00+00:00,1.0,open,Broad enthusiasts
USER-0116,ITEM-071,2025-03-06T14:00:00+00:00,2.0,save,Focused regulars
USER-0180,ITEM-030,2025-03-06T17:01:00+00:00,3.0,complete,Broad enthusiasts
USER-0057,ITEM-021,2025-03-06T17:05:00+00:00,1.0,open,Broad enthusiasts
USER-0246,ITEM-014,2025-03-06T21:00:00+00:00,2.0,save,Broad enthusiasts
USER-0123,ITEM-028,2025-03-06T21:02:00+00:00,1.0,open,Broad enthusiasts
USER-0091,ITEM-033,2025-03-06T21:03:00+00:00,1.0,open,New explorers
USER-0109,ITEM-046,2025-03-06T22:00:00+00:00,1.0,open,New explorers
USER-0075,ITEM-037,2025-03-06T22:02:00+00:00,1.0,open,Broad enthusiasts
USER-0195,ITEM-071,2025-03-07T07:01:00+00:00,2.0,save,Broad enthusiasts
USER-0047,ITEM-004,2025-03-07T09:01:00+00:00,1.0,open,Focused regulars
USER-0153,ITEM-036,2025-03-07T10:05:00+00:00,1.0,open,Broad enthusiasts
USER-0178,ITEM-028,2025-03-07T12:00:00+00:00,2.0,save,New explorers
USER-0049,ITEM-016,2025-03-07T17:00:00+00:00,1.0,open,New explorers
USER-0045,ITEM-055,2025-03-07T17:01:00+00:00,1.0,open,Broad enthusiasts
USER-0017,ITEM-027,2025-03-07T17:03:00+00:00,1.0,open,Focused regulars
USER-0245,ITEM-002,2025-03-07T19:01:00+00:00,1.0,open,Focused regulars
USER-0041,ITEM-052,2025-03-07T19:03:00+00:00,2.0,save,Focused regulars
USER-0138,ITEM-010,2025-03-07T19:03:00+00:00,2.0,save,Broad enthusiasts
USER-0103,ITEM-037,2025-03-07T20:02:00+00:00,1.0,open,New explorers
USER-0237,ITEM-044,2025-03-07T20:04:00+00:00,1.0,open,Broad enthusiasts
USER-0027,ITEM-033,2025-03-07T21:00:00+00:00,1.0,open,Broad enthusiasts
USER-0265,ITEM-032,2025-03-07T21:01:00+00:00,1.0,open,New explorers
USER-0132,ITEM-027,2025-03-08T08:04:00+00:00,2.0,save,Broad enthusiasts
USER-0003,ITEM-028,2025-03-08T11:02:00+00:00,1.0,open,Broad enthusiasts
USER-0195,ITEM-060,2025-03-08T12:02:00+00:00,1.0,open,Broad enthusiasts
USER-0026,ITEM-022,2025-03-08T13:03:00+00:00,1.0,open,Focused regulars
USER-0096,ITEM-045,2025-03-08T14:00:00+00:00,1.0,open,Broad enthusiasts
USER-0063,ITEM-032,2025-03-08T15:00:00+00:00,2.0,save,Broad enthusiasts
USER-0207,ITEM-002,2025-03-08T15:02:00+00:00,2.0,save,Broad enthusiasts
USER-0317,ITEM-026,2025-03-08T16:03:00+00:00,1.0,open,Focused regulars
USER-0261,ITEM-022,2025-03-08T16:08:00+00:00,1.0,open,Broad enthusiasts
USER-0109,ITEM-037,2025-03-08T17:01:00+00:00,1.0,open,New explorers
USER-0056,ITEM-006,2025-03-08T18:03:00+00:00,3.0,complete,Focused regulars
USER-0011,ITEM-037,2025-03-08T19:02:00+00:00,1.0,open,Focused regulars
USER-0316,ITEM-049,2025-03-08T21:00:00+00:00,1.0,open,New explorers
USER-0175,ITEM-020,2025-03-08T22:00:00+00:00,3.0,complete,New explorers
USER-0294,ITEM-005,2025-03-08T22:00:00+00:00,2.0,save,Broad enthusiasts
USER-0284,ITEM-039,2025-03-09T08:00:00+00:00,3.0,complete,Focused regulars
USER-0281,ITEM-002,2025-03-09T08:04:00+00:00,1.0,open,Focused regulars
USER-0279,ITEM-015,2025-03-09T09:03:00+00:00,1.0,open,Broad enthusiasts
USER-0269,ITEM-082,2025-03-09T09:04:00+00:00,1.0,open,Focused regulars
USER-0198,ITEM-018,2025-03-09T10:04:00+00:00,1.0,open,Broad enthusiasts
USER-0211,ITEM-002,2025-03-09T12:01:00+00:00,1.0,open,New explorers
USER-0086,ITEM-032,2025-03-09T14:00:00+00:00,1.0,open,Focused regulars
USER-0213,ITEM-055,2025-03-09T15:03:00+00:00,1.0,open,Broad enthusiasts
USER-0237,ITEM-028,2025-03-09T15:05:00+00:00,3.0,complete,Broad enthusiasts
USER-0060,ITEM-052,2025-03-09T16:00:00+00:00,2.0,save,Broad enthusiasts
USER-0149,ITEM-005,2025-03-09T17:03:00+00:00,1.0,open,Focused regulars
USER-0276,ITEM-037,2025-03-09T18:01:00+00:00,1.0,open,Broad enthusiasts
USER-0068,ITEM-003,2025-03-09T18:05:00+00:00,3.0,complete,Focused regulars
USER-0098,ITEM-033,2025-03-09T21:01:00+00:00,1.0,open,Focused regulars
USER-0092,ITEM-004,2025-03-09T22:00:00+00:00,1.0,open,Focused regulars
USER-0288,ITEM-005,2025-03-09T22:03:00+00:00,1.0,open,Broad enthusiasts
USER-0012,ITEM-043,2025-03-10T07:00:00+00:00,2.0,save,Broad enthusiasts
USER-0204,ITEM-055,2025-03-10T08:00:00+00:00,1.0,open,Broad enthusiasts
USER-0055,ITEM-033,2025-03-10T09:01:00+00:00,2.0,save,New explorers
USER-0174,ITEM-055,2025-03-10T11:00:00+00:00,1.0,open,Broad enthusiasts
USER-0302,ITEM-032,2025-03-10T11:01:00+00:00,2.0,save,Focused regulars
USER-0113,ITEM-032,2025-03-10T11:03:00+00:00,3.0,complete,Focused regulars
USER-0042,ITEM-053,2025-03-10T11:05:00+00:00,2.0,save,Broad enthusiasts
USER-0054,ITEM-014,2025-03-10T13:01:00+00:00,2.0,save,Broad enthusiasts
USER-0143,ITEM-055,2025-03-10T16:02:00+00:00,3.0,complete,Focused regulars
USER-0152,ITEM-005,2025-03-10T20:00:00+00:00,1.0,open,Focused regulars
USER-0086,ITEM-022,2025-03-10T20:01:00+00:00,1.0,open,Focused regulars
USER-0194,ITEM-049,2025-03-10T21:00:00+00:00,2.0,save,Focused regulars
USER-0073,ITEM-047,2025-03-10T22:01:00+00:00,2.0,save,New explorers
USER-0092,ITEM-065,2025-03-10T22:01:00+00:00,1.0,open,Focused regulars
USER-0077,ITEM-027,2025-03-11T07:03:00+00:00,1.0,open,Focused regulars
USER-0175,ITEM-060,2025-03-11T08:01:00+00:00,3.0,complete,New explorers
USER-0291,ITEM-001,2025-03-11T10:06:00+00:00,1.0,open,Broad enthusiasts
USER-0115,ITEM-052,2025-03-11T13:01:00+00:00,3.0,complete,New explorers
USER-0144,ITEM-060,2025-03-11T13:07:00+00:00,1.0,open,Broad enthusiasts
USER-0164,ITEM-025,2025-03-11T15:06:00+00:00,1.0,open,Focused regulars
USER-0060,ITEM-042,2025-03-11T16:01:00+00:00,3.0,complete,Broad enthusiasts
USER-0185,ITEM-013,2025-03-11T17:05:00+00:00,1.0,open,Focused regulars
USER-0057,ITEM-003,2025-03-11T18:06:00+00:00,3.0,complete,Broad enthusiasts
USER-0275,ITEM-044,2025-03-11T19:00:00+00:00,1.0,open,Focused regulars
USER-0219,ITEM-011,2025-03-11T21:01:00+00:00,1.0,open,Broad enthusiasts
USER-0299,ITEM-002,2025-03-11T21:01:00+00:00,2.0,save,Focused regulars
USER-0188,ITEM-031,2025-03-12T07:01:00+00:00,1.0,open,Focused regulars
USER-0240,ITEM-096,2025-03-12T08:03:00+00:00,1.0,open,Broad enthusiasts
USER-0164,ITEM-060,2025-03-12T08:07:00+00:00,1.0,open,Focused regulars
USER-0296,ITEM-060,2025-03-12T11:01:00+00:00,1.0,open,Focused regulars
USER-0234,ITEM-042,2025-03-12T11:02:00+00:00,2.0,save,Broad enthusiasts
USER-0264,ITEM-020,2025-03-12T11:02:00+00:00,3.0,complete,Broad enthusiasts
USER-0285,ITEM-082,2025-03-12T12:00:00+00:00,1.0,open,Broad enthusiasts
USER-0086,ITEM-034,2025-03-12T13:02:00+00:00,2.0,save,Focused regulars
USER-0198,ITEM-004,2025-03-12T13:05:00+00:00,1.0,open,Broad enthusiasts
USER-0063,ITEM-049,2025-03-12T15:01:00+00:00,1.0,open,Broad enthusiasts
USER-0150,ITEM-043,2025-03-12T15:07:00+00:00,2.0,save,Broad enthusiasts
USER-0243,ITEM-026,2025-03-12T16:00:00+00:00,1.0,open,Broad enthusiasts
USER-0303,ITEM-027,2025-03-12T16:03:00+00:00,1.0,open,Broad enthusiasts
USER-0291,ITEM-011,2025-03-12T16:07:00+00:00,1.0,open,Broad enthusiasts
USER-0069,ITEM-028,2025-03-12T18:00:00+00:00,3.0,complete,Broad enthusiasts
USER-0095,ITEM-026,2025-03-12T18:00:00+00:00,1.0,open,Focused regulars
USER-0310,ITEM-060,2025-03-12T18:00:00+00:00,1.0,open,New explorers
USER-0165,ITEM-031,2025-03-12T19:00:00+00:00,3.0,complete,Broad enthusiasts
USER-0096,ITEM-034,2025-03-12T19:01:00+00:00,1.0,open,Broad enthusiasts
USER-0152,ITEM-016,2025-03-12T19:01:00+00:00,2.0,save,Focused regulars
USER-0167,ITEM-011,2025-03-12T20:02:00+00:00,2.0,save,Focused regulars
USER-0261,ITEM-008,2025-03-12T20:09:00+00:00,1.0,open,Broad enthusiasts
USER-0284,ITEM-037,2025-03-12T21:01:00+00:00,1.0,open,Focused regulars
USER-0288,ITEM-033,2025-03-12T22:04:00+00:00,2.0,save,Broad enthusiasts
USER-0108,ITEM-007,2025-03-13T07:00:00+00:00,2.0,save,Broad enthusiasts
USER-0294,ITEM-029,2025-03-13T07:01:00+00:00,1.0,open,Broad enthusiasts
USER-0156,ITEM-011,2025-03-13T07:06:00+00:00,1.0,open,Broad enthusiasts
USER-0201,ITEM-027,2025-03-13T08:01:00+00:00,2.0,save,Broad enthusiasts
USER-0266,ITEM-020,2025-03-13T08:03:00+00:00,1.0,open,Focused regulars
USER-0042,ITEM-052,2025-03-13T08:06:00+00:00,1.0,open,Broad enthusiasts
USER-0030,ITEM-029,2025-03-13T09:03:00+00:00,2.0,save,Broad enthusiasts
USER-0159,ITEM-052,2025-03-13T09:05:00+00:00,2.0,save,Broad enthusiasts
USER-0296,ITEM-034,2025-03-13T10:02:00+00:00,1.0,open,Focused regulars
USER-0195,ITEM-039,2025-03-13T10:03:00+00:00,2.0,save,Broad enthusiasts
USER-0240,ITEM-026,2025-03-13T10:04:00+00:00,1.0,open,Broad enthusiasts
USER-0132,ITEM-082,2025-03-13T11:05:00+00:00,1.0,open,Broad enthusiasts
USER-0205,ITEM-016,2025-03-13T12:00:00+00:00,1.0,open,New explorers
USER-0188,ITEM-060,2025-03-13T12:02:00+00:00,2.0,save,Focused regulars
USER-0018,ITEM-048,2025-03-13T15:00:00+00:00,1.0,open,Broad enthusiasts
USER-0073,ITEM-026,2025-03-13T15:02:00+00:00,1.0,open,New explorers
USER-0273,ITEM-010,2025-03-13T16:00:00+00:00,1.0,open,Broad enthusiasts
USER-0119,ITEM-085,2025-03-13T16:02:00+00:00,3.0,complete,Focused regulars
USER-0213,ITEM-021,2025-03-13T16:04:00+00:00,3.0,complete,Broad enthusiasts
USER-0174,ITEM-038,2025-03-13T17:01:00+00:00,2.0,save,Broad enthusiasts
USER-0147,ITEM-057,2025-03-13T18:00:00+00:00,1.0,open,Broad enthusiasts
USER-0120,ITEM-039,2025-03-13T19:02:00+00:00,1.0,open,Broad enthusiasts
USER-0017,ITEM-085,2025-03-13T19:04:00+00:00,1.0,open,Focused regulars
USER-0100,ITEM-005,2025-03-13T21:00:00+00:00,1.0,open,New explorers
USER-0084,ITEM-023,2025-03-13T21:01:00+00:00,1.0,open,Broad enthusiasts
USER-0074,ITEM-057,2025-03-13T21:02:00+00:00,1.0,open,Focused regulars
USER-0219,ITEM-044,2025-03-13T21:02:00+00:00,2.0,save,Broad enthusiasts
USER-0187,ITEM-053,2025-03-13T22:01:00+00:00,3.0,complete,New explorers
USER-0318,ITEM-030,2025-03-13T22:05:00+00:00,1.0,open,Broad enthusiasts
USER-0146,ITEM-039,2025-03-14T07:00:00+00:00,1.0,open,Focused regulars
USER-0083,ITEM-082,2025-03-14T08:02:00+00:00,1.0,open,Focused regulars
USER-0009,ITEM-055,2025-03-14T10:02:00+00:00,2.0,save,Broad enthusiasts
USER-0042,ITEM-002,2025-03-14T10:07:00+00:00,1.0,open,Broad enthusiasts
USER-0152,ITEM-037,2025-03-14T13:02:00+00:00,1.0,open,Focused regulars
USER-0209,ITEM-042,2025-03-14T14:03:00+00:00,2.0,save,Focused regulars
USER-0246,ITEM-071,2025-03-14T15:01:00+00:00,1.0,open,Broad enthusiasts
USER-0071,ITEM-082,2025-03-14T16:00:00+00:00,1.0,open,Focused regulars
USER-0166,ITEM-025,2025-03-14T18:01:00+00:00,1.0,open,New explorers
USER-0098,ITEM-002,2025-03-14T18:02:00+00:00,2.0,save,Focused regulars
USER-0279,ITEM-005,2025-03-14T19:04:00+00:00,2.0,save,Broad enthusiasts
USER-0041,ITEM-042,2025-03-14T21:04:00+00:00,1.0,open,Focused regulars
USER-0297,ITEM-058,2025-03-15T07:07:00+00:00,1.0,open,Broad enthusiasts
USER-0305,ITEM-048,2025-03-15T08:01:00+00:00,1.0,open,Focused regulars
USER-0212,ITEM-052,2025-03-15T09:00:00+00:00,1.0,open,Focused regulars
USER-0222,ITEM-002,2025-03-15T10:01:00+00:00,1.0,open,Broad enthusiasts
USER-0129,ITEM-056,2025-03-15T11:05:00+00:00,3.0,complete,Broad enthusiasts
USER-0089,ITEM-017,2025-03-15T12:00:00+00:00,3.0,complete,Focused regulars
USER-0287,ITEM-040,2025-03-15T14:00:00+00:00,1.0,open,Focused regulars
USER-0302,ITEM-033,2025-03-15T14:02:00+00:00,1.0,open,Focused regulars
USER-0185,ITEM-026,2025-03-15T14:06:00+00:00,2.0,save,Focused regulars
USER-0262,ITEM-051,2025-03-15T15:00:00+00:00,3.0,complete,New explorers
USER-0135,ITEM-027,2025-03-15T16:00:00+00:00,1.0,open,Broad enthusiasts
USER-0063,ITEM-031,2025-03-15T16:02:00+00:00,1.0,open,Broad enthusiasts
USER-0078,ITEM-057,2025-03-15T18:01:00+00:00,1.0,open,Broad enthusiasts
USER-0266,ITEM-058,2025-03-15T18:04:00+00:00,1.0,open,Focused regulars
USER-0009,ITEM-033,2025-03-15T22:03:00+00:00,1.0,open,Broad enthusiasts
USER-0089,ITEM-048,2025-03-16T07:01:00+00:00,1.0,open,Focused regulars
USER-0135,ITEM-060,2025-03-16T07:01:00+00:00,1.0,open,Broad enthusiasts
USER-0225,ITEM-017,2025-03-16T07:01:00+00:00,1.0,open,Broad enthusiasts
USER-0263,ITEM-028,2025-03-16T07:01:00+00:00,1.0,open,Focused regulars
USER-0227,ITEM-005,2025-03-16T07:02:00+00:00,3.0,complete,Focused regulars
USER-0303,ITEM-047,2025-03-16T09:04:00+00:00,3.0,complete,Broad enthusiasts
USER-0219,ITEM-012,2025-03-16T10:03:00+00:00,1.0,open,Broad enthusiasts
USER-0053,ITEM-044,2025-03-16T12:01:00+00:00,2.0,save,Focused regulars
USER-0074,ITEM-027,2025-03-16T12:03:00+00:00,1.0,open,Focused regulars
USER-0151,ITEM-017,2025-03-16T13:03:00+00:00,1.0,open,New explorers
USER-0009,ITEM-052,2025-03-16T14:04:00+00:00,1.0,open,Broad enthusiasts
USER-0210,ITEM-071,2025-03-16T15:01:00+00:00,2.0,save,Broad enthusiasts
USER-0239,ITEM-031,2025-03-16T15:02:00+00:00,1.0,open,Focused regulars
USER-0315,ITEM-032,2025-03-16T15:04:00+00:00,3.0,complete,Broad enthusiasts
USER-0182,ITEM-014,2025-03-16T16:00:00+00:00,1.0,open,Focused regulars
USER-0055,ITEM-035,2025-03-16T16:02:00+00:00,1.0,open,New explorers
USER-0122,ITEM-005,2025-03-16T16:02:00+00:00,3.0,complete,Focused regulars
USER-0030,ITEM-005,2025-03-16T16:04:00+00:00,2.0,save,Broad enthusiasts
USER-0174,ITEM-046,2025-03-16T17:02:00+00:00,3.0,complete,Broad enthusiasts
USER-0045,ITEM-018,2025-03-16T18:02:00+00:00,3.0,complete,Broad enthusiasts
USER-0101,ITEM-017,2025-03-16T19:02:00+00:00,1.0,open,Focused regulars
USER-0275,ITEM-032,2025-03-16T20:01:00+00:00,1.0,open,Focused regulars
USER-0156,ITEM-082,2025-03-16T20:07:00+00:00,3.0,complete,Broad enthusiasts
USER-0255,ITEM-046,2025-03-16T22:04:00+00:00,1.0,open,Broad enthusiasts
USER-0254,ITEM-004,2025-03-17T07:00:00+00:00,1.0,open,Focused regulars
USER-0147,ITEM-017,2025-03-17T07:01:00+00:00,2.0,save,Broad enthusiasts
USER-0118,ITEM-033,2025-03-17T08:01:00+00:00,2.0,save,New explorers
USER-0087,ITEM-041,2025-03-17T09:00:00+00:00,1.0,open,Broad enthusiasts
USER-0009,ITEM-007,2025-03-17T10:05:00+00:00,1.0,open,Broad enthusiasts
USER-0297,ITEM-031,2025-03-17T10:08:00+00:00,1.0,open,Broad enthusiasts
USER-0204,ITEM-041,2025-03-17T11:01:00+00:00,2.0,save,Broad enthusiasts
USER-0189,ITEM-065,2025-03-17T11:02:00+00:00,3.0,complete,Broad enthusiasts
USER-0114,ITEM-036,2025-03-17T12:00:00+00:00,1.0,open,Broad enthusiasts
USER-0236,ITEM-032,2025-03-17T12:00:00+00:00,1.0,open,Focused regulars
USER-0103,ITEM-057,2025-03-17T12:03:00+00:00,1.0,open,New explorers
USER-0223,ITEM-060,2025-03-17T13:01:00+00:00,1.0,open,New explorers
USER-0135,ITEM-012,2025-03-17T13:02:00+00:00,1.0,open,Broad enthusiasts
USER-0110,ITEM-026,2025-03-17T13:03:00+00:00,1.0,open,Focused regulars
USER-0280,ITEM-049,2025-03-17T13:03:00+00:00,1.0,open,New explorers
USER-0209,ITEM-044,2025-03-17T13:04:00+00:00,2.0,save,Focused regulars
USER-0266,ITEM-060,2025-03-17T16:05:00+00:00,1.0,open,Focused regulars
USER-0101,ITEM-028,2025-03-17T17:03:00+00:00,1.0,open,Focused regulars
USER-0102,ITEM-002,2025-03-17T17:03:00+00:00,1.0,open,Broad enthusiasts
USER-0285,ITEM-033,2025-03-17T18:01:00+00:00,1.0,open,Broad enthusiasts
USER-0284,ITEM-031,2025-03-17T18:02:00+00:00,3.0,complete,Focused regulars
USER-0162,ITEM-028,2025-03-17T20:06:00+00:00,1.0,open,Broad enthusiasts
USER-0174,ITEM-078,2025-03-17T22:03:00+00:00,2.0,save,Broad enthusiasts
USER-0035,ITEM-055,2025-03-18T08:02:00+00:00,2.0,save,Focused regulars
USER-0147,ITEM-013,2025-03-18T08:02:00+00:00,1.0,open,Broad enthusiasts
USER-0055,ITEM-016,2025-03-18T08:03:00+00:00,3.0,complete,New explorers
USER-0032,ITEM-031,2025-03-18T09:02:00+00:00,1.0,open,Focused regulars
USER-0294,ITEM-050,2025-03-18T09:02:00+00:00,1.0,open,Broad enthusiasts
USER-0206,ITEM-004,2025-03-18T09:03:00+00:00,1.0,open,Focused regulars
USER-0070,ITEM-020,2025-03-18T10:00:00+00:00,2.0,save,New explorers
USER-0012,ITEM-011,2025-03-18T12:01:00+00:00,2.0,save,Broad enthusiasts
USER-0095,ITEM-038,2025-03-18T13:01:00+00:00,1.0,open,Focused regulars
USER-0176,ITEM-009,2025-03-18T13:02:00+00:00,2.0,save,Focused regulars
USER-0231,ITEM-036,2025-03-18T13:05:00+00:00,1.0,open,Broad enthusiasts
USER-0021,ITEM-032,2025-03-18T14:00:00+00:00,1.0,open,Broad enthusiasts
USER-0116,ITEM-049,2025-03-18T14:01:00+00:00,1.0,open,Focused regulars
USER-0125,ITEM-007,2025-03-18T14:01:00+00:00,1.0,open,Focused regulars
USER-0182,ITEM-055,2025-03-18T15:01:00+00:00,1.0,open,Focused regulars
USER-0020,ITEM-046,2025-03-18T16:00:00+00:00,1.0,open,Focused regulars
USER-0276,ITEM-054,2025-03-18T16:02:00+00:00,2.0,save,Broad enthusiasts
USER-0155,ITEM-033,2025-03-18T17:00:00+00:00,1.0,open,Focused regulars
USER-0086,ITEM-039,2025-03-18T18:03:00+00:00,1.0,open,Focused regulars
USER-0201,ITEM-016,2025-03-18T19:02:00+00:00,1.0,open,Broad enthusiasts
USER-0136,ITEM-039,2025-03-18T20:00:00+00:00,2.0,save,New explorers
USER-0167,ITEM-053,2025-03-18T20:03:00+00:00,1.0,open,Focused regulars
USER-0041,ITEM-031,2025-03-18T21:05:00+00:00,1.0,open,Focused regulars
USER-0147,ITEM-052,2025-03-19T07:03:00+00:00,1.0,open,Broad enthusiasts
USER-0013,ITEM-025,2025-03-19T08:01:00+00:00,1.0,open,New explorers
USER-0086,ITEM-011,2025-03-19T09:04:00+00:00,1.0,open,Focused regulars
USER-0314,ITEM-037,2025-03-19T11:02:00+00:00,1.0,open,Focused regulars
USER-0231,ITEM-052,2025-03-19T11:06:00+00:00,1.0,open,Broad enthusiasts
USER-0260,ITEM-082,2025-03-19T12:04:00+00:00,1.0,open,Focused regulars
USER-0261,ITEM-027,2025-03-19T12:10:00+00:00,2.0,save,Broad enthusiasts
USER-0122,ITEM-007,2025-03-19T14:03:00+00:00,1.0,open,Focused regulars
USER-0011,ITEM-030,2025-03-19T15:03:00+00:00,2.0,save,Focused regulars
USER-0223,ITEM-069,2025-03-19T16:02:00+00:00,1.0,open,New explorers
USER-0029,ITEM-013,2025-03-19T17:01:00+00:00,3.0,complete,Focused regulars
USER-0068,ITEM-025,2025-03-19T18:06:00+00:00,1.0,open,Focused regulars
USER-0282,ITEM-052,2025-03-19T19:00:00+00:00,1.0,open,Broad enthusiasts
USER-0276,ITEM-055,2025-03-19T19:03:00+00:00,1.0,open,Broad enthusiasts
USER-0164,ITEM-019,2025-03-19T20:08:00+00:00,3.0,complete,Focused regulars
USER-0131,ITEM-060,2025-03-19T21:00:00+00:00,3.0,complete,Focused regulars
USER-0197,ITEM-027,2025-03-19T21:00:00+00:00,1.0,open,Focused regulars
USER-0136,ITEM-055,2025-03-19T21:01:00+00:00,3.0,complete,New explorers
USER-0068,ITEM-002,2025-03-20T08:07:00+00:00,1.0,open,Focused regulars
USER-0192,ITEM-090,2025-03-20T10:00:00+00:00,1.0,open,Broad enthusiasts
USER-0165,ITEM-082,2025-03-20T10:01:00+00:00,1.0,open,Broad enthusiasts
USER-0228,ITEM-025,2025-03-20T10:01:00+00:00,2.0,save,Broad enthusiasts
USER-0294,ITEM-070,2025-03-20T10:03:00+00:00,1.0,open,Broad enthusiasts
USER-0114,ITEM-037,2025-03-20T11:01:00+00:00,2.0,save,Broad enthusiasts
USER-0195,ITEM-082,2025-03-20T12:04:00+00:00,1.0,open,Broad enthusiasts
USER-0131,ITEM-027,2025-03-20T13:01:00+00:00,1.0,open,Focused regulars
USER-0091,ITEM-021,2025-03-20T14:04:00+00:00,2.0,save,New explorers
USER-0018,ITEM-025,2025-03-20T15:01:00+00:00,1.0,open,Broad enthusiasts
USER-0021,ITEM-016,2025-03-20T17:01:00+00:00,1.0,open,Broad enthusiasts
USER-0194,ITEM-065,2025-03-20T18:01:00+00:00,3.0,complete,Focused regulars
USER-0054,ITEM-017,2025-03-20T18:02:00+00:00,1.0,open,Broad enthusiasts
USER-0030,ITEM-020,2025-03-20T18:05:00+00:00,1.0,open,Broad enthusiasts
USER-0108,ITEM-060,2025-03-20T19:01:00+00:00,2.0,save,Broad enthusiasts
USER-0155,ITEM-020,2025-03-20T19:01:00+00:00,2.0,save,Focused regulars
USER-0295,ITEM-038,2025-03-20T19:01:00+00:00,1.0,open,New explorers
USER-0307,ITEM-049,2025-03-20T19:02:00+00:00,1.0,open,New explorers
USER-0189,ITEM-028,2025-03-20T19:03:00+00:00,1.0,open,Broad enthusiasts
USER-0319,ITEM-082,2025-03-20T20:00:00+00:00,1.0,open,New explorers
USER-0216,ITEM-034,2025-03-20T20:01:00+00:00,1.0,open,Broad enthusiasts
USER-0176,ITEM-071,2025-03-20T20:03:00+00:00,2.0,save,Focused regulars
USER-0191,ITEM-031,2025-03-21T07:00:00+00:00,1.0,open,Focused regulars
USER-0058,ITEM-004,2025-03-21T08:00:00+00:00,1.0,open,New explorers
USER-0090,ITEM-039,2025-03-21T08:00:00+00:00,1.0,open,Broad enthusiasts
USER-0154,ITEM-004,2025-03-21T08:00:00+00:00,1.0,open,New explorers
USER-0014,ITEM-060,2025-03-21T09:00:00+00:00,1.0,open,Focused regulars
USER-0105,ITEM-052,2025-03-21T09:02:00+00:00,1.0,open,Broad enthusiasts
USER-0147,ITEM-049,2025-03-21T09:04:00+00:00,1.0,open,Broad enthusiasts
USER-0266,ITEM-044,2025-03-21T10:06:00+00:00,3.0,complete,Focused regulars
USER-0297,ITEM-006,2025-03-21T10:09:00+00:00,1.0,open,Broad enthusiasts
USER-0006,ITEM-057,2025-03-21T14:00:00+00:00,3.0,complete,Broad enthusiasts
USER-0067,ITEM-026,2025-03-21T14:05:00+00:00,3.0,complete,New explorers
USER-0025,ITEM-017,2025-03-21T16:00:00+00:00,2.0,save,New explorers
USER-0211,ITEM-082,2025-03-21T16:02:00+00:00,1.0,open,New explorers
USER-0063,ITEM-023,2025-03-21T16:03:00+00:00,2.0,save,Broad enthusiasts
USER-0018,ITEM-011,2025-03-21T17:02:00+00:00,1.0,open,Broad enthusiasts
USER-0023,ITEM-050,2025-03-21T17:03:00+00:00,2.0,save,Focused regulars
USER-0179,ITEM-005,2025-03-21T18:01:00+00:00,1.0,open,Focused regulars
USER-0039,ITEM-014,2025-03-21T18:02:00+00:00,3.0,complete,Broad enthusiasts
USER-0087,ITEM-065,2025-03-21T19:01:00+00:00,1.0,open,Broad enthusiasts
USER-0060,ITEM-048,2025-03-21T19:02:00+00:00,1.0,open,Broad enthusiasts
USER-0098,ITEM-052,2025-03-21T20:03:00+00:00,1.0,open,Focused regulars
USER-0150,ITEM-012,2025-03-21T21:08:00+00:00,1.0,open,Broad enthusiasts
USER-0042,ITEM-040,2025-03-21T22:08:00+00:00,1.0,open,Broad enthusiasts
USER-0146,ITEM-082,2025-03-22T07:01:00+00:00,1.0,open,Focused regulars
USER-0020,ITEM-022,2025-03-22T08:01:00+00:00,2.0,save,Focused regulars
USER-0075,ITEM-090,2025-03-22T09:03:00+00:00,3.0,complete,Broad enthusiasts
USER-0074,ITEM-015,2025-03-22T09:04:00+00:00,2.0,save,Focused regulars
USER-0185,ITEM-032,2025-03-22T09:07:00+00:00,3.0,complete,Focused regulars
USER-0280,ITEM-052,2025-03-22T10:04:00+00:00,3.0,complete,New explorers
USER-0032,ITEM-040,2025-03-22T11:03:00+00:00,1.0,open,Focused regulars
USER-0071,ITEM-052,2025-03-22T12:01:00+00:00,1.0,open,Focused regulars
USER-0203,ITEM-032,2025-03-22T12:06:00+00:00,1.0,open,Focused regulars
USER-0059,ITEM-035,2025-03-22T13:03:00+00:00,2.0,save,Focused regulars
USER-0215,ITEM-082,2025-03-22T16:00:00+00:00,2.0,save,Focused regulars
USER-0189,ITEM-020,2025-03-22T16:04:00+00:00,2.0,save,Broad enthusiasts
USER-0291,ITEM-038,2025-03-22T17:08:00+00:00,1.0,open,Broad enthusiasts
USER-0093,ITEM-044,2025-03-22T18:02:00+00:00,2.0,save,Broad enthusiasts
USER-0105,ITEM-004,2025-03-22T19:03:00+00:00,1.0,open,Broad enthusiasts
USER-0119,ITEM-027,2025-03-22T19:03:00+00:00,3.0,complete,Focused regulars
USER-0303,ITEM-054,2025-03-22T19:05:00+00:00,1.0,open,Broad enthusiasts
USER-0087,ITEM-026,2025-03-23T07:02:00+00:00,1.0,open,Broad enthusiasts
USER-0198,ITEM-001,2025-03-23T07:06:00+00:00,2.0,save,Broad enthusiasts
USER-0117,ITEM-033,2025-03-23T08:00:00+00:00,1.0,open,Broad enthusiasts
USER-0189,ITEM-039,2025-03-23T10:05:00+00:00,1.0,open,Broad enthusiasts
USER-0144,ITEM-051,2025-03-23T10:08:00+00:00,1.0,open,Broad enthusiasts
USER-0150,ITEM-013,2025-03-23T10:09:00+00:00,1.0,open,Broad enthusiasts
USER-0222,ITEM-037,2025-03-23T11:02:00+00:00,1.0,open,Broad enthusiasts
USER-0081,ITEM-024,2025-03-23T11:03:00+00:00,1.0,open,Broad enthusiasts
USER-0054,ITEM-012,2025-03-23T13:03:00+00:00,1.0,open,Broad enthusiasts
USER-0041,ITEM-024,2025-03-23T13:06:00+00:00,2.0,save,Focused regulars
USER-0030,ITEM-017,2025-03-23T14:06:00+00:00,1.0,open,Broad enthusiasts
USER-0211,ITEM-010,2025-03-23T15:03:00+00:00,1.0,open,New explorers
USER-0001,ITEM-054,2025-03-23T17:02:00+00:00,1.0,open,New explorers
USER-0273,ITEM-031,2025-03-23T18:01:00+00:00,2.0,save,Broad enthusiasts
USER-0108,ITEM-052,2025-03-23T18:02:00+00:00,3.0,complete,Broad enthusiasts
USER-0062,ITEM-070,2025-03-23T19:00:00+00:00,3.0,complete,Focused regulars
USER-0234,ITEM-027,2025-03-23T19:03:00+00:00,1.0,open,Broad enthusiasts
USER-0129,ITEM-020,2025-03-23T19:06:00+00:00,1.0,open,Broad enthusiasts
USER-0038,ITEM-042,2025-03-23T20:00:00+00:00,2.0,save,Focused regulars
USER-0089,ITEM-034,2025-03-23T20:02:00+00:00,2.0,save,Focused regulars
USER-0225,ITEM-032,2025-03-23T21:02:00+00:00,2.0,save,Broad enthusiasts
USER-0058,ITEM-017,2025-03-24T08:01:00+00:00,1.0,open,New explorers
USER-0254,ITEM-025,2025-03-24T08:01:00+00:00,2.0,save,Focused regulars
USER-0134,ITEM-033,2025-03-24T09:01:00+00:00,2.0,save,Focused regulars
USER-0210,ITEM-033,2025-03-24T10:02:00+00:00,1.0,open,Broad enthusiasts
USER-0294,ITEM-052,2025-03-24T10:04:00+00:00,1.0,open,Broad enthusiasts
USER-0001,ITEM-031,2025-03-24T11:03:00+00:00,3.0,complete,New explorers
USER-0312,ITEM-034,2025-03-24T11:03:00+00:00,2.0,save,Broad enthusiasts
USER-0252,ITEM-060,2025-03-24T12:00:00+00:00,1.0,open,Broad enthusiasts
USER-0012,ITEM-002,2025-03-24T12:02:00+00:00,1.0,open,Broad enthusiasts
USER-0307,ITEM-033,2025-03-24T17:03:00+00:00,1.0,open,New explorers
USER-0284,ITEM-018,2025-03-24T18:03:00+00:00,1.0,open,Focused regulars
USER-0093,ITEM-017,2025-03-24T19:03:00+00:00,1.0,open,Broad enthusiasts
USER-0143,ITEM-039,2025-03-24T20:03:00+00:00,2.0,save,Focused regulars
USER-0309,ITEM-039,2025-03-24T21:00:00+00:00,1.0,open,Broad enthusiasts
USER-0198,ITEM-094,2025-03-24T22:07:00+00:00,1.0,open,Broad enthusiasts
USER-0297,ITEM-037,2025-03-24T22:10:00+00:00,1.0,open,Broad enthusiasts
USER-0135,ITEM-052,2025-03-25T08:03:00+00:00,2.0,save,Broad enthusiasts
USER-0023,ITEM-038,2025-03-25T08:04:00+00:00,1.0,open,Focused regulars
USER-0216,ITEM-035,2025-03-25T09:02:00+00:00,1.0,open,Broad enthusiasts
USER-0054,ITEM-056,2025-03-25T10:04:00+00:00,1.0,open,Broad enthusiasts
USER-0018,ITEM-043,2025-03-25T11:03:00+00:00,3.0,complete,Broad enthusiasts
USER-0073,ITEM-044,2025-03-25T12:03:00+00:00,3.0,complete,New explorers
USER-0087,ITEM-048,2025-03-25T12:03:00+00:00,2.0,save,Broad enthusiasts
USER-0232,ITEM-017,2025-03-25T14:00:00+00:00,1.0,open,New explorers
USER-0197,ITEM-020,2025-03-25T15:01:00+00:00,1.0,open,Focused regulars
USER-0249,ITEM-028,2025-03-25T15:05:00+00:00,1.0,open,Broad enthusiasts
USER-0263,ITEM-042,2025-03-25T16:02:00+00:00,1.0,open,Focused regulars
USER-0308,ITEM-060,2025-03-25T18:00:00+00:00,1.0,open,Focused regulars
USER-0284,ITEM-034,2025-03-25T19:04:00+00:00,1.0,open,Focused regulars
USER-0306,ITEM-041,2025-03-25T20:03:00+00:00,1.0,open,Broad enthusiasts
USER-0218,ITEM-094,2025-03-25T21:00:00+00:00,2.0,save,Focused regulars
USER-0161,ITEM-002,2025-03-25T21:02:00+00:00,3.0,complete,Focused regulars
USER-0168,ITEM-018,2025-03-25T22:00:00+00:00,2.0,save,Broad enthusiasts
USER-0143,ITEM-014,2025-03-25T22:04:00+00:00,3.0,complete,Focused regulars
USER-0084,ITEM-003,2025-03-26T07:02:00+00:00,2.0,save,Broad enthusiasts
USER-0188,ITEM-026,2025-03-26T07:03:00+00:00,1.0,open,Focused regulars
USER-0165,ITEM-018,2025-03-26T08:02:00+00:00,1.0,open,Broad enthusiasts
USER-0180,ITEM-011,2025-03-26T10:02:00+00:00,1.0,open,Broad enthusiasts
USER-0204,ITEM-043,2025-03-26T12:02:00+00:00,3.0,complete,Broad enthusiasts
USER-0002,ITEM-030,2025-03-26T13:00:00+00:00,1.0,open,Focused regulars
USER-0006,ITEM-034,2025-03-26T13:01:00+00:00,1.0,open,Broad enthusiasts
USER-0100,ITEM-021,2025-03-26T13:01:00+00:00,1.0,open,New explorers
USER-0056,ITEM-082,2025-03-26T13:04:00+00:00,3.0,complete,Focused regulars
USER-0171,ITEM-056,2025-03-26T14:00:00+00:00,1.0,open,Broad enthusiasts
USER-0248,ITEM-085,2025-03-26T14:00:00+00:00,1.0,open,Focused regulars
USER-0300,ITEM-005,2025-03-26T14:03:00+00:00,3.0,complete,Broad enthusiasts
USER-0255,ITEM-033,2025-03-26T14:05:00+00:00,1.0,open,Broad enthusiasts
USER-0125,ITEM-032,2025-03-26T15:02:00+00:00,1.0,open,Focused regulars
USER-0215,ITEM-049,2025-03-26T16:01:00+00:00,1.0,open,Focused regulars
USER-0210,ITEM-055,2025-03-26T16:03:00+00:00,2.0,save,Broad enthusiasts
USER-0264,ITEM-026,2025-03-26T16:03:00+00:00,2.0,save,Broad enthusiasts
USER-0273,ITEM-058,2025-03-26T17:02:00+00:00,1.0,open,Broad enthusiasts
USER-0099,ITEM-040,2025-03-26T18:02:00+00:00,1.0,open,Broad enthusiasts
USER-0083,ITEM-046,2025-03-26T18:03:00+00:00,1.0,open,Focused regulars
USER-0158,ITEM-018,2025-03-26T18:04:00+00:00,1.0,open,Focused regulars
USER-0297,ITEM-016,2025-03-26T20:11:00+00:00,2.0,save,Broad enthusiasts
USER-0307,ITEM-069,2025-03-26T21:04:00+00:00,2.0,save,New explorers
USER-0272,ITEM-019,2025-03-26T22:02:00+00:00,1.0,open,Focused regulars
USER-0290,ITEM-037,2025-03-27T07:05:00+00:00,1.0,open,Focused regulars
USER-0068,ITEM-001,2025-03-27T08:08:00+00:00,1.0,open,Focused regulars
USER-0234,ITEM-034,2025-03-27T09:04:00+00:00,3.0,complete,Broad enthusiasts
USER-0158,ITEM-051,2025-03-27T09:05:00+00:00,2.0,save,Focused regulars
USER-0144,ITEM-022,2025-03-27T10:09:00+00:00,2.0,save,Broad enthusiasts
USER-0083,ITEM-031,2025-03-27T11:04:00+00:00,1.0,open,Focused regulars
USER-0122,ITEM-060,2025-03-27T11:04:00+00:00,1.0,open,Focused regulars
USER-0312,ITEM-025,2025-03-27T12:04:00+00:00,2.0,save,Broad enthusiasts
USER-0181,ITEM-034,2025-03-27T13:05:00+00:00,2.0,save,New explorers
USER-0246,ITEM-002,2025-03-27T14:02:00+00:00,1.0,open,Broad enthusiasts
USER-0077,ITEM-057,2025-03-27T14:04:00+00:00,2.0,save,Focused regulars
USER-0063,ITEM-002,2025-03-27T15:04:00+00:00,1.0,open,Broad enthusiasts
USER-0045,ITEM-032,2025-03-27T16:03:00+00:00,1.0,open,Broad enthusiasts
USER-0242,ITEM-052,2025-03-27T17:00:00+00:00,1.0,open,Focused regulars
USER-0090,ITEM-012,2025-03-27T18:01:00+00:00,1.0,open,Broad enthusiasts
USER-0154,ITEM-070,2025-03-27T19:01:00+00:00,2.0,save,New explorers
USER-0189,ITEM-030,2025-03-27T20:06:00+00:00,1.0,open,Broad enthusiasts
USER-0099,ITEM-022,2025-03-27T21:03:00+00:00,1.0,open,Broad enthusiasts
USER-0232,ITEM-014,2025-03-28T09:01:00+00:00,3.0,complete,New explorers
USER-0013,ITEM-055,2025-03-28T09:02:00+00:00,3.0,complete,New explorers
USER-0119,ITEM-048,2025-03-28T09:04:00+00:00,1.0,open,Focused regulars
USER-0213,ITEM-052,2025-03-28T09:05:00+00:00,2.0,save,Broad enthusiasts
USER-0190,ITEM-032,2025-03-28T11:00:00+00:00,1.0,open,New explorers
USER-0128,ITEM-055,2025-03-28T12:00:00+00:00,1.0,open,Focused regulars
USER-0170,ITEM-049,2025-03-28T13:02:00+00:00,1.0,open,Focused regulars
USER-0152,ITEM-033,2025-03-28T13:03:00+00:00,1.0,open,Focused regulars
USER-0291,ITEM-027,2025-03-28T14:09:00+00:00,2.0,save,Broad enthusiasts
USER-0172,ITEM-042,2025-03-28T15:00:00+00:00,1.0,open,New explorers
USER-0118,ITEM-090,2025-03-28T15:02:00+00:00,3.0,complete,New explorers
USER-0015,ITEM-006,2025-03-28T16:03:00+00:00,1.0,open,Broad enthusiasts
USER-0223,ITEM-052,2025-03-28T19:03:00+00:00,1.0,open,New explorers
USER-0107,ITEM-052,2025-03-28T21:02:00+00:00,1.0,open,Focused regulars
USER-0318,ITEM-018,2025-03-28T21:06:00+00:00,1.0,open,Broad enthusiasts
USER-0090,ITEM-038,2025-03-29T08:02:00+00:00,3.0,complete,Broad enthusiasts
USER-0284,ITEM-042,2025-03-29T08:05:00+00:00,3.0,complete,Focused regulars
USER-0051,ITEM-070,2025-03-29T09:01:00+00:00,2.0,save,Broad enthusiasts
USER-0166,ITEM-040,2025-03-29T10:02:00+00:00,1.0,open,New explorers
USER-0213,ITEM-017,2025-03-29T10:06:00+00:00,1.0,open,Broad enthusiasts
USER-0248,ITEM-032,2025-03-29T11:01:00+00:00,2.0,save,Focused regulars
USER-0235,ITEM-034,2025-03-29T11:03:00+00:00,1.0,open,New explorers
USER-0153,ITEM-039,2025-03-29T11:06:00+00:00,2.0,save,Broad enthusiasts
USER-0203,ITEM-020,2025-03-29T12:07:00+00:00,1.0,open,Focused regulars
USER-0033,ITEM-042,2025-03-29T13:00:00+00:00,1.0,open,Broad enthusiasts
USER-0258,ITEM-038,2025-03-29T14:00:00+00:00,2.0,save,Broad enthusiasts
USER-0263,ITEM-044,2025-03-29T14:03:00+00:00,1.0,open,Focused regulars
USER-0102,ITEM-026,2025-03-29T16:04:00+00:00,1.0,open,Broad enthusiasts
USER-0261,ITEM-037,2025-03-29T16:11:00+00:00,1.0,open,Broad enthusiasts
USER-0288,ITEM-089,2025-03-29T17:05:00+00:00,3.0,complete,Broad enthusiasts
USER-0175,ITEM-040,2025-03-29T19:02:00+00:00,1.0,open,New explorers
USER-0303,ITEM-005,2025-03-29T19:06:00+00:00,1.0,open,Broad enthusiasts
USER-0293,ITEM-071,2025-03-29T21:00:00+00:00,1.0,open,Focused regulars
USER-0142,ITEM-053,2025-03-29T21:01:00+00:00,1.0,open,New explorers
USER-0099,ITEM-058,2025-03-29T22:04:00+00:00,1.0,open,Broad enthusiasts
USER-0189,ITEM-027,2025-03-29T22:07:00+00:00,1.0,open,Broad enthusiasts
USER-0201,ITEM-052,2025-03-30T07:03:00+00:00,1.0,open,Broad enthusiasts
USER-0138,ITEM-082,2025-03-30T07:04:00+00:00,1.0,open,Broad enthusiasts
USER-0225,ITEM-034,2025-03-30T08:03:00+00:00,1.0,open,Broad enthusiasts
USER-0098,ITEM-017,2025-03-30T08:04:00+00:00,1.0,open,Focused regulars
USER-0066,ITEM-033,2025-03-30T09:02:00+00:00,1.0,open,Broad enthusiasts
USER-0273,ITEM-002,2025-03-30T09:03:00+00:00,3.0,complete,Broad enthusiasts
USER-0095,ITEM-037,2025-03-30T11:02:00+00:00,3.0,complete,Focused regulars
USER-0012,ITEM-027,2025-03-30T12:03:00+00:00,2.0,save,Broad enthusiasts
USER-0237,ITEM-012,2025-03-30T13:06:00+00:00,1.0,open,Broad enthusiasts
USER-0154,ITEM-021,2025-03-30T14:02:00+00:00,2.0,save,New explorers
USER-0039,ITEM-002,2025-03-30T14:03:00+00:00,3.0,complete,Broad enthusiasts
USER-0290,ITEM-011,2025-03-30T14:06:00+00:00,1.0,open,Focused regulars
USER-0003,ITEM-034,2025-03-30T15:03:00+00:00,1.0,open,Broad enthusiasts
USER-0254,ITEM-005,2025-03-30T17:02:00+00:00,2.0,save,Focused regulars
USER-0177,ITEM-017,2025-03-30T19:00:00+00:00,1.0,open,Broad enthusiasts
USER-0306,ITEM-023,2025-03-30T19:04:00+00:00,2.0,save,Broad enthusiasts
USER-0302,ITEM-065,2025-03-30T20:03:00+00:00,3.0,complete,Focused regulars
USER-0270,ITEM-002,2025-03-31T08:00:00+00:00,2.0,save,Broad enthusiasts
USER-0100,ITEM-025,2025-03-31T08:02:00+00:00,2.0,save,New explorers
USER-0080,ITEM-055,2025-03-31T08:09:00+00:00,3.0,complete,Focused regulars
USER-0041,ITEM-053,2025-03-31T09:07:00+00:00,2.0,save,Focused regulars
USER-0277,ITEM-023,2025-03-31T11:00:00+00:00,1.0,open,New explorers
USER-0136,ITEM-042,2025-03-31T11:02:00+00:00,1.0,open,New explorers
USER-0105,ITEM-005,2025-03-31T11:04:00+00:00,3.0,complete,Broad enthusiasts
USER-0282,ITEM-012,2025-03-31T13:01:00+00:00,1.0,open,Broad enthusiasts
USER-0209,ITEM-022,2025-03-31T13:05:00+00:00,2.0,save,Focused regulars
USER-0237,ITEM-060,2025-03-31T13:07:00+00:00,3.0,complete,Broad enthusiasts
USER-0238,ITEM-013,2025-03-31T14:00:00+00:00,1.0,open,New explorers
USER-0273,ITEM-034,2025-03-31T14:04:00+00:00,1.0,open,Broad enthusiasts
USER-0162,ITEM-004,2025-03-31T15:07:00+00:00,1.0,open,Broad enthusiasts
USER-0180,ITEM-040,2025-03-31T16:03:00+00:00,1.0,open,Broad enthusiasts
USER-0312,ITEM-060,2025-03-31T16:05:00+00:00,1.0,open,Broad enthusiasts
USER-0016,ITEM-065,2025-03-31T17:00:00+00:00,1.0,open,New explorers
USER-0054,ITEM-055,2025-03-31T17:05:00+00:00,1.0,open,Broad enthusiasts
USER-0139,ITEM-065,2025-03-31T18:00:00+00:00,1.0,open,New explorers
USER-0183,ITEM-070,2025-03-31T18:00:00+00:00,1.0,open,Broad enthusiasts
USER-0202,ITEM-052,2025-03-31T19:00:00+00:00,1.0,open,New explorers
USER-0078,ITEM-041,2025-03-31T19:02:00+00:00,3.0,complete,Broad enthusiasts
USER-0081,ITEM-016,2025-03-31T19:04:00+00:00,1.0,open,Broad enthusiasts
USER-0291,ITEM-004,2025-03-31T21:10:00+00:00,1.0,open,Broad enthusiasts
USER-0176,ITEM-038,2025-03-31T22:04:00+00:00,1.0,open,Focused regulars
USER-0249,ITEM-071,2025-03-31T22:06:00+00:00,2.0,save,Broad enthusiasts
USER-0231,ITEM-040,2025-03-31T22:07:00+00:00,1.0,open,Broad enthusiasts
USER-0021,ITEM-026,2025-04-01T07:02:00+00:00,1.0,open,Broad enthusiasts
USER-0302,ITEM-013,2025-04-01T10:04:00+00:00,1.0,open,Focused regulars
USER-0143,ITEM-006,2025-04-01T10:05:00+00:00,2.0,save,Focused regulars
USER-0010,ITEM-032,2025-04-01T12:01:00+00:00,2.0,save,New explorers
USER-0218,ITEM-045,2025-04-01T12:01:00+00:00,1.0,open,Focused regulars
USER-0042,ITEM-090,2025-04-01T12:09:00+00:00,1.0,open,Broad enthusiasts
USER-0171,ITEM-037,2025-04-01T13:01:00+00:00,1.0,open,Broad enthusiasts
USER-0146,ITEM-033,2025-04-01T13:02:00+00:00,1.0,open,Focused regulars
USER-0315,ITEM-027,2025-04-01T14:05:00+00:00,2.0,save,Broad enthusiasts
USER-0210,ITEM-052,2025-04-01T15:04:00+00:00,1.0,open,Broad enthusiasts
USER-0242,ITEM-025,2025-04-01T16:01:00+00:00,1.0,open,Focused regulars
USER-0142,ITEM-060,2025-04-01T17:02:00+00:00,1.0,open,New explorers
USER-0023,ITEM-034,2025-04-01T17:05:00+00:00,2.0,save,Focused regulars
USER-0280,ITEM-047,2025-04-01T17:05:00+00:00,3.0,complete,New explorers
USER-0141,ITEM-035,2025-04-01T18:03:00+00:00,2.0,save,Broad enthusiasts
USER-0090,ITEM-021,2025-04-01T20:03:00+00:00,2.0,save,Broad enthusiasts
USER-0225,ITEM-048,2025-04-01T20:04:00+00:00,1.0,open,Broad enthusiasts
USER-0251,ITEM-054,2025-04-01T21:00:00+00:00,2.0,save,Focused regulars
USER-0135,ITEM-011,2025-04-01T21:04:00+00:00,1.0,open,Broad enthusiasts
USER-0030,ITEM-049,2025-04-01T21:07:00+00:00,1.0,open,Broad enthusiasts
USER-0153,ITEM-050,2025-04-01T21:07:00+00:00,1.0,open,Broad enthusiasts
USER-0049,ITEM-038,2025-04-01T22:01:00+00:00,1.0,open,New explorers
USER-0224,ITEM-045,2025-04-01T22:01:00+00:00,3.0,complete,Focused regulars
USER-0100,ITEM-010,2025-04-01T22:03:00+00:00,1.0,open,New explorers
USER-0144,ITEM-004,2025-04-01T22:10:00+00:00,3.0,complete,Broad enthusiasts
USER-0027,ITEM-017,2025-04-02T07:01:00+00:00,1.0,open,Broad enthusiasts
USER-0002,ITEM-011,2025-04-02T08:01:00+00:00,1.0,open,Focused regulars
USER-0051,ITEM-005,2025-04-02T09:02:00+00:00,3.0,complete,Broad enthusiasts
USER-0009,ITEM-034,2025-04-02T09:06:00+00:00,1.0,open,Broad enthusiasts
USER-0133,ITEM-011,2025-04-02T10:00:00+00:00,1.0,open,New explorers
USER-0013,ITEM-049,2025-04-02T10:03:00+00:00,1.0,open,New explorers
USER-0237,ITEM-027,2025-04-02T10:08:00+00:00,3.0,complete,Broad enthusiasts
USER-0202,ITEM-055,2025-04-02T11:01:00+00:00,1.0,open,New explorers
USER-0006,ITEM-028,2025-04-02T11:02:00+00:00,3.0,complete,Broad enthusiasts
USER-0161,ITEM-039,2025-04-02T11:03:00+00:00,1.0,open,Focused regulars
USER-0122,ITEM-004,2025-04-02T12:05:00+00:00,1.0,open,Focused regulars
USER-0003,ITEM-049,2025-04-02T13:04:00+00:00,1.0,open,Broad enthusiasts
USER-0178,ITEM-034,2025-04-02T14:01:00+00:00,2.0,save,New explorers
USER-0065,ITEM-025,2025-04-02T16:03:00+00:00,1.0,open,Focused regulars
USER-0198,ITEM-049,2025-04-02T16:08:00+00:00,1.0,open,Broad enthusiasts
USER-0258,ITEM-094,2025-04-02T17:01:00+00:00,2.0,save,Broad enthusiasts
USER-0047,ITEM-032,2025-04-02T18:02:00+00:00,1.0,open,Focused regulars
USER-0293,ITEM-047,2025-04-02T19:01:00+00:00,1.0,open,Focused regulars
USER-0232,ITEM-018,2025-04-02T19:02:00+00:00,2.0,save,New explorers
USER-0252,ITEM-047,2025-04-02T22:01:00+00:00,1.0,open,Broad enthusiasts
USER-0071,ITEM-010,2025-04-03T07:02:00+00:00,1.0,open,Focused regulars
USER-0300,ITEM-078,2025-04-03T07:04:00+00:00,1.0,open,Broad enthusiasts
USER-0128,ITEM-094,2025-04-03T08:01:00+00:00,1.0,open,Focused regulars
USER-0003,ITEM-042,2025-04-03T08:05:00+00:00,1.0,open,Broad enthusiasts
USER-0208,ITEM-037,2025-04-03T09:00:00+00:00,1.0,open,New explorers
USER-0087,ITEM-018,2025-04-03T09:04:00+00:00,1.0,open,Broad enthusiasts
USER-0189,ITEM-060,2025-04-03T09:08:00+00:00,1.0,open,Broad enthusiasts
USER-0078,ITEM-017,2025-04-03T11:03:00+00:00,2.0,save,Broad enthusiasts
USER-0104,ITEM-053,2025-04-03T11:03:00+00:00,1.0,open,Focused regulars
USER-0315,ITEM-049,2025-04-03T12:06:00+00:00,1.0,open,Broad enthusiasts
USER-0098,ITEM-056,2025-04-03T13:05:00+00:00,3.0,complete,Focused regulars
USER-0038,ITEM-044,2025-04-03T14:01:00+00:00,1.0,open,Focused regulars
USER-0150,ITEM-055,2025-04-03T14:10:00+00:00,3.0,complete,Broad enthusiasts
USER-0192,ITEM-037,2025-04-03T15:01:00+00:00,2.0,save,Broad enthusiasts
USER-0115,ITEM-031,2025-04-03T18:02:00+00:00,3.0,complete,New explorers
USER-0277,ITEM-013,2025-04-03T19:01:00+00:00,1.0,open,New explorers
USER-0266,ITEM-022,2025-04-03T19:07:00+00:00,1.0,open,Focused regulars
USER-0055,ITEM-055,2025-04-03T20:04:00+00:00,2.0,save,New explorers
USER-0262,ITEM-039,2025-04-03T21:01:00+00:00,1.0,open,New explorers
USER-0041,ITEM-013,2025-04-03T21:08:00+00:00,1.0,open,Focused regulars
USER-0020,ITEM-020,2025-04-03T22:02:00+00:00,1.0,open,Focused regulars
USER-0045,ITEM-071,2025-04-03T22:04:00+00:00,1.0,open,Broad enthusiasts
USER-0171,ITEM-021,2025-04-04T07:02:00+00:00,2.0,save,Broad enthusiasts
USER-0111,ITEM-017,2025-04-04T08:02:00+00:00,1.0,open,Broad enthusiasts
USER-0192,ITEM-053,2025-04-04T09:02:00+00:00,1.0,open,Broad enthusiasts
USER-0170,ITEM-026,2025-04-04T10:03:00+00:00,1.0,open,Focused regulars
USER-0294,ITEM-031,2025-04-04T10:05:00+00:00,2.0,save,Broad enthusiasts
USER-0072,ITEM-052,2025-04-04T11:03:00+00:00,2.0,save,Broad enthusiasts
USER-0092,ITEM-019,2025-04-04T13:02:00+00:00,1.0,open,Focused regulars
USER-0302,ITEM-052,2025-04-04T13:05:00+00:00,1.0,open,Focused regulars
USER-0177,ITEM-012,2025-04-04T14:01:00+00:00,3.0,complete,Broad enthusiasts
USER-0126,ITEM-027,2025-04-04T15:00:00+00:00,1.0,open,Broad enthusiasts
USER-0309,ITEM-023,2025-04-04T15:01:00+00:00,1.0,open,Broad enthusiasts
USER-0116,ITEM-011,2025-04-04T15:02:00+00:00,1.0,open,Focused regulars
USER-0078,ITEM-005,2025-04-04T15:04:00+00:00,1.0,open,Broad enthusiasts
USER-0146,ITEM-044,2025-04-04T16:03:00+00:00,2.0,save,Focused regulars
USER-0081,ITEM-082,2025-04-04T16:05:00+00:00,1.0,open,Broad enthusiasts
USER-0048,ITEM-014,2025-04-04T17:01:00+00:00,1.0,open,Broad enthusiasts
USER-0208,ITEM-002,2025-04-04T17:01:00+00:00,2.0,save,New explorers
USER-0084,ITEM-024,2025-04-04T17:03:00+00:00,1.0,open,Broad enthusiasts
USER-0264,ITEM-052,2025-04-04T17:04:00+00:00,1.0,open,Broad enthusiasts
USER-0301,ITEM-033,2025-04-04T19:02:00+00:00,1.0,open,New explorers
USER-0145,ITEM-037,2025-04-04T20:00:00+00:00,1.0,open,New explorers
USER-0108,ITEM-011,2025-04-04T20:03:00+00:00,2.0,save,Broad enthusiasts
USER-0098,ITEM-044,2025-04-04T20:06:00+00:00,1.0,open,Focused regulars
USER-0104,ITEM-038,2025-04-04T22:04:00+00:00,3.0,complete,Focused regulars
USER-0022,ITEM-060,2025-04-04T22:05:00+00:00,1.0,open,New explorers
USER-0162,ITEM-065,2025-04-04T22:08:00+00:00,2.0,save,Broad enthusiasts
USER-0242,ITEM-018,2025-04-05T07:02:00+00:00,1.0,open,Focused regulars
USER-0105,ITEM-002,2025-04-05T08:05:00+00:00,3.0,complete,Broad enthusiasts
USER-0132,ITEM-020,2025-04-05T08:06:00+00:00,1.0,open,Broad enthusiasts
USER-0315,ITEM-040,2025-04-05T08:07:00+00:00,1.0,open,Broad enthusiasts
USER-0009,ITEM-089,2025-04-05T09:07:00+00:00,1.0,open,Broad enthusiasts
USER-0146,ITEM-058,2025-04-05T10:04:00+00:00,2.0,save,Focused regulars
USER-0257,ITEM-055,2025-04-05T11:00:00+00:00,1.0,open,Focused regulars
USER-0173,ITEM-016,2025-04-05T11:02:00+00:00,1.0,open,Focused regulars
USER-0228,ITEM-054,2025-04-05T11:02:00+00:00,1.0,open,Broad enthusiasts
USER-0017,ITEM-040,2025-04-05T12:05:00+00:00,3.0,complete,Focused regulars
USER-0279,ITEM-037,2025-04-05T12:05:00+00:00,3.0,complete,Broad enthusiasts
USER-0029,ITEM-019,2025-04-05T13:02:00+00:00,2.0,save,Focused regulars
USER-0278,ITEM-043,2025-04-05T14:01:00+00:00,2.0,save,Focused regulars
USER-0227,ITEM-049,2025-04-05T14:03:00+00:00,1.0,open,Focused regulars
USER-0063,ITEM-071,2025-04-05T15:05:00+00:00,1.0,open,Broad enthusiasts
USER-0213,ITEM-060,2025-04-05T15:07:00+00:00,1.0,open,Broad enthusiasts
USER-0285,ITEM-022,2025-04-05T16:02:00+00:00,1.0,open,Broad enthusiasts
USER-0095,ITEM-027,2025-04-05T16:03:00+00:00,2.0,save,Focused regulars
USER-0263,ITEM-032,2025-04-05T16:04:00+00:00,1.0,open,Focused regulars
USER-0020,ITEM-078,2025-04-05T17:03:00+00:00,2.0,save,Focused regulars
USER-0155,ITEM-045,2025-04-05T19:02:00+00:00,2.0,save,Focused regulars
USER-0089,ITEM-065,2025-04-05T19:03:00+00:00,2.0,save,Focused regulars
USER-0284,ITEM-002,2025-04-05T21:06:00+00:00,2.0,save,Focused regulars
USER-0051,ITEM-023,2025-04-05T22:03:00+00:00,1.0,open,Broad enthusiasts
USER-0033,ITEM-004,2025-04-06T08:01:00+00:00,2.0,save,Broad enthusiasts
USER-0032,ITEM-017,2025-04-06T08:04:00+00:00,1.0,open,Focused regulars
USER-0162,ITEM-024,2025-04-06T08:09:00+00:00,3.0,complete,Broad enthusiasts
USER-0237,ITEM-015,2025-04-06T08:09:00+00:00,1.0,open,Broad enthusiasts
USER-0020,ITEM-006,2025-04-06T09:04:00+00:00,1.0,open,Focused regulars
USER-0090,ITEM-005,2025-04-06T11:04:00+00:00,2.0,save,Broad enthusiasts
USER-0236,ITEM-089,2025-04-06T12:01:00+00:00,3.0,complete,Focused regulars
USER-0294,ITEM-008,2025-04-06T15:06:00+00:00,2.0,save,Broad enthusiasts
USER-0238,ITEM-022,2025-04-06T18:01:00+00:00,1.0,open,New explorers
USER-0073,ITEM-070,2025-04-06T18:04:00+00:00,1.0,open,New explorers
USER-0147,ITEM-023,2025-04-06T18:05:00+00:00,2.0,save,Broad enthusiasts
USER-0153,ITEM-082,2025-04-06T18:08:00+00:00,1.0,open,Broad enthusiasts
USER-0291,ITEM-071,2025-04-06T18:11:00+00:00,1.0,open,Broad enthusiasts
USER-0297,ITEM-096,2025-04-06T18:12:00+00:00,1.0,open,Broad enthusiasts
USER-0177,ITEM-060,2025-04-06T21:02:00+00:00,2.0,save,Broad enthusiasts
USER-0083,ITEM-044,2025-04-06T21:05:00+00:00,3.0,complete,Focused regulars
USER-0306,ITEM-032,2025-04-06T21:05:00+00:00,1.0,open,Broad enthusiasts
USER-0183,ITEM-032,2025-04-06T22:01:00+00:00,2.0,save,Broad enthusiasts
USER-0048,ITEM-013,2025-04-06T22:02:00+00:00,1.0,open,Broad enthusiasts
USER-0018,ITEM-003,2025-04-06T22:04:00+00:00,1.0,open,Broad enthusiasts
USER-0278,ITEM-027,2025-04-07T07:02:00+00:00,1.0,open,Focused regulars
USER-0110,ITEM-065,2025-04-07T08:04:00+00:00,1.0,open,Focused regulars
USER-0320,ITEM-053,2025-04-07T09:01:00+00:00,1.0,open,Focused regulars
USER-0202,ITEM-007,2025-04-07T09:02:00+00:00,1.0,open,New explorers
USER-0258,ITEM-025,2025-04-07T09:02:00+00:00,3.0,complete,Broad enthusiasts
USER-0092,ITEM-082,2025-04-07T09:03:00+00:00,2.0,save,Focused regulars
USER-0072,ITEM-047,2025-04-07T09:04:00+00:00,1.0,open,Broad enthusiasts
USER-0197,ITEM-024,2025-04-07T10:02:00+00:00,2.0,save,Focused regulars
USER-0269,ITEM-005,2025-04-07T10:05:00+00:00,1.0,open,Focused regulars
USER-0123,ITEM-020,2025-04-07T11:03:00+00:00,2.0,save,Broad enthusiasts
USER-0253,ITEM-055,2025-04-07T14:00:00+00:00,1.0,open,New explorers
USER-0252,ITEM-040,2025-04-07T14:02:00+00:00,3.0,complete,Broad enthusiasts
USER-0078,ITEM-021,2025-04-07T16:05:00+00:00,3.0,complete,Broad enthusiasts
USER-0158,ITEM-040,2025-04-07T16:06:00+00:00,2.0,save,Focused regulars
USER-0006,ITEM-025,2025-04-07T17:03:00+00:00,2.0,save,Broad enthusiasts
USER-0174,ITEM-094,2025-04-07T17:04:00+00:00,3.0,complete,Broad enthusiasts
USER-0041,ITEM-003,2025-04-07T17:09:00+00:00,1.0,open,Focused regulars
USER-0189,ITEM-036,2025-04-07T17:09:00+00:00,1.0,open,Broad enthusiasts
USER-0316,ITEM-032,2025-04-07T18:01:00+00:00,2.0,save,New explorers
USER-0181,ITEM-025,2025-04-07T20:06:00+00:00,1.0,open,New explorers
USER-0165,ITEM-047,2025-04-08T07:03:00+00:00,1.0,open,Broad enthusiasts
USER-0223,ITEM-020,2025-04-08T07:04:00+00:00,1.0,open,New explorers
USER-0043,ITEM-094,2025-04-08T09:01:00+00:00,2.0,save,New explorers
USER-0186,ITEM-025,2025-04-08T09:03:00+00:00,2.0,save,Broad enthusiasts
USER-0070,ITEM-023,2025-04-08T10:01:00+00:00,2.0,save,New explorers
USER-0258,ITEM-052,2025-04-08T10:03:00+00:00,1.0,open,Broad enthusiasts
USER-0093,ITEM-049,2025-04-08T10:04:00+00:00,1.0,open,Broad enthusiasts
USER-0180,ITEM-032,2025-04-08T10:04:00+00:00,3.0,complete,Broad enthusiasts
USER-0150,ITEM-026,2025-04-08T10:11:00+00:00,1.0,open,Broad enthusiasts
USER-0036,ITEM-037,2025-04-08T11:03:00+00:00,1.0,open,Broad enthusiasts
USER-0087,ITEM-040,2025-04-08T11:05:00+00:00,2.0,save,Broad enthusiasts
USER-0137,ITEM-017,2025-04-08T12:02:00+00:00,1.0,open,Focused regulars
USER-0278,ITEM-040,2025-04-08T12:03:00+00:00,1.0,open,Focused regulars
USER-0074,ITEM-026,2025-04-08T12:05:00+00:00,2.0,save,Focused regulars
USER-0095,ITEM-045,2025-04-08T13:04:00+00:00,1.0,open,Focused regulars
USER-0319,ITEM-094,2025-04-08T14:01:00+00:00,1.0,open,New explorers
USER-0224,ITEM-032,2025-04-08T14:02:00+00:00,1.0,open,Focused regulars
USER-0294,ITEM-014,2025-04-08T16:07:00+00:00,2.0,save,Broad enthusiasts
USER-0222,ITEM-036,2025-04-08T18:03:00+00:00,2.0,save,Broad enthusiasts
USER-0126,ITEM-028,2025-04-08T19:01:00+00:00,1.0,open,Broad enthusiasts
USER-0200,ITEM-067,2025-04-08T20:06:00+00:00,3.0,complete,Focused regulars
USER-0179,ITEM-041,2025-04-08T21:02:00+00:00,1.0,open,Focused regulars
USER-0216,ITEM-003,2025-04-08T21:03:00+00:00,2.0,save,Broad enthusiasts
USER-0263,ITEM-082,2025-04-08T21:05:00+00:00,1.0,open,Focused regulars
USER-0092,ITEM-060,2025-04-08T22:04:00+00:00,1.0,open,Focused regulars
USER-0209,ITEM-031,2025-04-09T07:06:00+00:00,3.0,complete,Focused regulars
USER-0262,ITEM-067,2025-04-09T09:02:00+00:00,2.0,save,New explorers
USER-0105,ITEM-034,2025-04-09T09:06:00+00:00,1.0,open,Broad enthusiasts
USER-0165,ITEM-002,2025-04-09T10:04:00+00:00,2.0,save,Broad enthusiasts
USER-0119,ITEM-052,2025-04-09T10:05:00+00:00,1.0,open,Focused regulars
USER-0273,ITEM-090,2025-04-09T12:05:00+00:00,3.0,complete,Broad enthusiasts
USER-0281,ITEM-053,2025-04-09T12:05:00+00:00,1.0,open,Focused regulars
USER-0074,ITEM-002,2025-04-09T12:06:00+00:00,1.0,open,Focused regulars
USER-0057,ITEM-067,2025-04-09T12:07:00+00:00,1.0,open,Broad enthusiasts
USER-0244,ITEM-022,2025-04-09T14:00:00+00:00,2.0,save,New explorers
USER-0011,ITEM-054,2025-04-09T14:04:00+00:00,2.0,save,Focused regulars
USER-0059,ITEM-037,2025-04-09T14:04:00+00:00,1.0,open,Focused regulars
USER-0196,ITEM-002,2025-04-09T15:00:00+00:00,3.0,complete,New explorers
USER-0237,ITEM-057,2025-04-09T15:10:00+00:00,1.0,open,Broad enthusiasts
USER-0137,ITEM-089,2025-04-09T16:03:00+00:00,1.0,open,Focused regulars
USER-0211,ITEM-049,2025-04-09T17:04:00+00:00,1.0,open,New explorers
USER-0054,ITEM-039,2025-04-09T17:06:00+00:00,1.0,open,Broad enthusiasts
USER-0069,ITEM-052,2025-04-09T18:01:00+00:00,2.0,save,Broad enthusiasts
USER-0258,ITEM-071,2025-04-09T18:04:00+00:00,1.0,open,Broad enthusiasts
USER-0307,ITEM-029,2025-04-09T18:05:00+00:00,1.0,open,New explorers
USER-0016,ITEM-025,2025-04-09T19:01:00+00:00,1.0,open,New explorers
USER-0039,ITEM-026,2025-04-09T19:04:00+00:00,1.0,open,Broad enthusiasts
USER-0234,ITEM-065,2025-04-09T19:05:00+00:00,1.0,open,Broad enthusiasts
USER-0194,ITEM-044,2025-04-09T22:02:00+00:00,2.0,save,Focused regulars
USER-0075,ITEM-012,2025-04-09T22:04:00+00:00,1.0,open,Broad enthusiasts
USER-0289,ITEM-017,2025-04-10T08:00:00+00:00,1.0,open,New explorers
USER-0093,ITEM-025,2025-04-10T08:05:00+00:00,3.0,complete,Broad enthusiasts
USER-0195,ITEM-033,2025-04-10T09:05:00+00:00,3.0,complete,Broad enthusiasts
USER-0294,ITEM-021,2025-04-10T09:08:00+00:00,2.0,save,Broad enthusiasts
USER-0060,ITEM-028,2025-04-10T10:03:00+00:00,2.0,save,Broad enthusiasts
USER-0003,ITEM-082,2025-04-10T10:06:00+00:00,3.0,complete,Broad enthusiasts
USER-0150,ITEM-028,2025-04-10T10:12:00+00:00,1.0,open,Broad enthusiasts
USER-0141,ITEM-069,2025-04-10T11:04:00+00:00,3.0,complete,Broad enthusiasts
USER-0279,ITEM-011,2025-04-10T11:06:00+00:00,1.0,open,Broad enthusiasts
USER-0243,ITEM-025,2025-04-10T12:01:00+00:00,3.0,complete,Broad enthusiasts
USER-0200,ITEM-002,2025-04-10T12:07:00+00:00,1.0,open,Focused regulars
USER-0207,ITEM-026,2025-04-10T13:03:00+00:00,1.0,open,Broad enthusiasts
USER-0297,ITEM-046,2025-04-10T13:13:00+00:00,1.0,open,Broad enthusiasts
USER-0046,ITEM-042,2025-04-10T14:00:00+00:00,2.0,save,New explorers
USER-0084,ITEM-047,2025-04-10T14:04:00+00:00,1.0,open,Broad enthusiasts
USER-0309,ITEM-082,2025-04-10T16:02:00+00:00,1.0,open,Broad enthusiasts
USER-0170,ITEM-037,2025-04-10T16:04:00+00:00,1.0,open,Focused regulars
USER-0142,ITEM-027,2025-04-10T18:03:00+00:00,1.0,open,New explorers
USER-0132,ITEM-033,2025-04-10T18:07:00+00:00,2.0,save,Broad enthusiasts
USER-0168,ITEM-002,2025-04-10T19:01:00+00:00,3.0,complete,Broad enthusiasts
USER-0202,ITEM-013,2025-04-10T19:03:00+00:00,1.0,open,New explorers
USER-0117,ITEM-026,2025-04-10T20:01:00+00:00,1.0,open,Broad enthusiasts
USER-0050,ITEM-055,2025-04-10T20:05:00+00:00,3.0,complete,Focused regulars
USER-0315,ITEM-031,2025-04-10T20:08:00+00:00,1.0,open,Broad enthusiasts
USER-0215,ITEM-037,2025-04-10T21:02:00+00:00,1.0,open,Focused regulars
USER-0306,ITEM-078,2025-04-10T21:06:00+00:00,1.0,open,Broad enthusiasts
USER-0077,ITEM-021,2025-04-10T22:05:00+00:00,1.0,open,Focused regulars
USER-0060,ITEM-044,2025-04-11T07:04:00+00:00,1.0,open,Broad enthusiasts
USER-0206,ITEM-018,2025-04-11T07:04:00+00:00,1.0,open,Focused regulars
USER-0291,ITEM-052,2025-04-11T08:12:00+00:00,1.0,open,Broad enthusiasts
USER-0273,ITEM-018,2025-04-11T09:06:00+00:00,3.0,complete,Broad enthusiasts
USER-0012,ITEM-067,2025-04-11T10:04:00+00:00,2.0,save,Broad enthusiasts
USER-0075,ITEM-027,2025-04-11T11:05:00+00:00,1.0,open,Broad enthusiasts
USER-0129,ITEM-005,2025-04-11T11:07:00+00:00,2.0,save,Broad enthusiasts
USER-0050,ITEM-052,2025-04-11T12:06:00+00:00,1.0,open,Focused regulars
USER-0193,ITEM-033,2025-04-11T14:00:00+00:00,1.0,open,New explorers
USER-0205,ITEM-067,2025-04-11T15:01:00+00:00,1.0,open,New explorers
USER-0213,ITEM-005,2025-04-11T15:08:00+00:00,2.0,save,Broad enthusiasts
USER-0062,ITEM-010,2025-04-11T16:01:00+00:00,3.0,complete,Focused regulars
USER-0142,ITEM-032,2025-04-11T16:04:00+00:00,1.0,open,New explorers
USER-0098,ITEM-026,2025-04-11T19:07:00+00:00,2.0,save,Focused regulars
USER-0315,ITEM-067,2025-04-11T19:09:00+00:00,1.0,open,Broad enthusiasts
USER-0092,ITEM-020,2025-04-11T20:05:00+00:00,1.0,open,Focused regulars
USER-0132,ITEM-004,2025-04-11T20:08:00+00:00,1.0,open,Broad enthusiasts
USER-0257,ITEM-018,2025-04-11T21:01:00+00:00,2.0,save,Focused regulars
USER-0005,ITEM-055,2025-04-11T21:03:00+00:00,1.0,open,Focused regulars
USER-0170,ITEM-021,2025-04-11T21:05:00+00:00,3.0,complete,Focused regulars
USER-0084,ITEM-094,2025-04-11T22:05:00+00:00,1.0,open,Broad enthusiasts
USER-0319,ITEM-006,2025-04-12T08:02:00+00:00,1.0,open,New explorers
USER-0222,ITEM-052,2025-04-12T08:04:00+00:00,1.0,open,Broad enthusiasts
USER-0225,ITEM-005,2025-04-12T08:05:00+00:00,1.0,open,Broad enthusiasts
USER-0195,ITEM-029,2025-04-12T09:06:00+00:00,1.0,open,Broad enthusiasts
USER-0194,ITEM-033,2025-04-12T11:03:00+00:00,1.0,open,Focused regulars
USER-0252,ITEM-055,2025-04-12T11:03:00+00:00,3.0,complete,Broad enthusiasts
USER-0051,ITEM-034,2025-04-12T11:04:00+00:00,1.0,open,Broad enthusiasts
USER-0213,ITEM-065,2025-04-12T12:09:00+00:00,1.0,open,Broad enthusiasts
USER-0145,ITEM-082,2025-04-12T14:01:00+00:00,1.0,open,New explorers
USER-0151,ITEM-020,2025-04-12T14:04:00+00:00,1.0,open,New explorers
USER-0050,ITEM-016,2025-04-12T14:07:00+00:00,1.0,open,Focused regulars
USER-0060,ITEM-041,2025-04-12T15:05:00+00:00,1.0,open,Broad enthusiasts
USER-0120,ITEM-028,2025-04-12T16:03:00+00:00,1.0,open,Broad enthusiasts
USER-0296,ITEM-057,2025-04-12T16:03:00+00:00,3.0,complete,Focused regulars
USER-0227,ITEM-033,2025-04-12T16:04:00+00:00,1.0,open,Focused regulars
USER-0170,ITEM-008,2025-04-12T16:06:00+00:00,2.0,save,Focused regulars
USER-0312,ITEM-004,2025-04-12T16:06:00+00:00,2.0,save,Broad enthusiasts
USER-0014,ITEM-029,2025-04-12T17:01:00+00:00,1.0,open,Focused regulars
USER-0212,ITEM-060,2025-04-12T17:01:00+00:00,1.0,open,Focused regulars
USER-0062,ITEM-001,2025-04-12T18:02:00+00:00,2.0,save,Focused regulars
USER-0135,ITEM-033,2025-04-12T18:05:00+00:00,1.0,open,Broad enthusiasts
USER-0234,ITEM-010,2025-04-12T19:06:00+00:00,3.0,complete,Broad enthusiasts
USER-0088,ITEM-046,2025-04-12T20:04:00+00:00,1.0,open,New explorers
USER-0081,ITEM-039,2025-04-12T20:06:00+00:00,2.0,save,Broad enthusiasts
USER-0067,ITEM-067,2025-04-12T21:06:00+00:00,1.0,open,New explorers
USER-0147,ITEM-025,2025-04-12T21:06:00+00:00,1.0,open,Broad enthusiasts
USER-0280,ITEM-085,2025-04-12T21:06:00+00:00,1.0,open,New explorers
USER-0171,ITEM-047,2025-04-13T07:03:00+00:00,1.0,open,Broad enthusiasts
USER-0286,ITEM-003,2025-04-13T08:00:00+00:00,1.0,open,New explorers
USER-0282,ITEM-039,2025-04-13T08:02:00+00:00,1.0,open,Broad enthusiasts
USER-0065,ITEM-013,2025-04-13T08:04:00+00:00,1.0,open,Focused regulars
USER-0188,ITEM-014,2025-04-13T08:04:00+00:00,1.0,open,Focused regulars
USER-0218,ITEM-033,2025-04-13T09:02:00+00:00,2.0,save,Focused regulars
USER-0302,ITEM-041,2025-04-13T09:06:00+00:00,1.0,open,Focused regulars
USER-0162,ITEM-006,2025-04-13T09:10:00+00:00,1.0,open,Broad enthusiasts
USER-0291,ITEM-070,2025-04-13T09:13:00+00:00,2.0,save,Broad enthusiasts
USER-0038,ITEM-046,2025-04-13T10:02:00+00:00,1.0,open,Focused regulars
USER-0012,ITEM-052,2025-04-13T13:05:00+00:00,1.0,open,Broad enthusiasts
USER-0044,ITEM-052,2025-04-13T14:01:00+00:00,2.0,save,Focused regulars
USER-0140,ITEM-060,2025-04-13T14:04:00+00:00,3.0,complete,Focused regulars
USER-0039,ITEM-092,2025-04-13T14:05:00+00:00,1.0,open,Broad enthusiasts
USER-0120,ITEM-024,2025-04-13T15:04:00+00:00,1.0,open,Broad enthusiasts
USER-0158,ITEM-002,2025-04-13T15:07:00+00:00,1.0,open,Focused regulars
USER-0201,ITEM-032,2025-04-13T16:04:00+00:00,1.0,open,Broad enthusiasts
USER-0207,ITEM-018,2025-04-13T16:04:00+00:00,1.0,open,Broad enthusiasts
USER-0077,ITEM-026,2025-04-13T17:06:00+00:00,1.0,open,Focused regulars
USER-0002,ITEM-078,2025-04-13T22:02:00+00:00,3.0,complete,Focused regulars
USER-0233,ITEM-005,2025-04-14T07:00:00+00:00,1.0,open,Focused regulars
USER-0181,ITEM-029,2025-04-14T07:07:00+00:00,2.0,save,New explorers
USER-0264,ITEM-042,2025-04-14T09:05:00+00:00,1.0,open,Broad enthusiasts
USER-0272,ITEM-042,2025-04-14T10:03:00+00:00,2.0,save,Focused regulars
USER-0068,ITEM-021,2025-04-14T10:09:00+00:00,2.0,save,Focused regulars
USER-0212,ITEM-017,2025-04-14T14:02:00+00:00,1.0,open,Focused regulars
USER-0013,ITEM-078,2025-04-14T14:04:00+00:00,1.0,open,New explorers
USER-0290,ITEM-021,2025-04-14T14:07:00+00:00,1.0,open,Focused regulars
USER-0227,ITEM-092,2025-04-14T15:05:00+00:00,2.0,save,Focused regulars
USER-0298,ITEM-004,2025-04-14T16:00:00+00:00,1.0,open,New explorers
USER-0216,ITEM-042,2025-04-14T16:04:00+00:00,1.0,open,Broad enthusiasts
USER-0312,ITEM-036,2025-04-14T16:07:00+00:00,1.0,open,Broad enthusiasts
USER-0096,ITEM-005,2025-04-14T17:02:00+00:00,3.0,complete,Broad enthusiasts
USER-0257,ITEM-020,2025-04-14T17:02:00+00:00,1.0,open,Focused regulars
USER-0086,ITEM-055,2025-04-14T17:05:00+00:00,2.0,save,Focused regulars
USER-0084,ITEM-048,2025-04-14T19:06:00+00:00,1.0,open,Broad enthusiasts
USER-0203,ITEM-082,2025-04-14T19:08:00+00:00,1.0,open,Focused regulars
USER-0027,ITEM-044,2025-04-14T20:02:00+00:00,1.0,open,Broad enthusiasts
USER-0239,ITEM-039,2025-04-14T20:03:00+00:00,1.0,open,Focused regulars
USER-0262,ITEM-019,2025-04-14T20:03:00+00:00,1.0,open,New explorers
USER-0235,ITEM-018,2025-04-14T20:04:00+00:00,1.0,open,New explorers
USER-0133,ITEM-016,2025-04-14T22:01:00+00:00,2.0,save,New explorers
USER-0242,ITEM-090,2025-04-14T22:03:00+00:00,1.0,open,Focused regulars
USER-0133,ITEM-006,2025-04-15T07:02:00+00:00,1.0,open,New explorers
USER-0022,ITEM-026,2025-04-15T07:06:00+00:00,3.0,complete,New explorers
USER-0225,ITEM-028,2025-04-15T08:06:00+00:00,1.0,open,Broad enthusiasts
USER-0309,ITEM-026,2025-04-15T09:03:00+00:00,1.0,open,Broad enthusiasts
USER-0108,ITEM-092,2025-04-15T09:04:00+00:00,2.0,save,Broad enthusiasts
USER-0265,ITEM-044,2025-04-15T10:02:00+00:00,3.0,complete,New explorers
USER-0183,ITEM-024,2025-04-15T11:02:00+00:00,1.0,open,Broad enthusiasts
USER-0018,ITEM-067,2025-04-15T11:05:00+00:00,1.0,open,Broad enthusiasts
USER-0113,ITEM-042,2025-04-15T12:04:00+00:00,1.0,open,Focused regulars
USER-0189,ITEM-082,2025-04-15T13:10:00+00:00,1.0,open,Broad enthusiasts
USER-0224,ITEM-070,2025-04-15T14:03:00+00:00,2.0,save,Focused regulars
USER-0002,ITEM-046,2025-04-15T15:03:00+00:00,1.0,open,Focused regulars
USER-0094,ITEM-046,2025-04-15T16:00:00+00:00,3.0,complete,New explorers
USER-0056,ITEM-008,2025-04-15T16:05:00+00:00,1.0,open,Focused regulars
USER-0019,ITEM-034,2025-04-15T17:02:00+00:00,2.0,save,New explorers
USER-0258,ITEM-032,2025-04-15T17:05:00+00:00,2.0,save,Broad enthusiasts
USER-0262,ITEM-071,2025-04-15T18:04:00+00:00,1.0,open,New explorers
USER-0174,ITEM-034,2025-04-15T18:05:00+00:00,1.0,open,Broad enthusiasts
USER-0110,ITEM-052,2025-04-15T19:05:00+00:00,2.0,save,Focused regulars
USER-0161,ITEM-016,2025-04-15T21:04:00+00:00,1.0,open,Focused regulars
USER-0084,ITEM-006,2025-04-15T21:07:00+00:00,2.0,save,Broad enthusiasts
USER-0132,ITEM-025,2025-04-15T21:09:00+00:00,1.0,open,Broad enthusiasts
USER-0237,ITEM-049,2025-04-15T21:11:00+00:00,1.0,open,Broad enthusiasts
USER-0146,ITEM-052,2025-04-15T22:05:00+00:00,2.0,save,Focused regulars
USER-0025,ITEM-065,2025-04-16T07:01:00+00:00,2.0,save,New explorers
USER-0032,ITEM-048,2025-04-16T07:05:00+00:00,1.0,open,Focused regulars
USER-0140,ITEM-030,2025-04-16T07:05:00+00:00,2.0,save,Focused regulars
USER-0201,ITEM-020,2025-04-16T07:05:00+00:00,1.0,open,Broad enthusiasts
USER-0269,ITEM-037,2025-04-16T07:06:00+00:00,1.0,open,Focused regulars
USER-0132,ITEM-011,2025-04-16T07:10:00+00:00,1.0,open,Broad enthusiasts
USER-0135,ITEM-044,2025-04-16T08:06:00+00:00,1.0,open,Broad enthusiasts
USER-0030,ITEM-003,2025-04-16T08:08:00+00:00,2.0,save,Broad enthusiasts
USER-0059,ITEM-045,2025-04-16T11:05:00+00:00,1.0,open,Focused regulars
USER-0243,ITEM-058,2025-04-16T13:02:00+00:00,1.0,open,Broad enthusiasts
USER-0317,ITEM-092,2025-04-16T13:04:00+00:00,1.0,open,Focused regulars
USER-0086,ITEM-021,2025-04-16T14:06:00+00:00,1.0,open,Focused regulars
USER-0068,ITEM-020,2025-04-16T15:10:00+00:00,1.0,open,Focused regulars
USER-0026,ITEM-025,2025-04-16T16:04:00+00:00,2.0,save,Focused regulars
USER-0160,ITEM-060,2025-04-16T16:04:00+00:00,1.0,open,New explorers
USER-0315,ITEM-035,2025-04-16T16:10:00+00:00,1.0,open,Broad enthusiasts
USER-0046,ITEM-058,2025-04-16T17:01:00+00:00,1.0,open,New explorers
USER-0171,ITEM-041,2025-04-16T17:04:00+00:00,3.0,complete,Broad enthusiasts
USER-0182,ITEM-027,2025-04-16T18:02:00+00:00,3.0,complete,Focused regulars
USER-0048,ITEM-037,2025-04-16T18:03:00+00:00,3.0,complete,Broad enthusiasts
USER-0071,ITEM-067,2025-04-16T18:03:00+00:00,1.0,open,Focused regulars
USER-0072,ITEM-055,2025-04-16T18:05:00+00:00,1.0,open,Broad enthusiasts
USER-0254,ITEM-018,2025-04-16T19:03:00+00:00,1.0,open,Focused regulars
USER-0060,ITEM-027,2025-04-16T19:06:00+00:00,1.0,open,Broad enthusiasts
USER-0252,ITEM-039,2025-04-16T20:04:00+00:00,3.0,complete,Broad enthusiasts
USER-0270,ITEM-018,2025-04-16T22:01:00+00:00,3.0,complete,Broad enthusiasts
USER-0192,ITEM-018,2025-04-16T22:03:00+00:00,1.0,open,Broad enthusiasts
USER-0123,ITEM-044,2025-04-16T22:04:00+00:00,2.0,save,Broad enthusiasts
USER-0063,ITEM-016,2025-04-17T07:06:00+00:00,1.0,open,Broad enthusiasts
USER-0148,ITEM-032,2025-04-17T08:00:00+00:00,1.0,open,New explorers
USER-0168,ITEM-042,2025-04-17T10:02:00+00:00,1.0,open,Broad enthusiasts
USER-0050,ITEM-058,2025-04-17T10:08:00+00:00,2.0,save,Focused regulars
USER-0117,ITEM-060,2025-04-17T11:02:00+00:00,3.0,complete,Broad enthusiasts
USER-0145,ITEM-005,2025-04-17T12:02:00+00:00,1.0,open,New explorers
USER-0316,ITEM-040,2025-04-17T12:02:00+00:00,1.0,open,New explorers
USER-0102,ITEM-042,2025-04-17T12:05:00+00:00,1.0,open,Broad enthusiasts
USER-0294,ITEM-081,2025-04-17T13:09:00+00:00,1.0,open,Broad enthusiasts
USER-0276,ITEM-048,2025-04-17T14:04:00+00:00,1.0,open,Broad enthusiasts
USER-0191,ITEM-021,2025-04-17T15:01:00+00:00,2.0,save,Focused regulars
USER-0228,ITEM-065,2025-04-17T15:03:00+00:00,1.0,open,Broad enthusiasts
USER-0002,ITEM-040,2025-04-17T15:04:00+00:00,1.0,open,Focused regulars
USER-0309,ITEM-035,2025-04-17T16:04:00+00:00,2.0,save,Broad enthusiasts
USER-0241,ITEM-033,2025-04-17T17:00:00+00:00,1.0,open,New explorers
USER-0128,ITEM-014,2025-04-17T17:02:00+00:00,1.0,open,Focused regulars
USER-0293,ITEM-052,2025-04-17T17:02:00+00:00,1.0,open,Focused regulars
USER-0288,ITEM-034,2025-04-17T17:06:00+00:00,2.0,save,Broad enthusiasts
USER-0111,ITEM-033,2025-04-17T18:03:00+00:00,1.0,open,Broad enthusiasts
USER-0122,ITEM-067,2025-04-17T18:06:00+00:00,2.0,save,Focused regulars
USER-0243,ITEM-017,2025-04-17T19:03:00+00:00,3.0,complete,Broad enthusiasts
USER-0084,ITEM-028,2025-04-17T19:08:00+00:00,1.0,open,Broad enthusiasts
USER-0029,ITEM-042,2025-04-17T20:03:00+00:00,1.0,open,Focused regulars
USER-0281,ITEM-010,2025-04-17T20:06:00+00:00,2.0,save,Focused regulars
USER-0054,ITEM-005,2025-04-17T20:07:00+00:00,1.0,open,Broad enthusiasts
USER-0136,ITEM-058,2025-04-17T21:03:00+00:00,1.0,open,New explorers
USER-0258,ITEM-017,2025-04-17T21:06:00+00:00,2.0,save,Broad enthusiasts
USER-0306,ITEM-017,2025-04-17T21:07:00+00:00,1.0,open,Broad enthusiasts
USER-0224,ITEM-005,2025-04-18T07:04:00+00:00,1.0,open,Focused regulars
USER-0002,ITEM-018,2025-04-18T07:05:00+00:00,1.0,open,Focused regulars
USER-0154,ITEM-039,2025-04-18T10:03:00+00:00,3.0,complete,New explorers
USER-0153,ITEM-046,2025-04-18T10:09:00+00:00,1.0,open,Broad enthusiasts
USER-0126,ITEM-017,2025-04-18T11:02:00+00:00,1.0,open,Broad enthusiasts
USER-0228,ITEM-096,2025-04-18T11:04:00+00:00,2.0,save,Broad enthusiasts
USER-0215,ITEM-031,2025-04-18T12:03:00+00:00,2.0,save,Focused regulars
USER-0159,ITEM-036,2025-04-18T13:06:00+00:00,3.0,complete,Broad enthusiasts
USER-0273,ITEM-060,2025-04-18T13:07:00+00:00,1.0,open,Broad enthusiasts
USER-0278,ITEM-011,2025-04-18T15:04:00+00:00,1.0,open,Focused regulars
USER-0216,ITEM-011,2025-04-18T16:05:00+00:00,1.0,open,Broad enthusiasts
USER-0046,ITEM-039,2025-04-18T17:02:00+00:00,1.0,open,New explorers
USER-0009,ITEM-047,2025-04-18T17:08:00+00:00,2.0,save,Broad enthusiasts
USER-0266,ITEM-011,2025-04-18T17:08:00+00:00,2.0,save,Focused regulars
USER-0306,ITEM-018,2025-04-18T17:08:00+00:00,2.0,save,Broad enthusiasts
USER-0276,ITEM-040,2025-04-18T18:05:00+00:00,3.0,complete,Broad enthusiasts
USER-0062,ITEM-065,2025-04-18T19:03:00+00:00,2.0,save,Focused regulars
USER-0262,ITEM-037,2025-04-18T19:05:00+00:00,1.0,open,New explorers
USER-0139,ITEM-005,2025-04-18T20:01:00+00:00,1.0,open,New explorers
USER-0082,ITEM-055,2025-04-18T21:00:00+00:00,1.0,open,New explorers
USER-0241,ITEM-028,2025-04-18T21:01:00+00:00,3.0,complete,New explorers
USER-0188,ITEM-004,2025-04-18T21:05:00+00:00,3.0,complete,Focused regulars
USER-0074,ITEM-004,2025-04-18T21:07:00+00:00,1.0,open,Focused regulars
USER-0213,ITEM-028,2025-04-18T21:10:00+00:00,1.0,open,Broad enthusiasts
USER-0162,ITEM-039,2025-04-18T22:11:00+00:00,3.0,complete,Broad enthusiasts
USER-0038,ITEM-035,2025-04-19T07:03:00+00:00,1.0,open,Focused regulars
USER-0135,ITEM-014,2025-04-19T07:07:00+00:00,1.0,open,Broad enthusiasts
USER-0256,ITEM-019,2025-04-19T08:01:00+00:00,1.0,open,New explorers
USER-0178,ITEM-025,2025-04-19T09:02:00+00:00,1.0,open,New explorers
USER-0236,ITEM-049,2025-04-19T10:02:00+00:00,1.0,open,Focused regulars
USER-0009,ITEM-067,2025-04-19T10:09:00+00:00,2.0,save,Broad enthusiasts
USER-0018,ITEM-083,2025-04-19T11:06:00+00:00,2.0,save,Broad enthusiasts
USER-0055,ITEM-039,2025-04-19T12:05:00+00:00,1.0,open,New explorers
USER-0215,ITEM-040,2025-04-19T13:04:00+00:00,1.0,open,Focused regulars
USER-0221,ITEM-046,2025-04-19T15:00:00+00:00,1.0,open,Focused regulars
USER-0267,ITEM-082,2025-04-19T15:03:00+00:00,1.0,open,Broad enthusiasts
USER-0072,ITEM-054,2025-04-19T15:06:00+00:00,2.0,save,Broad enthusiasts
USER-0244,ITEM-067,2025-04-19T18:01:00+00:00,1.0,open,New explorers
USER-0035,ITEM-013,2025-04-19T18:03:00+00:00,2.0,save,Focused regulars
USER-0213,ITEM-002,2025-04-19T18:11:00+00:00,1.0,open,Broad enthusiasts
USER-0310,ITEM-008,2025-04-19T20:01:00+00:00,1.0,open,New explorers
USER-0270,ITEM-033,2025-04-19T20:02:00+00:00,2.0,save,Broad enthusiasts
USER-0266,ITEM-078,2025-04-19T21:09:00+00:00,2.0,save,Focused regulars
USER-0186,ITEM-081,2025-04-20T07:04:00+00:00,1.0,open,Broad enthusiasts
USER-0189,ITEM-002,2025-04-20T07:11:00+00:00,3.0,complete,Broad enthusiasts
USER-0315,ITEM-019,2025-04-20T07:11:00+00:00,2.0,save,Broad enthusiasts
USER-0120,ITEM-033,2025-04-20T08:05:00+00:00,2.0,save,Broad enthusiasts
USER-0036,ITEM-020,2025-04-20T12:04:00+00:00,3.0,complete,Broad enthusiasts
USER-0095,ITEM-052,2025-04-20T12:05:00+00:00,2.0,save,Focused regulars
USER-0059,ITEM-034,2025-04-20T12:06:00+00:00,1.0,open,Focused regulars
USER-0279,ITEM-067,2025-04-20T12:07:00+00:00,2.0,save,Broad enthusiasts
USER-0284,ITEM-015,2025-04-20T12:07:00+00:00,1.0,open,Focused regulars
USER-0201,ITEM-005,2025-04-20T14:06:00+00:00,1.0,open,Broad enthusiasts
USER-0128,ITEM-067,2025-04-20T15:03:00+00:00,1.0,open,Focused regulars
USER-0237,ITEM-040,2025-04-20T15:12:00+00:00,1.0,open,Broad enthusiasts
USER-0202,ITEM-021,2025-04-20T17:04:00+00:00,2.0,save,New explorers
USER-0075,ITEM-010,2025-04-20T17:06:00+00:00,1.0,open,Broad enthusiasts
USER-0063,ITEM-014,2025-04-20T18:07:00+00:00,1.0,open,Broad enthusiasts
USER-0105,ITEM-017,2025-04-20T18:07:00+00:00,2.0,save,Broad enthusiasts
USER-0107,ITEM-037,2025-04-20T20:03:00+00:00,1.0,open,Focused regulars
USER-0246,ITEM-056,2025-04-20T20:03:00+00:00,1.0,open,Broad enthusiasts
USER-0297,ITEM-085,2025-04-20T20:14:00+00:00,2.0,save,Broad enthusiasts
USER-0227,ITEM-052,2025-04-20T21:06:00+00:00,3.0,complete,Focused regulars
USER-0255,ITEM-025,2025-04-20T21:06:00+00:00,1.0,open,Broad enthusiasts
USER-0182,ITEM-018,2025-04-21T07:03:00+00:00,1.0,open,Focused regulars
USER-0091,ITEM-019,2025-04-21T07:05:00+00:00,1.0,open,New explorers
USER-0111,ITEM-008,2025-04-21T08:04:00+00:00,3.0,complete,Broad enthusiasts
USER-0252,ITEM-087,2025-04-21T08:05:00+00:00,1.0,open,Broad enthusiasts
USER-0302,ITEM-056,2025-04-21T08:07:00+00:00,2.0,save,Focused regulars
USER-0064,ITEM-060,2025-04-21T09:00:00+00:00,1.0,open,New explorers
USER-0018,ITEM-027,2025-04-21T09:07:00+00:00,2.0,save,Broad enthusiasts
USER-0225,ITEM-094,2025-04-21T09:07:00+00:00,1.0,open,Broad enthusiasts
USER-0232,ITEM-051,2025-04-21T11:03:00+00:00,1.0,open,New explorers
USER-0099,ITEM-087,2025-04-21T11:05:00+00:00,1.0,open,Broad enthusiasts
USER-0172,ITEM-016,2025-04-21T12:01:00+00:00,1.0,open,New explorers
USER-0282,ITEM-069,2025-04-21T12:03:00+00:00,1.0,open,Broad enthusiasts
USER-0132,ITEM-042,2025-04-21T13:11:00+00:00,1.0,open,Broad enthusiasts
USER-0015,ITEM-028,2025-04-21T14:04:00+00:00,1.0,open,Broad enthusiasts
USER-0170,ITEM-060,2025-04-21T14:07:00+00:00,1.0,open,Focused regulars
USER-0253,ITEM-045,2025-04-21T15:01:00+00:00,2.0,save,New explorers
USER-0135,ITEM-036,2025-04-21T15:08:00+00:00,1.0,open,Broad enthusiasts
USER-0270,ITEM-019,2025-04-21T17:03:00+00:00,2.0,save,Broad enthusiasts
USER-0315,ITEM-092,2025-04-21T17:12:00+00:00,1.0,open,Broad enthusiasts
USER-0171,ITEM-005,2025-04-21T19:05:00+00:00,1.0,open,Broad enthusiasts
USER-0020,ITEM-070,2025-04-21T20:05:00+00:00,2.0,save,Focused regulars
USER-0073,ITEM-032,2025-04-21T20:05:00+00:00,1.0,open,New explorers
USER-0189,ITEM-049,2025-04-21T20:12:00+00:00,1.0,open,Broad enthusiasts
USER-0009,ITEM-039,2025-04-21T21:10:00+00:00,1.0,open,Broad enthusiasts
USER-0094,ITEM-049,2025-04-21T22:01:00+00:00,1.0,open,New explorers
USER-0265,ITEM-055,2025-04-21T22:03:00+00:00,2.0,save,New explorers
USER-0165,ITEM-042,2025-04-21T22:05:00+00:00,2.0,save,Broad enthusiasts
USER-0166,ITEM-035,2025-04-22T07:03:00+00:00,1.0,open,New explorers
USER-0089,ITEM-025,2025-04-22T07:04:00+00:00,3.0,complete,Focused regulars
USER-0072,ITEM-037,2025-04-22T07:07:00+00:00,1.0,open,Broad enthusiasts
USER-0013,ITEM-067,2025-04-22T09:05:00+00:00,1.0,open,New explorers
USER-0129,ITEM-025,2025-04-22T10:08:00+00:00,1.0,open,Broad enthusiasts
USER-0315,ITEM-028,2025-04-22T10:13:00+00:00,3.0,complete,Broad enthusiasts
USER-0156,ITEM-029,2025-04-22T11:08:00+00:00,2.0,save,Broad enthusiasts
USER-0076,ITEM-067,2025-04-22T13:00:00+00:00,1.0,open,New explorers
USER-0217,ITEM-028,2025-04-22T14:00:00+00:00,1.0,open,New explorers
USER-0058,ITEM-002,2025-04-22T14:02:00+00:00,2.0,save,New explorers
USER-0199,ITEM-071,2025-04-22T14:02:00+00:00,1.0,open,New explorers
USER-0096,ITEM-021,2025-04-22T14:03:00+00:00,3.0,complete,Broad enthusiasts
USER-0087,ITEM-045,2025-04-22T16:06:00+00:00,1.0,open,Broad enthusiasts
USER-0080,ITEM-040,2025-04-22T18:10:00+00:00,1.0,open,Focused regulars
USER-0310,ITEM-045,2025-04-22T20:02:00+00:00,1.0,open,New explorers
USER-0312,ITEM-005,2025-04-22T20:08:00+00:00,1.0,open,Broad enthusiasts
USER-0064,ITEM-040,2025-04-22T22:01:00+00:00,1.0,open,New explorers
USER-0065,ITEM-021,2025-04-22T22:05:00+00:00,1.0,open,Focused regulars
USER-0285,ITEM-025,2025-04-23T08:03:00+00:00,3.0,complete,Broad enthusiasts
USER-0211,ITEM-005,2025-04-23T09:05:00+00:00,1.0,open,New explorers
USER-0252,ITEM-049,2025-04-23T09:06:00+00:00,1.0,open,Broad enthusiasts
USER-0099,ITEM-011,2025-04-23T10:06:00+00:00,2.0,save,Broad enthusiasts
USER-0309,ITEM-055,2025-04-23T11:05:00+00:00,1.0,open,Broad enthusiasts
USER-0082,ITEM-067,2025-04-23T12:01:00+00:00,1.0,open,New explorers
USER-0286,ITEM-058,2025-04-23T13:01:00+00:00,3.0,complete,New explorers
USER-0248,ITEM-087,2025-04-23T13:02:00+00:00,1.0,open,Focused regulars
USER-0113,ITEM-050,2025-04-23T13:05:00+00:00,1.0,open,Focused regulars
USER-0256,ITEM-017,2025-04-23T14:02:00+00:00,1.0,open,New explorers
USER-0302,ITEM-026,2025-04-23T14:08:00+00:00,1.0,open,Focused regulars
USER-0172,ITEM-013,2025-04-23T16:02:00+00:00,1.0,open,New explorers
USER-0210,ITEM-067,2025-04-23T19:05:00+00:00,3.0,complete,Broad enthusiasts
USER-0153,ITEM-052,2025-04-23T19:10:00+00:00,1.0,open,Broad enthusiasts
USER-0289,ITEM-011,2025-04-23T20:01:00+00:00,2.0,save,New explorers
USER-0206,ITEM-025,2025-04-23T21:05:00+00:00,1.0,open,Focused regulars
USER-0240,ITEM-011,2025-04-23T21:05:00+00:00,1.0,open,Broad enthusiasts
USER-0251,ITEM-026,2025-04-23T22:01:00+00:00,1.0,open,Focused regulars
USER-0255,ITEM-084,2025-04-24T07:07:00+00:00,1.0,open,Broad enthusiasts
USER-0054,ITEM-070,2025-04-24T07:08:00+00:00,1.0,open,Broad enthusiasts
USER-0141,ITEM-019,2025-04-24T08:05:00+00:00,1.0,open,Broad enthusiasts
USER-0012,ITEM-012,2025-04-24T10:06:00+00:00,1.0,open,Broad enthusiasts
USER-0197,ITEM-083,2025-04-24T11:03:00+00:00,2.0,save,Focused regulars
USER-0194,ITEM-041,2025-04-24T11:04:00+00:00,3.0,complete,Focused regulars
USER-0024,ITEM-034,2025-04-24T12:00:00+00:00,1.0,open,Broad enthusiasts
USER-0021,ITEM-065,2025-04-24T12:03:00+00:00,1.0,open,Broad enthusiasts
USER-0168,ITEM-090,2025-04-24T13:03:00+00:00,1.0,open,Broad enthusiasts
USER-0206,ITEM-011,2025-04-24T13:06:00+00:00,1.0,open,Focused regulars
USER-0180,ITEM-033,2025-04-24T16:05:00+00:00,3.0,complete,Broad enthusiasts
USER-0092,ITEM-092,2025-04-24T16:06:00+00:00,3.0,complete,Focused regulars
USER-0289,ITEM-045,2025-04-24T17:02:00+00:00,1.0,open,New explorers
USER-0113,ITEM-027,2025-04-24T17:06:00+00:00,2.0,save,Focused regulars
USER-0030,ITEM-089,2025-04-24T17:09:00+00:00,1.0,open,Broad enthusiasts
USER-0016,ITEM-002,2025-04-24T18:02:00+00:00,2.0,save,New explorers
USER-0070,ITEM-056,2025-04-24T18:02:00+00:00,3.0,complete,New explorers
USER-0253,ITEM-011,2025-04-24T18:02:00+00:00,1.0,open,New explorers
USER-0240,ITEM-037,2025-04-24T18:06:00+00:00,1.0,open,Broad enthusiasts
USER-0220,ITEM-042,2025-04-24T19:00:00+00:00,1.0,open,New explorers
USER-0183,ITEM-092,2025-04-24T20:03:00+00:00,1.0,open,Broad enthusiasts
USER-0237,ITEM-034,2025-04-24T20:13:00+00:00,1.0,open,Broad enthusiasts
USER-0267,ITEM-004,2025-04-24T21:04:00+00:00,1.0,open,Broad enthusiasts
USER-0051,ITEM-014,2025-04-24T21:05:00+00:00,1.0,open,Broad enthusiasts
USER-0145,ITEM-012,2025-04-24T22:03:00+00:00,1.0,open,New explorers
USER-0239,ITEM-045,2025-04-25T08:04:00+00:00,1.0,open,Focused regulars
USER-0299,ITEM-039,2025-04-25T09:02:00+00:00,2.0,save,Focused regulars
USER-0260,ITEM-005,2025-04-25T09:05:00+00:00,3.0,complete,Focused regulars
USER-0002,ITEM-094,2025-04-25T09:06:00+00:00,1.0,open,Focused regulars
USER-0263,ITEM-031,2025-04-25T09:06:00+00:00,1.0,open,Focused regulars
USER-0164,ITEM-040,2025-04-25T10:09:00+00:00,1.0,open,Focused regulars
USER-0261,ITEM-031,2025-04-25T10:12:00+00:00,1.0,open,Broad enthusiasts
USER-0238,ITEM-017,2025-04-25T11:02:00+00:00,3.0,complete,New explorers
USER-0019,ITEM-049,2025-04-25T11:03:00+00:00,2.0,save,New explorers
USER-0144,ITEM-028,2025-04-25T14:11:00+00:00,2.0,save,Broad enthusiasts
USER-0132,ITEM-049,2025-04-25T14:12:00+00:00,2.0,save,Broad enthusiasts
USER-0290,ITEM-023,2025-04-25T17:08:00+00:00,1.0,open,Focused regulars
USER-0282,ITEM-016,2025-04-25T18:04:00+00:00,3.0,complete,Broad enthusiasts
USER-0113,ITEM-067,2025-04-25T18:07:00+00:00,1.0,open,Focused regulars
USER-0140,ITEM-055,2025-04-25T19:06:00+00:00,2.0,save,Focused regulars
USER-0274,ITEM-017,2025-04-25T20:00:00+00:00,3.0,complete,New explorers
USER-0058,ITEM-042,2025-04-25T20:03:00+00:00,3.0,complete,New explorers
USER-0157,ITEM-042,2025-04-25T22:00:00+00:00,1.0,open,New explorers
USER-0056,ITEM-026,2025-04-25T22:06:00+00:00,2.0,save,Focused regulars
USER-0231,ITEM-004,2025-04-25T22:08:00+00:00,2.0,save,Broad enthusiasts
USER-0242,ITEM-039,2025-04-26T07:04:00+00:00,2.0,save,Focused regulars
USER-0266,ITEM-002,2025-04-26T08:10:00+00:00,3.0,complete,Focused regulars
USER-0126,ITEM-060,2025-04-26T09:03:00+00:00,2.0,save,Broad enthusiasts
USER-0285,ITEM-084,2025-04-26T09:04:00+00:00,1.0,open,Broad enthusiasts
USER-0039,ITEM-020,2025-04-26T10:06:00+00:00,1.0,open,Broad enthusiasts
USER-0263,ITEM-026,2025-04-26T13:07:00+00:00,1.0,open,Focused regulars
USER-0158,ITEM-083,2025-04-26T13:08:00+00:00,3.0,complete,Focused regulars
USER-0164,ITEM-058,2025-04-26T13:10:00+00:00,1.0,open,Focused regulars
USER-0033,ITEM-028,2025-04-26T14:02:00+00:00,3.0,complete,Broad enthusiasts
USER-0241,ITEM-022,2025-04-26T14:02:00+00:00,1.0,open,New explorers
USER-0078,ITEM-065,2025-04-26T14:06:00+00:00,2.0,save,Broad enthusiasts
USER-0159,ITEM-011,2025-04-26T14:07:00+00:00,1.0,open,Broad enthusiasts
USER-0136,ITEM-049,2025-04-26T15:04:00+00:00,2.0,save,New explorers
USER-0123,ITEM-033,2025-04-26T15:05:00+00:00,2.0,save,Broad enthusiasts
USER-0083,ITEM-020,2025-04-26T15:06:00+00:00,2.0,save,Focused regulars
USER-0075,ITEM-050,2025-04-26T15:07:00+00:00,2.0,save,Broad enthusiasts
USER-0229,ITEM-016,2025-04-26T16:00:00+00:00,2.0,save,New explorers
USER-0068,ITEM-027,2025-04-26T17:11:00+00:00,1.0,open,Focused regulars
USER-0171,ITEM-013,2025-04-26T19:06:00+00:00,3.0,complete,Broad enthusiasts
USER-0240,ITEM-067,2025-04-26T19:07:00+00:00,1.0,open,Broad enthusiasts
USER-0162,ITEM-040,2025-04-26T19:12:00+00:00,1.0,open,Broad enthusiasts
USER-0132,ITEM-054,2025-04-26T19:13:00+00:00,1.0,open,Broad enthusiasts
USER-0010,ITEM-021,2025-04-26T21:02:00+00:00,1.0,open,New explorers
USER-0170,ITEM-014,2025-04-26T21:08:00+00:00,1.0,open,Focused regulars
USER-0156,ITEM-083,2025-04-26T22:09:00+00:00,3.0,complete,Broad enthusiasts
USER-0020,ITEM-054,2025-04-27T07:06:00+00:00,2.0,save,Focused regulars
USER-0302,ITEM-020,2025-04-27T08:09:00+00:00,1.0,open,Focused regulars
USER-0006,ITEM-019,2025-04-27T09:04:00+00:00,2.0,save,Broad enthusiasts
USER-0093,ITEM-060,2025-04-27T09:06:00+00:00,3.0,complete,Broad enthusiasts
USER-0227,ITEM-044,2025-04-27T09:07:00+00:00,1.0,open,Focused regulars
USER-0101,ITEM-065,2025-04-27T10:04:00+00:00,2.0,save,Focused regulars
USER-0156,ITEM-017,2025-04-27T10:10:00+00:00,1.0,open,Broad enthusiasts
USER-0107,ITEM-054,2025-04-27T11:04:00+00:00,2.0,save,Focused regulars
USER-0171,ITEM-069,2025-04-27T11:07:00+00:00,2.0,save,Broad enthusiasts
USER-0150,ITEM-082,2025-04-27T11:13:00+00:00,1.0,open,Broad enthusiasts
USER-0289,ITEM-002,2025-04-27T12:03:00+00:00,3.0,complete,New explorers
USER-0183,ITEM-048,2025-04-27T13:04:00+00:00,3.0,complete,Broad enthusiasts
USER-0130,ITEM-082,2025-04-27T14:03:00+00:00,1.0,open,New explorers
USER-0027,ITEM-039,2025-04-27T16:03:00+00:00,1.0,open,Broad enthusiasts
USER-0104,ITEM-090,2025-04-27T16:05:00+00:00,1.0,open,Focused regulars
USER-0295,ITEM-017,2025-04-27T19:02:00+00:00,1.0,open,New explorers
USER-0096,ITEM-044,2025-04-27T19:04:00+00:00,1.0,open,Broad enthusiasts
USER-0075,ITEM-082,2025-04-27T19:08:00+00:00,2.0,save,Broad enthusiasts
USER-0138,ITEM-018,2025-04-27T21:05:00+00:00,2.0,save,Broad enthusiasts
USER-0211,ITEM-042,2025-04-27T21:06:00+00:00,1.0,open,New explorers
USER-0127,ITEM-060,2025-04-27T22:00:00+00:00,1.0,open,New explorers
USER-0248,ITEM-052,2025-04-27T22:03:00+00:00,1.0,open,Focused regulars
USER-0306,ITEM-013,2025-04-27T22:09:00+00:00,1.0,open,Broad enthusiasts
USER-0173,ITEM-023,2025-04-28T07:03:00+00:00,2.0,save,Focused regulars
USER-0124,ITEM-094,2025-04-28T08:00:00+00:00,1.0,open,New explorers
USER-0180,ITEM-029,2025-04-28T09:06:00+00:00,1.0,open,Broad enthusiasts
USER-0267,ITEM-026,2025-04-28T10:05:00+00:00,1.0,open,Broad enthusiasts
USER-0074,ITEM-017,2025-04-28T10:08:00+00:00,1.0,open,Focused regulars
USER-0218,ITEM-040,2025-04-28T11:03:00+00:00,1.0,open,Focused regulars
USER-0128,ITEM-033,2025-04-28T11:04:00+00:00,3.0,complete,Focused regulars
USER-0036,ITEM-040,2025-04-28T11:05:00+00:00,2.0,save,Broad enthusiasts
USER-0088,ITEM-065,2025-04-28T11:05:00+00:00,1.0,open,New explorers
USER-0248,ITEM-035,2025-04-28T13:04:00+00:00,1.0,open,Focused regulars
USER-0282,ITEM-026,2025-04-28T13:05:00+00:00,1.0,open,Broad enthusiasts
USER-0155,ITEM-025,2025-04-28T14:03:00+00:00,3.0,complete,Focused regulars
USER-0104,ITEM-043,2025-04-28T14:06:00+00:00,1.0,open,Focused regulars
USER-0185,ITEM-094,2025-04-28T15:08:00+00:00,1.0,open,Focused regulars
USER-0293,ITEM-026,2025-04-28T20:03:00+00:00,1.0,open,Focused regulars
USER-0012,ITEM-051,2025-04-28T20:07:00+00:00,1.0,open,Broad enthusiasts
USER-0308,ITEM-005,2025-04-28T22:01:00+00:00,2.0,save,Focused regulars
USER-0111,ITEM-032,2025-04-28T22:05:00+00:00,3.0,complete,Broad enthusiasts
USER-0189,ITEM-087,2025-04-28T22:13:00+00:00,1.0,open,Broad enthusiasts
USER-0255,ITEM-085,2025-04-29T07:08:00+00:00,1.0,open,Broad enthusiasts
USER-0015,ITEM-065,2025-04-29T10:05:00+00:00,1.0,open,Broad enthusiasts
USER-0190,ITEM-016,2025-04-29T11:01:00+00:00,1.0,open,New explorers
USER-0301,ITEM-089,2025-04-29T11:03:00+00:00,1.0,open,New explorers
USER-0216,ITEM-067,2025-04-29T11:06:00+00:00,2.0,save,Broad enthusiasts
USER-0273,ITEM-083,2025-04-29T11:08:00+00:00,1.0,open,Broad enthusiasts
USER-0117,ITEM-094,2025-04-29T13:03:00+00:00,1.0,open,Broad enthusiasts
USER-0179,ITEM-089,2025-04-29T13:03:00+00:00,3.0,complete,Focused regulars
USER-0272,ITEM-067,2025-04-29T13:04:00+00:00,1.0,open,Focused regulars
USER-0096,ITEM-042,2025-04-29T13:05:00+00:00,1.0,open,Broad enthusiasts
USER-0158,ITEM-032,2025-04-29T13:09:00+00:00,2.0,save,Focused regulars
USER-0292,ITEM-025,2025-04-29T14:00:00+00:00,3.0,complete,New explorers
USER-0024,ITEM-052,2025-04-29T14:01:00+00:00,1.0,open,Broad enthusiasts
USER-0165,ITEM-058,2025-04-29T14:06:00+00:00,1.0,open,Broad enthusiasts
USER-0206,ITEM-019,2025-04-29T14:07:00+00:00,1.0,open,Focused regulars
USER-0080,ITEM-032,2025-04-29T14:11:00+00:00,1.0,open,Focused regulars
USER-0168,ITEM-034,2025-04-29T15:04:00+00:00,2.0,save,Broad enthusiasts
USER-0183,ITEM-013,2025-04-29T15:05:00+00:00,1.0,open,Broad enthusiasts
USER-0188,ITEM-028,2025-04-29T15:06:00+00:00,1.0,open,Focused regulars
USER-0006,ITEM-089,2025-04-29T17:05:00+00:00,2.0,save,Broad enthusiasts
USER-0267,ITEM-022,2025-04-29T17:06:00+00:00,2.0,save,Broad enthusiasts
USER-0240,ITEM-045,2025-04-29T17:08:00+00:00,1.0,open,Broad enthusiasts
USER-0198,ITEM-055,2025-04-29T17:09:00+00:00,2.0,save,Broad enthusiasts
USER-0009,ITEM-002,2025-04-29T17:11:00+00:00,1.0,open,Broad enthusiasts
USER-0049,ITEM-041,2025-04-29T18:02:00+00:00,2.0,save,New explorers
USER-0307,ITEM-024,2025-04-29T18:06:00+00:00,1.0,open,New explorers
USER-0070,ITEM-033,2025-04-29T19:03:00+00:00,1.0,open,New explorers
USER-0195,ITEM-049,2025-04-29T19:07:00+00:00,1.0,open,Broad enthusiasts
USER-0256,ITEM-052,2025-04-29T20:03:00+00:00,1.0,open,New explorers
USER-0093,ITEM-041,2025-04-29T20:07:00+00:00,1.0,open,Broad enthusiasts
USER-0058,ITEM-025,2025-04-29T21:04:00+00:00,3.0,complete,New explorers
USER-0186,ITEM-082,2025-04-29T21:05:00+00:00,1.0,open,Broad enthusiasts
USER-0268,ITEM-084,2025-04-29T22:00:00+00:00,3.0,complete,New explorers
USER-0103,ITEM-045,2025-04-29T22:04:00+00:00,3.0,complete,New explorers
USER-0066,ITEM-040,2025-04-30T07:03:00+00:00,2.0,save,Broad enthusiasts
USER-0251,ITEM-047,2025-04-30T08:02:00+00:00,2.0,save,Focused regulars
USER-0123,ITEM-017,2025-04-30T09:06:00+00:00,1.0,open,Broad enthusiasts
USER-0290,ITEM-052,2025-04-30T11:09:00+00:00,1.0,open,Focused regulars
USER-0314,ITEM-007,2025-04-30T12:03:00+00:00,1.0,open,Focused regulars
USER-0113,ITEM-008,2025-04-30T13:08:00+00:00,2.0,save,Focused regulars
USER-0087,ITEM-016,2025-04-30T14:07:00+00:00,1.0,open,Broad enthusiasts
USER-0147,ITEM-087,2025-04-30T15:07:00+00:00,2.0,save,Broad enthusiasts
USER-0308,ITEM-006,2025-04-30T16:02:00+00:00,3.0,complete,Focused regulars
USER-0058,ITEM-067,2025-04-30T16:05:00+00:00,2.0,save,New explorers
USER-0198,ITEM-006,2025-04-30T16:10:00+00:00,1.0,open,Broad enthusiasts
USER-0194,ITEM-017,2025-04-30T17:05:00+00:00,1.0,open,Focused regulars
USER-0258,ITEM-039,2025-04-30T17:07:00+00:00,1.0,open,Broad enthusiasts
USER-0016,ITEM-084,2025-04-30T18:03:00+00:00,1.0,open,New explorers
USER-0270,ITEM-049,2025-04-30T18:04:00+00:00,2.0,save,Broad enthusiasts
USER-0138,ITEM-034,2025-04-30T18:06:00+00:00,2.0,save,Broad enthusiasts
USER-0027,ITEM-049,2025-04-30T19:04:00+00:00,2.0,save,Broad enthusiasts
USER-0260,ITEM-081,2025-04-30T20:06:00+00:00,1.0,open,Focused regulars
USER-0295,ITEM-028,2025-04-30T22:03:00+00:00,3.0,complete,New explorers
USER-0128,ITEM-052,2025-04-30T22:05:00+00:00,3.0,complete,Focused regulars
USER-0307,ITEM-002,2025-04-30T22:07:00+00:00,2.0,save,New explorers
USER-0137,ITEM-082,2025-05-01T07:04:00+00:00,2.0,save,Focused regulars
USER-0001,ITEM-082,2025-05-01T08:04:00+00:00,2.0,save,New explorers
USER-0038,ITEM-031,2025-05-01T08:04:00+00:00,3.0,complete,Focused regulars
USER-0093,ITEM-005,2025-05-01T08:08:00+00:00,1.0,open,Broad enthusiasts
USER-0176,ITEM-032,2025-05-01T10:05:00+00:00,1.0,open,Focused regulars
USER-0122,ITEM-024,2025-05-01T10:07:00+00:00,1.0,open,Focused regulars
USER-0264,ITEM-044,2025-05-01T12:06:00+00:00,1.0,open,Broad enthusiasts
USER-0220,ITEM-039,2025-05-01T13:01:00+00:00,1.0,open,New explorers
USER-0168,ITEM-082,2025-05-01T13:05:00+00:00,3.0,complete,Broad enthusiasts
USER-0064,ITEM-028,2025-05-01T14:02:00+00:00,1.0,open,New explorers
USER-0095,ITEM-046,2025-05-01T15:06:00+00:00,1.0,open,Focused regulars
USER-0196,ITEM-010,2025-05-01T17:01:00+00:00,2.0,save,New explorers
USER-0276,ITEM-058,2025-05-01T18:06:00+00:00,1.0,open,Broad enthusiasts
USER-0021,ITEM-050,2025-05-01T19:04:00+00:00,1.0,open,Broad enthusiasts
USER-0167,ITEM-041,2025-05-01T19:04:00+00:00,1.0,open,Focused regulars
USER-0131,ITEM-049,2025-05-01T21:02:00+00:00,1.0,open,Focused regulars
USER-0197,ITEM-084,2025-05-01T21:04:00+00:00,1.0,open,Focused regulars
USER-0139,ITEM-032,2025-05-02T07:02:00+00:00,3.0,complete,New explorers
USER-0144,ITEM-023,2025-05-02T07:12:00+00:00,1.0,open,Broad enthusiasts
USER-0166,ITEM-037,2025-05-02T08:04:00+00:00,2.0,save,New explorers
USER-0134,ITEM-065,2025-05-02T09:02:00+00:00,2.0,save,Focused regulars
USER-0208,ITEM-060,2025-05-02T09:02:00+00:00,1.0,open,New explorers
USER-0012,ITEM-019,2025-05-02T09:08:00+00:00,3.0,complete,Broad enthusiasts
USER-0171,ITEM-070,2025-05-02T09:08:00+00:00,1.0,open,Broad enthusiasts
USER-0198,ITEM-071,2025-05-02T09:11:00+00:00,1.0,open,Broad enthusiasts
USER-0037,ITEM-033,2025-05-02T10:00:00+00:00,1.0,open,New explorers
USER-0190,ITEM-056,2025-05-02T10:02:00+00:00,1.0,open,New explorers
USER-0149,ITEM-028,2025-05-02T10:04:00+00:00,1.0,open,Focused regulars
USER-0294,ITEM-055,2025-05-02T10:10:00+00:00,1.0,open,Broad enthusiasts
USER-0116,ITEM-083,2025-05-02T11:03:00+00:00,1.0,open,Focused regulars
USER-0192,ITEM-011,2025-05-02T11:04:00+00:00,1.0,open,Broad enthusiasts
USER-0163,ITEM-017,2025-05-02T12:00:00+00:00,1.0,open,New explorers
USER-0244,ITEM-006,2025-05-02T12:02:00+00:00,1.0,open,New explorers
USER-0017,ITEM-060,2025-05-02T13:06:00+00:00,1.0,open,Focused regulars
USER-0174,ITEM-016,2025-05-02T13:06:00+00:00,1.0,open,Broad enthusiasts
USER-0105,ITEM-053,2025-05-02T13:08:00+00:00,1.0,open,Broad enthusiasts
USER-0060,ITEM-051,2025-05-02T14:07:00+00:00,3.0,complete,Broad enthusiasts
USER-0141,ITEM-043,2025-05-02T15:06:00+00:00,1.0,open,Broad enthusiasts
USER-0062,ITEM-022,2025-05-02T16:04:00+00:00,3.0,complete,Focused regulars
USER-0029,ITEM-083,2025-05-02T17:04:00+00:00,1.0,open,Focused regulars
USER-0210,ITEM-005,2025-05-02T17:06:00+00:00,3.0,complete,Broad enthusiasts
USER-0284,ITEM-067,2025-05-02T18:08:00+00:00,1.0,open,Focused regulars
USER-0080,ITEM-039,2025-05-02T18:12:00+00:00,3.0,complete,Focused regulars
USER-0150,ITEM-044,2025-05-02T18:14:00+00:00,1.0,open,Broad enthusiasts
USER-0136,ITEM-067,2025-05-02T19:05:00+00:00,1.0,open,New explorers
USER-0287,ITEM-019,2025-05-02T20:01:00+00:00,3.0,complete,Focused regulars
USER-0231,ITEM-002,2025-05-02T20:09:00+00:00,1.0,open,Broad enthusiasts
USER-0092,ITEM-012,2025-05-02T21:07:00+00:00,3.0,complete,Focused regulars
USER-0315,ITEM-052,2025-05-02T21:14:00+00:00,1.0,open,Broad enthusiasts
USER-0052,ITEM-037,2025-05-02T22:01:00+00:00,1.0,open,New explorers
USER-0279,ITEM-021,2025-05-02T22:08:00+00:00,1.0,open,Broad enthusiasts
USER-0132,ITEM-089,2025-05-02T22:14:00+00:00,1.0,open,Broad enthusiasts
USER-0186,ITEM-056,2025-05-03T07:06:00+00:00,1.0,open,Broad enthusiasts
USER-0249,ITEM-087,2025-05-03T07:07:00+00:00,3.0,complete,Broad enthusiasts
USER-0284,ITEM-087,2025-05-03T07:09:00+00:00,2.0,save,Focused regulars
USER-0005,ITEM-005,2025-05-03T08:04:00+00:00,1.0,open,Focused regulars
USER-0177,ITEM-044,2025-05-03T10:03:00+00:00,2.0,save,Broad enthusiasts
USER-0089,ITEM-033,2025-05-03T10:05:00+00:00,3.0,complete,Focused regulars
USER-0301,ITEM-027,2025-05-03T12:04:00+00:00,1.0,open,New explorers
USER-0095,ITEM-043,2025-05-03T12:07:00+00:00,1.0,open,Focused regulars
USER-0015,ITEM-010,2025-05-03T14:06:00+00:00,2.0,save,Broad enthusiasts
USER-0252,ITEM-016,2025-05-03T14:07:00+00:00,1.0,open,Broad enthusiasts
USER-0092,ITEM-038,2025-05-03T14:08:00+00:00,1.0,open,Focused regulars
USER-0113,ITEM-005,2025-05-03T14:09:00+00:00,1.0,open,Focused regulars
USER-0199,ITEM-065,2025-05-03T15:03:00+00:00,1.0,open,New explorers
USER-0017,ITEM-083,2025-05-03T16:07:00+00:00,3.0,complete,Focused regulars
USER-0061,ITEM-032,2025-05-03T18:06:00+00:00,1.0,open,New explorers
USER-0054,ITEM-043,2025-05-03T19:09:00+00:00,1.0,open,Broad enthusiasts
USER-0261,ITEM-041,2025-05-03T20:13:00+00:00,2.0,save,Broad enthusiasts
USER-0090,ITEM-083,2025-05-03T22:05:00+00:00,1.0,open,Broad enthusiasts
USER-0201,ITEM-028,2025-05-03T22:07:00+00:00,1.0,open,Broad enthusiasts
USER-0234,ITEM-031,2025-05-03T22:07:00+00:00,2.0,save,Broad enthusiasts
USER-0122,ITEM-047,2025-05-03T22:08:00+00:00,1.0,open,Focused regulars
USER-0212,ITEM-033,2025-05-04T07:03:00+00:00,1.0,open,Focused regulars
USER-0236,ITEM-067,2025-05-04T07:03:00+00:00,1.0,open,Focused regulars
USER-0083,ITEM-092,2025-05-04T08:07:00+00:00,1.0,open,Focused regulars
USER-0247,ITEM-044,2025-05-04T09:00:00+00:00,1.0,open,New explorers
USER-0203,ITEM-002,2025-05-04T09:09:00+00:00,1.0,open,Focused regulars
USER-0037,ITEM-046,2025-05-04T11:01:00+00:00,3.0,complete,New explorers
USER-0254,ITEM-049,2025-05-04T12:04:00+00:00,3.0,complete,Focused regulars
USER-0104,ITEM-033,2025-05-04T12:07:00+00:00,1.0,open,Focused regulars
USER-0288,ITEM-002,2025-05-04T12:07:00+00:00,2.0,save,Broad enthusiasts
USER-0027,ITEM-008,2025-05-04T13:05:00+00:00,1.0,open,Broad enthusiasts
USER-0234,ITEM-020,2025-05-04T13:08:00+00:00,2.0,save,Broad enthusiasts
USER-0084,ITEM-027,2025-05-04T13:09:00+00:00,2.0,save,Broad enthusiasts
USER-0249,ITEM-031,2025-05-04T14:08:00+00:00,1.0,open,Broad enthusiasts
USER-0240,ITEM-052,2025-05-04T14:09:00+00:00,1.0,open,Broad enthusiasts
USER-0252,ITEM-019,2025-05-04T16:08:00+00:00,1.0,open,Broad enthusiasts
USER-0258,ITEM-096,2025-05-04T16:08:00+00:00,1.0,open,Broad enthusiasts
USER-0261,ITEM-058,2025-05-04T16:14:00+00:00,1.0,open,Broad enthusiasts
USER-0031,ITEM-019,2025-05-04T19:00:00+00:00,1.0,open,New explorers
USER-0228,ITEM-002,2025-05-04T19:05:00+00:00,3.0,complete,Broad enthusiasts
USER-0272,ITEM-052,2025-05-04T19:05:00+00:00,2.0,save,Focused regulars
USER-0033,ITEM-032,2025-05-04T20:03:00+00:00,2.0,save,Broad enthusiasts
USER-0042,ITEM-045,2025-05-04T20:10:00+00:00,2.0,save,Broad enthusiasts
USER-0300,ITEM-043,2025-05-04T21:05:00+00:00,1.0,open,Broad enthusiasts
USER-0120,ITEM-031,2025-05-04T21:06:00+00:00,1.0,open,Broad enthusiasts
USER-0131,ITEM-039,2025-05-04T22:03:00+00:00,1.0,open,Focused regulars
USER-0135,ITEM-087,2025-05-04T22:09:00+00:00,1.0,open,Broad enthusiasts
USER-0118,ITEM-034,2025-05-05T07:03:00+00:00,2.0,save,New explorers
USER-0013,ITEM-002,2025-05-05T07:06:00+00:00,2.0,save,New explorers
USER-0136,ITEM-020,2025-05-05T08:06:00+00:00,1.0,open,New explorers
USER-0276,ITEM-002,2025-05-05T08:07:00+00:00,2.0,save,Broad enthusiasts
USER-0057,ITEM-016,2025-05-05T08:08:00+00:00,1.0,open,Broad enthusiasts
USER-0242,ITEM-010,2025-05-05T09:05:00+00:00,3.0,complete,Focused regulars
USER-0236,ITEM-082,2025-05-05T10:04:00+00:00,3.0,complete,Focused regulars
USER-0318,ITEM-094,2025-05-05T10:07:00+00:00,2.0,save,Broad enthusiasts
USER-0263,ITEM-067,2025-05-05T10:08:00+00:00,1.0,open,Focused regulars
USER-0105,ITEM-039,2025-05-05T11:09:00+00:00,3.0,complete,Broad enthusiasts
USER-0109,ITEM-001,2025-05-05T12:02:00+00:00,1.0,open,New explorers
USER-0211,ITEM-068,2025-05-05T13:07:00+00:00,2.0,save,New explorers
USER-0216,ITEM-089,2025-05-05T13:07:00+00:00,1.0,open,Broad enthusiasts
USER-0296,ITEM-045,2025-05-05T14:04:00+00:00,1.0,open,Focused regulars
USER-0269,ITEM-084,2025-05-05T14:07:00+00:00,1.0,open,Focused regulars
USER-0283,ITEM-022,2025-05-05T16:00:00+00:00,2.0,save,New explorers
USER-0031,ITEM-002,2025-05-05T17:01:00+00:00,1.0,open,New explorers
USER-0221,ITEM-016,2025-05-05T17:01:00+00:00,3.0,complete,Focused regulars
USER-0025,ITEM-067,2025-05-05T17:02:00+00:00,1.0,open,New explorers
USER-0080,ITEM-047,2025-05-05T18:13:00+00:00,1.0,open,Focused regulars
USER-0191,ITEM-044,2025-05-05T19:02:00+00:00,1.0,open,Focused regulars
USER-0059,ITEM-039,2025-05-05T19:07:00+00:00,1.0,open,Focused regulars
USER-0137,ITEM-055,2025-05-05T21:05:00+00:00,1.0,open,Focused regulars
USER-0207,ITEM-058,2025-05-06T07:05:00+00:00,1.0,open,Broad enthusiasts
USER-0164,ITEM-022,2025-05-06T07:11:00+00:00,1.0,open,Focused regulars
USER-0230,ITEM-013,2025-05-06T08:03:00+00:00,3.0,complete,Focused regulars
USER-0131,ITEM-031,2025-05-06T09:04:00+00:00,2.0,save,Focused regulars
USER-0225,ITEM-084,2025-05-06T09:08:00+00:00,2.0,save,Broad enthusiasts
USER-0297,ITEM-038,2025-05-06T09:15:00+00:00,2.0,save,Broad enthusiasts
USER-0157,ITEM-016,2025-05-06T10:01:00+00:00,1.0,open,New explorers
USER-0125,ITEM-087,2025-05-06T10:03:00+00:00,2.0,save,Focused regulars
USER-0003,ITEM-019,2025-05-06T10:07:00+00:00,3.0,complete,Broad enthusiasts
USER-0026,ITEM-033,2025-05-06T11:05:00+00:00,2.0,save,Focused regulars
USER-0009,ITEM-005,2025-05-06T11:12:00+00:00,1.0,open,Broad enthusiasts
USER-0205,ITEM-055,2025-05-06T13:02:00+00:00,3.0,complete,New explorers
USER-0275,ITEM-042,2025-05-06T13:02:00+00:00,3.0,complete,Focused regulars
USER-0038,ITEM-082,2025-05-06T13:05:00+00:00,2.0,save,Focused regulars
USER-0111,ITEM-016,2025-05-06T13:06:00+00:00,2.0,save,Broad enthusiasts
USER-0303,ITEM-052,2025-05-06T14:07:00+00:00,1.0,open,Broad enthusiasts
USER-0229,ITEM-037,2025-05-06T15:01:00+00:00,2.0,save,New explorers
USER-0057,ITEM-036,2025-05-06T15:09:00+00:00,1.0,open,Broad enthusiasts
USER-0291,ITEM-083,2025-05-06T15:14:00+00:00,3.0,complete,Broad enthusiasts
USER-0265,ITEM-041,2025-05-06T16:04:00+00:00,1.0,open,New explorers
USER-0295,ITEM-052,2025-05-06T16:04:00+00:00,1.0,open,New explorers
USER-0002,ITEM-019,2025-05-06T16:07:00+00:00,1.0,open,Focused regulars
USER-0258,ITEM-045,2025-05-06T17:09:00+00:00,1.0,open,Broad enthusiasts
USER-0113,ITEM-033,2025-05-06T17:10:00+00:00,3.0,complete,Focused regulars
USER-0156,ITEM-004,2025-05-06T17:11:00+00:00,1.0,open,Broad enthusiasts
USER-0191,ITEM-033,2025-05-06T18:03:00+00:00,2.0,save,Focused regulars
USER-0067,ITEM-030,2025-05-06T19:07:00+00:00,1.0,open,New explorers
USER-0129,ITEM-040,2025-05-06T19:09:00+00:00,2.0,save,Broad enthusiasts
USER-0035,ITEM-082,2025-05-06T20:04:00+00:00,1.0,open,Focused regulars
USER-0221,ITEM-069,2025-05-06T21:02:00+00:00,2.0,save,Focused regulars
USER-0286,ITEM-060,2025-05-07T07:02:00+00:00,3.0,complete,New explorers
USER-0257,ITEM-002,2025-05-07T07:03:00+00:00,1.0,open,Focused regulars
USER-0078,ITEM-081,2025-05-07T07:07:00+00:00,2.0,save,Broad enthusiasts
USER-0149,ITEM-043,2025-05-07T08:05:00+00:00,1.0,open,Focused regulars
USER-0060,ITEM-082,2025-05-07T08:08:00+00:00,3.0,complete,Broad enthusiasts
USER-0030,ITEM-046,2025-05-07T08:10:00+00:00,1.0,open,Broad enthusiasts
USER-0285,ITEM-019,2025-05-07T09:05:00+00:00,1.0,open,Broad enthusiasts
USER-0163,ITEM-082,2025-05-07T10:01:00+00:00,2.0,save,New explorers
USER-0161,ITEM-058,2025-05-07T10:05:00+00:00,1.0,open,Focused regulars
USER-0308,ITEM-084,2025-05-07T11:03:00+00:00,2.0,save,Focused regulars
USER-0242,ITEM-036,2025-05-07T11:06:00+00:00,1.0,open,Focused regulars
USER-0059,ITEM-055,2025-05-07T11:08:00+00:00,1.0,open,Focused regulars
USER-0056,ITEM-027,2025-05-07T12:07:00+00:00,3.0,complete,Focused regulars
USER-0195,ITEM-068,2025-05-07T13:08:00+00:00,1.0,open,Broad enthusiasts
USER-0141,ITEM-001,2025-05-07T14:07:00+00:00,1.0,open,Broad enthusiasts
USER-0264,ITEM-092,2025-05-07T14:07:00+00:00,2.0,save,Broad enthusiasts
USER-0299,ITEM-014,2025-05-07T15:03:00+00:00,1.0,open,Focused regulars
USER-0048,ITEM-040,2025-05-07T15:04:00+00:00,3.0,complete,Broad enthusiasts
USER-0081,ITEM-040,2025-05-07T16:07:00+00:00,1.0,open,Broad enthusiasts
USER-0185,ITEM-052,2025-05-07T17:09:00+00:00,1.0,open,Focused regulars
USER-0237,ITEM-017,2025-05-07T17:14:00+00:00,1.0,open,Broad enthusiasts
USER-0278,ITEM-083,2025-05-07T18:05:00+00:00,1.0,open,Focused regulars
USER-0037,ITEM-047,2025-05-07T19:02:00+00:00,1.0,open,New explorers
USER-0038,ITEM-034,2025-05-07T19:06:00+00:00,2.0,save,Focused regulars
USER-0071,ITEM-058,2025-05-07T20:04:00+00:00,2.0,save,Focused regulars
USER-0120,ITEM-083,2025-05-07T20:07:00+00:00,2.0,save,Broad enthusiasts
USER-0124,ITEM-034,2025-05-07T21:01:00+00:00,3.0,complete,New explorers
USER-0145,ITEM-009,2025-05-07T21:04:00+00:00,2.0,save,New explorers
USER-0052,ITEM-028,2025-05-08T08:02:00+00:00,2.0,save,New explorers
USER-0215,ITEM-044,2025-05-08T08:05:00+00:00,1.0,open,Focused regulars
USER-0080,ITEM-002,2025-05-08T08:14:00+00:00,1.0,open,Focused regulars
USER-0178,ITEM-067,2025-05-08T09:03:00+00:00,1.0,open,New explorers
USER-0119,ITEM-060,2025-05-08T09:06:00+00:00,3.0,complete,Focused regulars
USER-0294,ITEM-045,2025-05-08T09:11:00+00:00,1.0,open,Broad enthusiasts
USER-0111,ITEM-040,2025-05-08T10:07:00+00:00,2.0,save,Broad enthusiasts
USER-0110,ITEM-017,2025-05-08T11:06:00+00:00,1.0,open,Focused regulars
USER-0180,ITEM-016,2025-05-08T11:07:00+00:00,2.0,save,Broad enthusiasts
USER-0177,ITEM-078,2025-05-08T12:04:00+00:00,3.0,complete,Broad enthusiasts
USER-0305,ITEM-067,2025-05-08T13:02:00+00:00,3.0,complete,Focused regulars
USER-0122,ITEM-055,2025-05-08T13:09:00+00:00,1.0,open,Focused regulars
USER-0097,ITEM-065,2025-05-08T14:00:00+00:00,2.0,save,New explorers
USER-0073,ITEM-087,2025-05-08T14:06:00+00:00,1.0,open,New explorers
USER-0165,ITEM-010,2025-05-08T14:07:00+00:00,3.0,complete,Broad enthusiasts
USER-0062,ITEM-038,2025-05-08T15:05:00+00:00,1.0,open,Focused regulars
USER-0145,ITEM-094,2025-05-08T15:05:00+00:00,3.0,complete,New explorers
USER-0248,ITEM-002,2025-05-08T15:05:00+00:00,1.0,open,Focused regulars
USER-0123,ITEM-082,2025-05-08T15:07:00+00:00,1.0,open,Broad enthusiasts
USER-0209,ITEM-090,2025-05-08T15:07:00+00:00,2.0,save,Focused regulars
USER-0273,ITEM-082,2025-05-08T15:09:00+00:00,2.0,save,Broad enthusiasts
USER-0311,ITEM-022,2025-05-08T16:03:00+00:00,3.0,complete,Focused regulars
USER-0045,ITEM-016,2025-05-08T16:05:00+00:00,1.0,open,Broad enthusiasts
USER-0054,ITEM-094,2025-05-08T17:10:00+00:00,3.0,complete,Broad enthusiasts
USER-0164,ITEM-071,2025-05-08T17:12:00+00:00,1.0,open,Focused regulars
USER-0135,ITEM-040,2025-05-08T18:10:00+00:00,1.0,open,Broad enthusiasts
USER-0092,ITEM-032,2025-05-08T19:09:00+00:00,1.0,open,Focused regulars
USER-0106,ITEM-002,2025-05-08T20:00:00+00:00,1.0,open,New explorers
USER-0100,ITEM-083,2025-05-08T20:04:00+00:00,1.0,open,New explorers
USER-0281,ITEM-037,2025-05-08T20:07:00+00:00,1.0,open,Focused regulars
USER-0241,ITEM-082,2025-05-08T21:03:00+00:00,1.0,open,New explorers
USER-0295,ITEM-040,2025-05-08T21:05:00+00:00,2.0,save,New explorers
USER-0230,ITEM-073,2025-05-08T22:04:00+00:00,1.0,open,Focused regulars
USER-0035,ITEM-005,2025-05-09T07:05:00+00:00,1.0,open,Focused regulars
USER-0045,ITEM-025,2025-05-09T08:06:00+00:00,1.0,open,Broad enthusiasts
USER-0078,ITEM-094,2025-05-09T11:08:00+00:00,2.0,save,Broad enthusiasts
USER-0004,ITEM-082,2025-05-09T12:00:00+00:00,1.0,open,New explorers
USER-0015,ITEM-070,2025-05-09T13:07:00+00:00,2.0,save,Broad enthusiasts
USER-0135,ITEM-041,2025-05-09T13:11:00+00:00,1.0,open,Broad enthusiasts
USER-0162,ITEM-017,2025-05-09T13:13:00+00:00,1.0,open,Broad enthusiasts
USER-0096,ITEM-037,2025-05-09T15:06:00+00:00,2.0,save,Broad enthusiasts
USER-0089,ITEM-018,2025-05-09T17:06:00+00:00,1.0,open,Focused regulars
USER-0074,ITEM-005,2025-05-09T17:09:00+00:00,1.0,open,Focused regulars
USER-0306,ITEM-033,2025-05-09T17:10:00+00:00,1.0,open,Broad enthusiasts
USER-0051,ITEM-029,2025-05-09T18:06:00+00:00,1.0,open,Broad enthusiasts
USER-0087,ITEM-021,2025-05-09T18:08:00+00:00,1.0,open,Broad enthusiasts
USER-0263,ITEM-029,2025-05-09T18:09:00+00:00,2.0,save,Focused regulars
USER-0084,ITEM-083,2025-05-09T18:10:00+00:00,1.0,open,Broad enthusiasts
USER-0184,ITEM-011,2025-05-09T19:00:00+00:00,2.0,save,New explorers
USER-0139,ITEM-043,2025-05-09T19:03:00+00:00,1.0,open,New explorers
USER-0253,ITEM-037,2025-05-09T19:03:00+00:00,2.0,save,New explorers
USER-0102,ITEM-072,2025-05-09T19:06:00+00:00,1.0,open,Broad enthusiasts
USER-0260,ITEM-012,2025-05-09T20:07:00+00:00,1.0,open,Focused regulars
USER-0251,ITEM-071,2025-05-09T21:03:00+00:00,3.0,complete,Focused regulars
USER-0196,ITEM-020,2025-05-10T07:02:00+00:00,1.0,open,New explorers
USER-0256,ITEM-025,2025-05-10T07:04:00+00:00,1.0,open,New explorers
USER-0167,ITEM-021,2025-05-10T08:05:00+00:00,1.0,open,Focused regulars
USER-0088,ITEM-044,2025-05-10T08:06:00+00:00,1.0,open,New explorers
USER-0213,ITEM-067,2025-05-10T09:12:00+00:00,1.0,open,Broad enthusiasts
USER-0313,ITEM-002,2025-05-10T10:00:00+00:00,1.0,open,New explorers
USER-0232,ITEM-025,2025-05-10T11:04:00+00:00,2.0,save,New explorers
USER-0072,ITEM-014,2025-05-10T11:08:00+00:00,1.0,open,Broad enthusiasts
USER-0107,ITEM-026,2025-05-10T13:05:00+00:00,1.0,open,Focused regulars
USER-0009,ITEM-032,2025-05-10T13:13:00+00:00,1.0,open,Broad enthusiasts
USER-0106,ITEM-083,2025-05-10T15:01:00+00:00,2.0,save,New explorers
USER-0234,ITEM-026,2025-05-10T15:09:00+00:00,1.0,open,Broad enthusiasts
USER-0001,ITEM-049,2025-05-10T16:05:00+00:00,2.0,save,New explorers
USER-0186,ITEM-084,2025-05-10T16:07:00+00:00,1.0,open,Broad enthusiasts
USER-0277,ITEM-040,2025-05-10T17:02:00+00:00,1.0,open,New explorers
USER-0235,ITEM-017,2025-05-10T18:05:00+00:00,1.0,open,New explorers
USER-0036,ITEM-088,2025-05-10T19:06:00+00:00,2.0,save,Broad enthusiasts
USER-0149,ITEM-042,2025-05-10T20:06:00+00:00,1.0,open,Focused regulars
USER-0237,ITEM-073,2025-05-10T20:15:00+00:00,1.0,open,Broad enthusiasts
USER-0206,ITEM-033,2025-05-10T21:08:00+00:00,1.0,open,Focused regulars
USER-0041,ITEM-040,2025-05-10T22:10:00+00:00,1.0,open,Focused regulars
USER-0210,ITEM-012,2025-05-11T07:07:00+00:00,1.0,open,Broad enthusiasts
USER-0018,ITEM-053,2025-05-11T07:08:00+00:00,1.0,open,Broad enthusiasts
USER-0012,ITEM-082,2025-05-11T07:09:00+00:00,2.0,save,Broad enthusiasts
USER-0157,ITEM-031,2025-05-11T08:02:00+00:00,3.0,complete,New explorers
USER-0314,ITEM-042,2025-05-11T08:04:00+00:00,1.0,open,Focused regulars
USER-0207,ITEM-042,2025-05-11T08:06:00+00:00,2.0,save,Broad enthusiasts
USER-0098,ITEM-085,2025-05-11T09:08:00+00:00,1.0,open,Focused regulars
USER-0097,ITEM-060,2025-05-11T10:01:00+00:00,1.0,open,New explorers
USER-0193,ITEM-052,2025-05-11T10:01:00+00:00,1.0,open,New explorers
USER-0003,ITEM-012,2025-05-11T10:08:00+00:00,1.0,open,Broad enthusiasts
USER-0280,ITEM-083,2025-05-11T11:07:00+00:00,1.0,open,New explorers
USER-0181,ITEM-056,2025-05-11T11:08:00+00:00,1.0,open,New explorers
USER-0216,ITEM-029,2025-05-11T13:08:00+00:00,2.0,save,Broad enthusiasts
USER-0035,ITEM-058,2025-05-11T14:06:00+00:00,1.0,open,Focused regulars
USER-0267,ITEM-094,2025-05-11T15:07:00+00:00,3.0,complete,Broad enthusiasts
USER-0056,ITEM-023,2025-05-11T15:08:00+00:00,3.0,complete,Focused regulars
USER-0252,ITEM-001,2025-05-11T15:09:00+00:00,1.0,open,Broad enthusiasts
USER-0279,ITEM-033,2025-05-11T15:09:00+00:00,1.0,open,Broad enthusiasts
USER-0024,ITEM-029,2025-05-11T18:02:00+00:00,1.0,open,Broad enthusiasts
USER-0163,ITEM-068,2025-05-11T19:02:00+00:00,1.0,open,New explorers
USER-0119,ITEM-003,2025-05-11T19:07:00+00:00,2.0,save,Focused regulars
USER-0043,ITEM-084,2025-05-11T20:02:00+00:00,2.0,save,New explorers
USER-0240,ITEM-072,2025-05-11T20:10:00+00:00,1.0,open,Broad enthusiasts
USER-0284,ITEM-021,2025-05-11T20:10:00+00:00,1.0,open,Focused regulars
USER-0293,ITEM-082,2025-05-11T21:04:00+00:00,1.0,open,Focused regulars
USER-0110,ITEM-035,2025-05-11T21:07:00+00:00,1.0,open,Focused regulars
USER-0002,ITEM-067,2025-05-11T21:08:00+00:00,1.0,open,Focused regulars
USER-0264,ITEM-057,2025-05-11T21:08:00+00:00,1.0,open,Broad enthusiasts
USER-0170,ITEM-081,2025-05-11T21:09:00+00:00,1.0,open,Focused regulars
USER-0251,ITEM-083,2025-05-12T07:04:00+00:00,1.0,open,Focused regulars
USER-0117,ITEM-031,2025-05-12T08:04:00+00:00,1.0,open,Broad enthusiasts
USER-0266,ITEM-032,2025-05-12T08:11:00+00:00,1.0,open,Focused regulars
USER-0204,ITEM-033,2025-05-12T11:03:00+00:00,1.0,open,Broad enthusiasts
USER-0039,ITEM-018,2025-05-12T12:07:00+00:00,3.0,complete,Broad enthusiasts
USER-0119,ITEM-084,2025-05-12T12:08:00+00:00,3.0,complete,Focused regulars
USER-0176,ITEM-002,2025-05-12T14:06:00+00:00,1.0,open,Focused regulars
USER-0309,ITEM-046,2025-05-12T14:06:00+00:00,2.0,save,Broad enthusiasts
USER-0153,ITEM-069,2025-05-12T14:11:00+00:00,1.0,open,Broad enthusiasts
USER-0237,ITEM-083,2025-05-12T14:16:00+00:00,3.0,complete,Broad enthusiasts
USER-0320,ITEM-008,2025-05-12T16:02:00+00:00,3.0,complete,Focused regulars
USER-0197,ITEM-034,2025-05-12T17:05:00+00:00,1.0,open,Focused regulars
USER-0252,ITEM-084,2025-05-12T17:10:00+00:00,1.0,open,Broad enthusiasts
USER-0173,ITEM-070,2025-05-12T18:04:00+00:00,3.0,complete,Focused regulars
USER-0057,ITEM-073,2025-05-12T21:10:00+00:00,1.0,open,Broad enthusiasts
USER-0009,ITEM-082,2025-05-12T22:14:00+00:00,1.0,open,Broad enthusiasts
USER-0035,ITEM-069,2025-05-13T07:07:00+00:00,1.0,open,Focused regulars
USER-0018,ITEM-052,2025-05-13T07:09:00+00:00,2.0,save,Broad enthusiasts
USER-0042,ITEM-013,2025-05-13T07:11:00+00:00,1.0,open,Broad enthusiasts
USER-0152,ITEM-073,2025-05-13T09:04:00+00:00,1.0,open,Focused regulars
USER-0256,ITEM-033,2025-05-13T09:05:00+00:00,1.0,open,New explorers
USER-0209,ITEM-017,2025-05-13T09:08:00+00:00,1.0,open,Focused regulars
USER-0271,ITEM-084,2025-05-13T10:00:00+00:00,1.0,open,New explorers
USER-0175,ITEM-013,2025-05-13T10:03:00+00:00,1.0,open,New explorers
USER-0249,ITEM-033,2025-05-13T10:09:00+00:00,1.0,open,Broad enthusiasts
USER-0270,ITEM-025,2025-05-13T12:05:00+00:00,1.0,open,Broad enthusiasts
USER-0269,ITEM-031,2025-05-13T12:08:00+00:00,1.0,open,Focused regulars
USER-0073,ITEM-053,2025-05-13T13:07:00+00:00,2.0,save,New explorers
USER-0272,ITEM-022,2025-05-13T15:06:00+00:00,3.0,complete,Focused regulars
USER-0038,ITEM-039,2025-05-13T15:07:00+00:00,3.0,complete,Focused regulars
USER-0174,ITEM-014,2025-05-13T15:07:00+00:00,2.0,save,Broad enthusiasts
USER-0210,ITEM-023,2025-05-13T15:08:00+00:00,1.0,open,Broad enthusiasts
USER-0161,ITEM-041,2025-05-13T16:06:00+00:00,2.0,save,Focused regulars
USER-0252,ITEM-092,2025-05-13T17:11:00+00:00,1.0,open,Broad enthusiasts
USER-0135,ITEM-076,2025-05-13T18:12:00+00:00,2.0,save,Broad enthusiasts
USER-0200,ITEM-025,2025-05-13T19:08:00+00:00,1.0,open,Focused regulars
USER-0257,ITEM-027,2025-05-13T20:04:00+00:00,1.0,open,Focused regulars
USER-0153,ITEM-023,2025-05-13T20:12:00+00:00,1.0,open,Broad enthusiasts
USER-0004,ITEM-081,2025-05-13T21:01:00+00:00,2.0,save,New explorers
USER-0045,ITEM-037,2025-05-13T21:07:00+00:00,2.0,save,Broad enthusiasts
USER-0158,ITEM-003,2025-05-13T21:10:00+00:00,3.0,complete,Focused regulars
USER-0273,ITEM-020,2025-05-13T21:10:00+00:00,1.0,open,Broad enthusiasts
USER-0069,ITEM-076,2025-05-13T22:02:00+00:00,1.0,open,Broad enthusiasts
USER-0234,ITEM-069,2025-05-13T22:10:00+00:00,1.0,open,Broad enthusiasts
USER-0230,ITEM-067,2025-05-14T07:05:00+00:00,1.0,open,Focused regulars
USER-0258,ITEM-026,2025-05-14T07:10:00+00:00,1.0,open,Broad enthusiasts
USER-0057,ITEM-025,2025-05-14T07:11:00+00:00,3.0,complete,Broad enthusiasts
USER-0050,ITEM-033,2025-05-14T08:09:00+00:00,1.0,open,Focused regulars
USER-0002,ITEM-020,2025-05-14T12:09:00+00:00,1.0,open,Focused regulars
USER-0054,ITEM-016,2025-05-14T13:11:00+00:00,1.0,open,Broad enthusiasts
USER-0239,ITEM-060,2025-05-14T14:05:00+00:00,1.0,open,Focused regulars
USER-0225,ITEM-016,2025-05-14T14:09:00+00:00,1.0,open,Broad enthusiasts
USER-0257,ITEM-085,2025-05-14T15:05:00+00:00,1.0,open,Focused regulars
USER-0236,ITEM-056,2025-05-14T16:05:00+00:00,1.0,open,Focused regulars
USER-0293,ITEM-019,2025-05-14T16:05:00+00:00,1.0,open,Focused regulars
USER-0235,ITEM-056,2025-05-14T16:06:00+00:00,1.0,open,New explorers
USER-0237,ITEM-055,2025-05-14T16:17:00+00:00,2.0,save,Broad enthusiasts
USER-0169,ITEM-013,2025-05-14T17:00:00+00:00,1.0,open,New explorers
USER-0036,ITEM-024,2025-05-14T17:07:00+00:00,3.0,complete,Broad enthusiasts
USER-0084,ITEM-034,2025-05-14T18:11:00+00:00,1.0,open,Broad enthusiasts
USER-0182,ITEM-037,2025-05-14T19:04:00+00:00,1.0,open,Focused regulars
USER-0246,ITEM-022,2025-05-14T19:04:00+00:00,1.0,open,Broad enthusiasts
USER-0032,ITEM-005,2025-05-14T20:06:00+00:00,1.0,open,Focused regulars
USER-0275,ITEM-005,2025-05-14T22:03:00+00:00,1.0,open,Focused regulars
USER-0163,ITEM-024,2025-05-15T07:03:00+00:00,2.0,save,New explorers
USER-0225,ITEM-023,2025-05-15T07:10:00+00:00,3.0,complete,Broad enthusiasts
USER-0261,ITEM-069,2025-05-15T07:15:00+00:00,1.0,open,Broad enthusiasts
USER-0193,ITEM-094,2025-05-15T08:02:00+00:00,1.0,open,New explorers
USER-0267,ITEM-017,2025-05-15T08:08:00+00:00,1.0,open,Broad enthusiasts
USER-0121,ITEM-044,2025-05-15T09:00:00+00:00,3.0,complete,New explorers
USER-0249,ITEM-002,2025-05-15T09:10:00+00:00,3.0,complete,Broad enthusiasts
USER-0202,ITEM-094,2025-05-15T10:05:00+00:00,3.0,complete,New explorers
USER-0013,ITEM-076,2025-05-15T10:07:00+00:00,2.0,save,New explorers
USER-0105,ITEM-068,2025-05-15T10:10:00+00:00,3.0,complete,Broad enthusiasts
USER-0237,ITEM-030,2025-05-15T10:18:00+00:00,2.0,save,Broad enthusiasts
USER-0272,ITEM-011,2025-05-15T11:07:00+00:00,2.0,save,Focused regulars
USER-0108,ITEM-045,2025-05-15T12:05:00+00:00,1.0,open,Broad enthusiasts
USER-0251,ITEM-027,2025-05-15T12:05:00+00:00,1.0,open,Focused regulars
USER-0021,ITEM-005,2025-05-15T13:05:00+00:00,3.0,complete,Broad enthusiasts
USER-0295,ITEM-082,2025-05-15T14:06:00+00:00,2.0,save,New explorers
USER-0017,ITEM-038,2025-05-15T14:08:00+00:00,1.0,open,Focused regulars
USER-0300,ITEM-085,2025-05-15T15:06:00+00:00,1.0,open,Broad enthusiasts
USER-0153,ITEM-030,2025-05-15T15:13:00+00:00,1.0,open,Broad enthusiasts
USER-0128,ITEM-025,2025-05-15T17:06:00+00:00,1.0,open,Focused regulars
USER-0002,ITEM-072,2025-05-15T17:10:00+00:00,1.0,open,Focused regulars
USER-0015,ITEM-029,2025-05-15T18:08:00+00:00,1.0,open,Broad enthusiasts
USER-0156,ITEM-067,2025-05-15T18:12:00+00:00,1.0,open,Broad enthusiasts
USER-0066,ITEM-002,2025-05-15T19:04:00+00:00,1.0,open,Broad enthusiasts
USER-0063,ITEM-007,2025-05-15T19:08:00+00:00,2.0,save,Broad enthusiasts
USER-0198,ITEM-047,2025-05-15T20:12:00+00:00,3.0,complete,Broad enthusiasts
USER-0194,ITEM-029,2025-05-15T21:06:00+00:00,1.0,open,Focused regulars
USER-0315,ITEM-084,2025-05-15T21:15:00+00:00,1.0,open,Broad enthusiasts
USER-0006,ITEM-001,2025-05-15T22:06:00+00:00,1.0,open,Broad enthusiasts
USER-0044,ITEM-018,2025-05-16T08:02:00+00:00,2.0,save,Focused regulars
USER-0090,ITEM-032,2025-05-16T08:06:00+00:00,1.0,open,Broad enthusiasts
USER-0165,ITEM-026,2025-05-16T08:08:00+00:00,3.0,complete,Broad enthusiasts
USER-0130,ITEM-023,2025-05-16T10:04:00+00:00,1.0,open,New explorers
USER-0152,ITEM-065,2025-05-16T10:05:00+00:00,1.0,open,Focused regulars
USER-0022,ITEM-037,2025-05-16T12:07:00+00:00,1.0,open,New explorers
USER-0056,ITEM-087,2025-05-16T12:09:00+00:00,1.0,open,Focused regulars
USER-0178,ITEM-054,2025-05-16T13:04:00+00:00,1.0,open,New explorers
USER-0318,ITEM-043,2025-05-16T13:08:00+00:00,1.0,open,Broad enthusiasts
USER-0108,ITEM-020,2025-05-16T14:06:00+00:00,1.0,open,Broad enthusiasts
USER-0086,ITEM-072,2025-05-16T14:07:00+00:00,2.0,save,Focused regulars
USER-0264,ITEM-033,2025-05-16T14:09:00+00:00,2.0,save,Broad enthusiasts
USER-0172,ITEM-084,2025-05-16T16:03:00+00:00,1.0,open,New explorers
USER-0177,ITEM-082,2025-05-16T16:05:00+00:00,1.0,open,Broad enthusiasts
USER-0204,ITEM-083,2025-05-16T17:04:00+00:00,1.0,open,Broad enthusiasts
USER-0163,ITEM-042,2025-05-16T18:04:00+00:00,2.0,save,New explorers
USER-0021,ITEM-083,2025-05-16T19:06:00+00:00,1.0,open,Broad enthusiasts
USER-0088,ITEM-070,2025-05-16T19:07:00+00:00,1.0,open,New explorers
USER-0170,ITEM-028,2025-05-16T19:10:00+00:00,1.0,open,Focused regulars
USER-0018,ITEM-019,2025-05-16T20:10:00+00:00,3.0,complete,Broad enthusiasts
USER-0229,ITEM-053,2025-05-16T21:02:00+00:00,3.0,complete,New explorers
USER-0266,ITEM-042,2025-05-16T21:12:00+00:00,2.0,save,Focused regulars
USER-0121,ITEM-021,2025-05-16T22:01:00+00:00,1.0,open,New explorers
USER-0031,ITEM-017,2025-05-16T22:02:00+00:00,1.0,open,New explorers
USER-0108,ITEM-014,2025-05-17T07:07:00+00:00,1.0,open,Broad enthusiasts
USER-0217,ITEM-092,2025-05-17T08:01:00+00:00,2.0,save,New explorers
USER-0147,ITEM-002,2025-05-17T08:08:00+00:00,3.0,complete,Broad enthusiasts
USER-0249,ITEM-049,2025-05-17T08:11:00+00:00,1.0,open,Broad enthusiasts
USER-0208,ITEM-025,2025-05-17T10:03:00+00:00,2.0,save,New explorers
USER-0014,ITEM-052,2025-05-17T11:02:00+00:00,2.0,save,Focused regulars
USER-0227,ITEM-011,2025-05-17T11:08:00+00:00,2.0,save,Focused regulars
USER-0054,ITEM-046,2025-05-17T11:12:00+00:00,1.0,open,Broad enthusiasts
USER-0128,ITEM-050,2025-05-17T12:07:00+00:00,1.0,open,Focused regulars
USER-0284,ITEM-058,2025-05-17T12:11:00+00:00,1.0,open,Focused regulars
USER-0079,ITEM-092,2025-05-17T13:00:00+00:00,2.0,save,New explorers
USER-0233,ITEM-085,2025-05-17T15:01:00+00:00,1.0,open,Focused regulars
USER-0192,ITEM-016,2025-05-17T16:05:00+00:00,1.0,open,Broad enthusiasts
USER-0306,ITEM-056,2025-05-17T17:11:00+00:00,1.0,open,Broad enthusiasts
USER-0202,ITEM-071,2025-05-17T18:06:00+00:00,1.0,open,New explorers
USER-0248,ITEM-016,2025-05-17T18:06:00+00:00,1.0,open,Focused regulars
USER-0086,ITEM-071,2025-05-17T18:08:00+00:00,3.0,complete,Focused regulars
USER-0088,ITEM-082,2025-05-17T18:08:00+00:00,1.0,open,New explorers
USER-0087,ITEM-088,2025-05-17T18:09:00+00:00,1.0,open,Broad enthusiasts
USER-0146,ITEM-028,2025-05-17T19:06:00+00:00,3.0,complete,Focused regulars
USER-0304,ITEM-031,2025-05-17T21:00:00+00:00,3.0,complete,New explorers
USER-0010,ITEM-024,2025-05-17T21:03:00+00:00,2.0,save,New explorers
USER-0161,ITEM-011,2025-05-17T21:07:00+00:00,1.0,open,Focused regulars
USER-0036,ITEM-008,2025-05-17T22:08:00+00:00,1.0,open,Broad enthusiasts
USER-0276,ITEM-092,2025-05-17T22:08:00+00:00,1.0,open,Broad enthusiasts
USER-0069,ITEM-084,2025-05-18T07:03:00+00:00,2.0,save,Broad enthusiasts
USER-0133,ITEM-037,2025-05-18T07:03:00+00:00,2.0,save,New explorers
USER-0319,ITEM-070,2025-05-18T07:03:00+00:00,2.0,save,New explorers
USER-0120,ITEM-010,2025-05-18T07:08:00+00:00,1.0,open,Broad enthusiasts
USER-0171,ITEM-019,2025-05-18T07:09:00+00:00,1.0,open,Broad enthusiasts
USER-0099,ITEM-048,2025-05-18T08:07:00+00:00,1.0,open,Broad enthusiasts
USER-0255,ITEM-031,2025-05-18T08:09:00+00:00,1.0,open,Broad enthusiasts
USER-0084,ITEM-046,2025-05-18T09:12:00+00:00,3.0,complete,Broad enthusiasts
USER-0191,ITEM-035,2025-05-18T10:04:00+00:00,1.0,open,Focused regulars
USER-0119,ITEM-013,2025-05-18T11:09:00+00:00,1.0,open,Focused regulars
USER-0094,ITEM-058,2025-05-18T12:02:00+00:00,1.0,open,New explorers
USER-0140,ITEM-054,2025-05-18T12:07:00+00:00,1.0,open,Focused regulars
USER-0116,ITEM-039,2025-05-18T13:04:00+00:00,1.0,open,Focused regulars
USER-0303,ITEM-031,2025-05-18T13:08:00+00:00,2.0,save,Broad enthusiasts
USER-0318,ITEM-038,2025-05-18T13:09:00+00:00,1.0,open,Broad enthusiasts
USER-0067,ITEM-083,2025-05-18T14:08:00+00:00,3.0,complete,New explorers
USER-0082,ITEM-069,2025-05-18T15:02:00+00:00,2.0,save,New explorers
USER-0222,ITEM-021,2025-05-18T15:05:00+00:00,1.0,open,Broad enthusiasts
USER-0022,ITEM-016,2025-05-18T15:08:00+00:00,1.0,open,New explorers
USER-0207,ITEM-044,2025-05-18T18:07:00+00:00,1.0,open,Broad enthusiasts
USER-0093,ITEM-052,2025-05-18T18:09:00+00:00,1.0,open,Broad enthusiasts
USER-0216,ITEM-082,2025-05-18T18:09:00+00:00,3.0,complete,Broad enthusiasts
USER-0298,ITEM-025,2025-05-18T19:01:00+00:00,2.0,save,New explorers
USER-0243,ITEM-033,2025-05-18T19:04:00+00:00,1.0,open,Broad enthusiasts
USER-0102,ITEM-005,2025-05-18T20:07:00+00:00,2.0,save,Broad enthusiasts
USER-0164,ITEM-069,2025-05-18T20:13:00+00:00,1.0,open,Focused regulars
USER-0199,ITEM-018,2025-05-18T22:04:00+00:00,1.0,open,New explorers
USER-0060,ITEM-002,2025-05-18T22:09:00+00:00,1.0,open,Broad enthusiasts
USER-0035,ITEM-002,2025-05-19T07:08:00+00:00,1.0,open,Focused regulars
USER-0075,ITEM-028,2025-05-19T07:09:00+00:00,1.0,open,Broad enthusiasts
USER-0074,ITEM-013,2025-05-19T07:10:00+00:00,1.0,open,Focused regulars
USER-0230,ITEM-082,2025-05-19T08:06:00+00:00,2.0,save,Focused regulars
USER-0005,ITEM-085,2025-05-19T09:05:00+00:00,2.0,save,Focused regulars
USER-0146,ITEM-083,2025-05-19T09:07:00+00:00,1.0,open,Focused regulars
USER-0180,ITEM-044,2025-05-19T09:08:00+00:00,1.0,open,Broad enthusiasts
USER-0078,ITEM-042,2025-05-19T11:09:00+00:00,1.0,open,Broad enthusiasts
USER-0314,ITEM-044,2025-05-19T12:05:00+00:00,1.0,open,Focused regulars
USER-0030,ITEM-028,2025-05-19T14:11:00+00:00,1.0,open,Broad enthusiasts
USER-0294,ITEM-013,2025-05-19T14:12:00+00:00,2.0,save,Broad enthusiasts
USER-0178,ITEM-072,2025-05-19T15:05:00+00:00,2.0,save,New explorers
USER-0215,ITEM-046,2025-05-19T15:06:00+00:00,1.0,open,Focused regulars
USER-0046,ITEM-018,2025-05-19T18:03:00+00:00,2.0,save,New explorers
USER-0148,ITEM-011,2025-05-19T19:01:00+00:00,1.0,open,New explorers
USER-0103,ITEM-082,2025-05-19T19:05:00+00:00,1.0,open,New explorers
USER-0121,ITEM-071,2025-05-19T21:02:00+00:00,1.0,open,New explorers
USER-0024,ITEM-082,2025-05-19T21:03:00+00:00,1.0,open,Broad enthusiasts
USER-0237,ITEM-092,2025-05-19T21:19:00+00:00,1.0,open,Broad enthusiasts
USER-0267,ITEM-028,2025-05-20T08:09:00+00:00,1.0,open,Broad enthusiasts
USER-0056,ITEM-011,2025-05-20T08:10:00+00:00,1.0,open,Focused regulars
USER-0302,ITEM-085,2025-05-20T08:10:00+00:00,1.0,open,Focused regulars
USER-0097,ITEM-070,2025-05-20T09:02:00+00:00,1.0,open,New explorers
USER-0305,ITEM-055,2025-05-20T09:03:00+00:00,1.0,open,Focused regulars
USER-0160,ITEM-030,2025-05-20T10:05:00+00:00,3.0,complete,New explorers
USER-0004,ITEM-004,2025-05-20T11:02:00+00:00,1.0,open,New explorers
USER-0176,ITEM-034,2025-05-20T11:07:00+00:00,1.0,open,Focused regulars
USER-0286,ITEM-083,2025-05-20T12:03:00+00:00,1.0,open,New explorers
USER-0037,ITEM-071,2025-05-20T13:03:00+00:00,1.0,open,New explorers
USER-0178,ITEM-042,2025-05-20T13:06:00+00:00,1.0,open,New explorers
USER-0024,ITEM-051,2025-05-20T14:04:00+00:00,1.0,open,Broad enthusiasts
USER-0190,ITEM-027,2025-05-20T15:03:00+00:00,1.0,open,New explorers
USER-0165,ITEM-083,2025-05-20T16:09:00+00:00,1.0,open,Broad enthusiasts
USER-0279,ITEM-071,2025-05-20T16:10:00+00:00,1.0,open,Broad enthusiasts
USER-0046,ITEM-002,2025-05-20T18:04:00+00:00,2.0,save,New explorers
USER-0021,ITEM-071,2025-05-20T18:07:00+00:00,1.0,open,Broad enthusiasts
USER-0312,ITEM-068,2025-05-20T20:09:00+00:00,2.0,save,Broad enthusiasts
USER-0033,ITEM-087,2025-05-20T21:04:00+00:00,1.0,open,Broad enthusiasts
USER-0191,ITEM-025,2025-05-20T21:05:00+00:00,1.0,open,Focused regulars
USER-0167,ITEM-069,2025-05-20T21:06:00+00:00,1.0,open,Focused regulars
USER-0195,ITEM-087,2025-05-20T21:09:00+00:00,1.0,open,Broad enthusiasts
USER-0244,ITEM-037,2025-05-20T22:03:00+00:00,1.0,open,New explorers
USER-0093,ITEM-055,2025-05-20T22:10:00+00:00,2.0,save,Broad enthusiasts
USER-0284,ITEM-082,2025-05-20T22:12:00+00:00,1.0,open,Focused regulars
USER-0045,ITEM-017,2025-05-21T07:08:00+00:00,1.0,open,Broad enthusiasts
USER-0079,ITEM-012,2025-05-21T08:01:00+00:00,1.0,open,New explorers
USER-0231,ITEM-068,2025-05-21T08:10:00+00:00,2.0,save,Broad enthusiasts
USER-0005,ITEM-019,2025-05-21T09:06:00+00:00,1.0,open,Focused regulars
USER-0076,ITEM-021,2025-05-21T10:01:00+00:00,3.0,complete,New explorers
USER-0033,ITEM-025,2025-05-21T11:05:00+00:00,1.0,open,Broad enthusiasts
USER-0036,ITEM-044,2025-05-21T11:09:00+00:00,2.0,save,Broad enthusiasts
USER-0195,ITEM-044,2025-05-21T11:10:00+00:00,1.0,open,Broad enthusiasts
USER-0125,ITEM-043,2025-05-21T12:04:00+00:00,1.0,open,Focused regulars
USER-0054,ITEM-035,2025-05-21T14:13:00+00:00,1.0,open,Broad enthusiasts
USER-0305,ITEM-073,2025-05-21T15:04:00+00:00,1.0,open,Focused regulars
USER-0228,ITEM-083,2025-05-21T16:06:00+00:00,1.0,open,Broad enthusiasts
USER-0096,ITEM-013,2025-05-21T16:07:00+00:00,2.0,save,Broad enthusiasts
USER-0038,ITEM-002,2025-05-21T16:08:00+00:00,3.0,complete,Focused regulars
USER-0269,ITEM-017,2025-05-21T16:09:00+00:00,3.0,complete,Focused regulars
USER-0119,ITEM-076,2025-05-21T16:10:00+00:00,1.0,open,Focused regulars
USER-0151,ITEM-041,2025-05-21T17:05:00+00:00,1.0,open,New explorers
USER-0318,ITEM-015,2025-05-21T17:10:00+00:00,1.0,open,Broad enthusiasts
USER-0261,ITEM-072,2025-05-21T18:16:00+00:00,1.0,open,Broad enthusiasts
USER-0071,ITEM-034,2025-05-21T19:05:00+00:00,2.0,save,Focused regulars
USER-0210,ITEM-011,2025-05-21T20:09:00+00:00,1.0,open,Broad enthusiasts
USER-0024,ITEM-025,2025-05-21T21:05:00+00:00,1.0,open,Broad enthusiasts
USER-0081,ITEM-006,2025-05-21T21:08:00+00:00,2.0,save,Broad enthusiasts
USER-0012,ITEM-092,2025-05-21T21:10:00+00:00,1.0,open,Broad enthusiasts
USER-0001,ITEM-044,2025-05-21T22:06:00+00:00,1.0,open,New explorers
USER-0144,ITEM-002,2025-05-21T22:13:00+00:00,1.0,open,Broad enthusiasts
USER-0049,ITEM-071,2025-05-22T07:03:00+00:00,1.0,open,New explorers
USER-0076,ITEM-032,2025-05-22T11:02:00+00:00,3.0,complete,New explorers
USER-0173,ITEM-020,2025-05-22T13:05:00+00:00,1.0,open,Focused regulars
USER-0120,ITEM-054,2025-05-22T14:09:00+00:00,1.0,open,Broad enthusiasts
USER-0181,ITEM-037,2025-05-22T14:09:00+00:00,1.0,open,New explorers
USER-0078,ITEM-044,2025-05-22T14:10:00+00:00,1.0,open,Broad enthusiasts
USER-0018,ITEM-035,2025-05-22T14:11:00+00:00,3.0,complete,Broad enthusiasts
USER-0231,ITEM-013,2025-05-22T14:11:00+00:00,1.0,open,Broad enthusiasts
USER-0220,ITEM-014,2025-05-22T15:02:00+00:00,3.0,complete,New explorers
USER-0196,ITEM-001,2025-05-22T15:03:00+00:00,2.0,save,New explorers
USER-0030,ITEM-021,2025-05-22T16:12:00+00:00,1.0,open,Broad enthusiasts
USER-0144,ITEM-019,2025-05-22T16:14:00+00:00,1.0,open,Broad enthusiasts
USER-0138,ITEM-031,2025-05-22T18:07:00+00:00,3.0,complete,Broad enthusiasts
USER-0131,ITEM-013,2025-05-22T20:05:00+00:00,1.0,open,Focused regulars
USER-0182,ITEM-024,2025-05-22T20:05:00+00:00,2.0,save,Focused regulars
USER-0289,ITEM-027,2025-05-22T22:04:00+00:00,3.0,complete,New explorers
USER-0299,ITEM-060,2025-05-23T09:04:00+00:00,3.0,complete,Focused regulars
USER-0255,ITEM-044,2025-05-23T09:10:00+00:00,3.0,complete,Broad enthusiasts
USER-0309,ITEM-028,2025-05-23T13:07:00+00:00,1.0,open,Broad enthusiasts
USER-0111,ITEM-041,2025-05-23T14:08:00+00:00,1.0,open,Broad enthusiasts
USER-0143,ITEM-084,2025-05-23T18:06:00+00:00,2.0,save,Focused regulars
USER-0244,ITEM-019,2025-05-23T19:04:00+00:00,1.0,open,New explorers
USER-0015,ITEM-055,2025-05-23T19:09:00+00:00,1.0,open,Broad enthusiasts
USER-0229,ITEM-049,2025-05-23T20:03:00+00:00,2.0,save,New explorers
USER-0293,ITEM-001,2025-05-23T20:06:00+00:00,1.0,open,Focused regulars
USER-0071,ITEM-042,2025-05-24T07:06:00+00:00,2.0,save,Focused regulars
USER-0271,ITEM-009,2025-05-24T08:01:00+00:00,1.0,open,New explorers
USER-0052,ITEM-027,2025-05-24T08:03:00+00:00,1.0,open,New explorers
USER-0201,ITEM-082,2025-05-24T08:08:00+00:00,1.0,open,Broad enthusiasts
USER-0120,ITEM-067,2025-05-24T08:10:00+00:00,1.0,open,Broad enthusiasts
USER-0129,ITEM-088,2025-05-24T08:10:00+00:00,3.0,complete,Broad enthusiasts
USER-0280,ITEM-002,2025-05-24T10:08:00+00:00,1.0,open,New explorers
USER-0134,ITEM-027,2025-05-24T12:03:00+00:00,1.0,open,Focused regulars
USER-0033,ITEM-084,2025-05-24T12:06:00+00:00,1.0,open,Broad enthusiasts
USER-0161,ITEM-012,2025-05-24T12:08:00+00:00,1.0,open,Focused regulars
USER-0152,ITEM-025,2025-05-24T14:06:00+00:00,2.0,save,Focused regulars
USER-0010,ITEM-072,2025-05-24T15:04:00+00:00,1.0,open,New explorers
USER-0111,ITEM-052,2025-05-24T16:09:00+00:00,2.0,save,Broad enthusiasts
USER-0113,ITEM-092,2025-05-24T16:11:00+00:00,2.0,save,Focused regulars
USER-0069,ITEM-092,2025-05-24T17:04:00+00:00,1.0,open,Broad enthusiasts
USER-0073,ITEM-041,2025-05-24T18:08:00+00:00,1.0,open,New explorers
USER-0288,ITEM-084,2025-05-24T19:08:00+00:00,1.0,open,Broad enthusiasts
USER-0203,ITEM-028,2025-05-24T19:10:00+00:00,1.0,open,Focused regulars
USER-0060,ITEM-050,2025-05-24T20:10:00+00:00,1.0,open,Broad enthusiasts
USER-0171,ITEM-029,2025-05-24T20:10:00+00:00,2.0,save,Broad enthusiasts
USER-0093,ITEM-081,2025-05-24T20:11:00+00:00,1.0,open,Broad enthusiasts
USER-0022,ITEM-052,2025-05-24T22:09:00+00:00,1.0,open,New explorers
USER-0216,ITEM-028,2025-05-24T22:10:00+00:00,1.0,open,Broad enthusiasts
USER-0273,ITEM-026,2025-05-24T22:11:00+00:00,1.0,open,Broad enthusiasts
USER-0274,ITEM-084,2025-05-25T07:01:00+00:00,3.0,complete,New explorers
USER-0320,ITEM-011,2025-05-25T07:03:00+00:00,1.0,open,Focused regulars
USER-0280,ITEM-076,2025-05-25T08:09:00+00:00,2.0,save,New explorers
USER-0106,ITEM-070,2025-05-25T09:02:00+00:00,1.0,open,New explorers
USER-0032,ITEM-045,2025-05-25T09:07:00+00:00,3.0,complete,Focused regulars
USER-0088,ITEM-009,2025-05-25T09:09:00+00:00,1.0,open,New explorers
USER-0078,ITEM-009,2025-05-25T10:11:00+00:00,1.0,open,Broad enthusiasts
USER-0158,ITEM-011,2025-05-25T10:11:00+00:00,2.0,save,Focused regulars
USER-0010,ITEM-039,2025-05-25T11:05:00+00:00,1.0,open,New explorers
USER-0126,ITEM-020,2025-05-25T13:04:00+00:00,1.0,open,Broad enthusiasts
USER-0167,ITEM-057,2025-05-25T14:07:00+00:00,1.0,open,Focused regulars
USER-0252,ITEM-017,2025-05-25T15:12:00+00:00,1.0,open,Broad enthusiasts
USER-0244,ITEM-056,2025-05-25T16:05:00+00:00,1.0,open,New explorers
USER-0279,ITEM-017,2025-05-25T16:11:00+00:00,2.0,save,Broad enthusiasts
USER-0034,ITEM-090,2025-05-25T18:00:00+00:00,3.0,complete,New explorers
USER-0264,ITEM-005,2025-05-25T18:10:00+00:00,1.0,open,Broad enthusiasts
USER-0134,ITEM-057,2025-05-25T19:04:00+00:00,1.0,open,Focused regulars
USER-0223,ITEM-009,2025-05-25T20:05:00+00:00,2.0,save,New explorers
USER-0059,ITEM-072,2025-05-25T20:09:00+00:00,1.0,open,Focused regulars
USER-0234,ITEM-017,2025-05-25T20:11:00+00:00,1.0,open,Broad enthusiasts
USER-0247,ITEM-001,2025-05-25T21:01:00+00:00,1.0,open,New explorers
USER-0195,ITEM-017,2025-05-25T22:11:00+00:00,1.0,open,Broad enthusiasts
USER-0185,ITEM-031,2025-05-26T07:10:00+00:00,1.0,open,Focused regulars
USER-0099,ITEM-067,2025-05-26T08:08:00+00:00,1.0,open,Broad enthusiasts
USER-0059,ITEM-096,2025-05-26T08:10:00+00:00,1.0,open,Focused regulars
USER-0297,ITEM-082,2025-05-26T08:16:00+00:00,1.0,open,Broad enthusiasts
USER-0044,ITEM-042,2025-05-26T09:03:00+00:00,1.0,open,Focused regulars
USER-0270,ITEM-084,2025-05-26T09:06:00+00:00,2.0,save,Broad enthusiasts
USER-0053,ITEM-023,2025-05-26T10:02:00+00:00,1.0,open,Focused regulars
USER-0200,ITEM-034,2025-05-26T10:09:00+00:00,2.0,save,Focused regulars
USER-0246,ITEM-049,2025-05-26T11:05:00+00:00,1.0,open,Broad enthusiasts
USER-0300,ITEM-052,2025-05-26T11:07:00+00:00,2.0,save,Broad enthusiasts
USER-0183,ITEM-055,2025-05-26T12:06:00+00:00,3.0,complete,Broad enthusiasts
USER-0030,ITEM-053,2025-05-26T12:13:00+00:00,2.0,save,Broad enthusiasts
USER-0029,ITEM-004,2025-05-26T13:05:00+00:00,2.0,save,Focused regulars
USER-0264,ITEM-012,2025-05-26T13:11:00+00:00,3.0,complete,Broad enthusiasts
USER-0243,ITEM-049,2025-05-26T15:05:00+00:00,2.0,save,Broad enthusiasts
USER-0033,ITEM-002,2025-05-26T15:07:00+00:00,1.0,open,Broad enthusiasts
USER-0149,ITEM-060,2025-05-26T17:07:00+00:00,1.0,open,Focused regulars
USER-0137,ITEM-083,2025-05-26T18:06:00+00:00,3.0,complete,Focused regulars
USER-0204,ITEM-038,2025-05-26T20:05:00+00:00,2.0,save,Broad enthusiasts
USER-0131,ITEM-072,2025-05-26T22:06:00+00:00,2.0,save,Focused regulars
USER-0092,ITEM-028,2025-05-26T22:10:00+00:00,1.0,open,Focused regulars
USER-0210,ITEM-014,2025-05-26T22:10:00+00:00,1.0,open,Broad enthusiasts
USER-0258,ITEM-054,2025-05-27T07:11:00+00:00,1.0,open,Broad enthusiasts
USER-0007,ITEM-082,2025-05-27T08:00:00+00:00,2.0,save,New explorers
USER-0104,ITEM-013,2025-05-27T09:08:00+00:00,1.0,open,Focused regulars
USER-0220,ITEM-032,2025-05-27T11:03:00+00:00,3.0,complete,New explorers
USER-0162,ITEM-081,2025-05-27T11:14:00+00:00,1.0,open,Broad enthusiasts
USER-0213,ITEM-084,2025-05-27T12:13:00+00:00,1.0,open,Broad enthusiasts
USER-0076,ITEM-025,2025-05-27T13:03:00+00:00,1.0,open,New explorers
USER-0254,ITEM-002,2025-05-27T15:05:00+00:00,2.0,save,Focused regulars
USER-0296,ITEM-025,2025-05-27T17:05:00+00:00,2.0,save,Focused regulars
USER-0024,ITEM-002,2025-05-27T17:06:00+00:00,2.0,save,Broad enthusiasts
USER-0266,ITEM-084,2025-05-27T18:13:00+00:00,1.0,open,Focused regulars
USER-0048,ITEM-021,2025-05-27T19:05:00+00:00,1.0,open,Broad enthusiasts
USER-0120,ITEM-004,2025-05-27T19:11:00+00:00,1.0,open,Broad enthusiasts
USER-0263,ITEM-040,2025-05-27T20:10:00+00:00,1.0,open,Focused regulars
USER-0066,ITEM-055,2025-05-27T21:05:00+00:00,1.0,open,Broad enthusiasts
USER-0150,ITEM-003,2025-05-27T21:15:00+00:00,2.0,save,Broad enthusiasts
USER-0121,ITEM-031,2025-05-27T22:03:00+00:00,1.0,open,New explorers
USER-0079,ITEM-045,2025-05-28T07:02:00+00:00,2.0,save,New explorers
USER-0192,ITEM-069,2025-05-28T07:06:00+00:00,2.0,save,Broad enthusiasts
USER-0074,ITEM-082,2025-05-28T07:11:00+00:00,1.0,open,Focused regulars
USER-0162,ITEM-070,2025-05-28T07:15:00+00:00,1.0,open,Broad enthusiasts
USER-0314,ITEM-060,2025-05-28T10:06:00+00:00,1.0,open,Focused regulars
USER-0051,ITEM-084,2025-05-28T10:07:00+00:00,1.0,open,Broad enthusiasts
USER-0011,ITEM-076,2025-05-28T12:05:00+00:00,1.0,open,Focused regulars
USER-0186,ITEM-057,2025-05-28T13:08:00+00:00,1.0,open,Broad enthusiasts
USER-0063,ITEM-065,2025-05-28T13:09:00+00:00,1.0,open,Broad enthusiasts
USER-0041,ITEM-036,2025-05-28T14:11:00+00:00,1.0,open,Focused regulars
USER-0266,ITEM-004,2025-05-28T14:14:00+00:00,3.0,complete,Focused regulars
USER-0277,ITEM-022,2025-05-28T15:03:00+00:00,1.0,open,New explorers
USER-0203,ITEM-050,2025-05-28T15:11:00+00:00,2.0,save,Focused regulars
USER-0108,ITEM-002,2025-05-28T16:08:00+00:00,1.0,open,Broad enthusiasts
USER-0158,ITEM-012,2025-05-28T16:12:00+00:00,3.0,complete,Focused regulars
USER-0296,ITEM-073,2025-05-28T18:06:00+00:00,1.0,open,Focused regulars
USER-0215,ITEM-013,2025-05-28T18:07:00+00:00,2.0,save,Focused regulars
USER-0278,ITEM-052,2025-05-28T19:06:00+00:00,1.0,open,Focused regulars
USER-0096,ITEM-088,2025-05-28T19:08:00+00:00,1.0,open,Broad enthusiasts
USER-0148,ITEM-042,2025-05-28T20:02:00+00:00,1.0,open,New explorers
USER-0008,ITEM-012,2025-05-28T20:05:00+00:00,3.0,complete,Focused regulars
USER-0304,ITEM-082,2025-05-28T21:01:00+00:00,1.0,open,New explorers
USER-0274,ITEM-049,2025-05-28T21:02:00+00:00,1.0,open,New explorers
USER-0012,ITEM-038,2025-05-29T09:11:00+00:00,1.0,open,Broad enthusiasts
USER-0134,ITEM-017,2025-05-29T10:05:00+00:00,1.0,open,Focused regulars
USER-0170,ITEM-054,2025-05-29T12:11:00+00:00,3.0,complete,Focused regulars
USER-0153,ITEM-038,2025-05-29T12:14:00+00:00,1.0,open,Broad enthusiasts
USER-0051,ITEM-086,2025-05-29T13:08:00+00:00,1.0,open,Broad enthusiasts
USER-0009,ITEM-001,2025-05-29T13:15:00+00:00,1.0,open,Broad enthusiasts
USER-0026,ITEM-023,2025-05-29T14:06:00+00:00,1.0,open,Focused regulars
USER-0068,ITEM-048,2025-05-29T14:12:00+00:00,1.0,open,Focused regulars
USER-0179,ITEM-025,2025-05-29T16:04:00+00:00,2.0,save,Focused regulars
USER-0035,ITEM-033,2025-05-29T16:09:00+00:00,2.0,save,Focused regulars
USER-0084,ITEM-087,2025-05-29T16:13:00+00:00,1.0,open,Broad enthusiasts
USER-0279,ITEM-053,2025-05-29T17:12:00+00:00,2.0,save,Broad enthusiasts
USER-0233,ITEM-069,2025-05-29T18:02:00+00:00,1.0,open,Focused regulars
USER-0003,ITEM-083,2025-05-29T18:09:00+00:00,2.0,save,Broad enthusiasts
USER-0016,ITEM-067,2025-05-29T20:04:00+00:00,2.0,save,New explorers
USER-0006,ITEM-065,2025-05-29T20:07:00+00:00,3.0,complete,Broad enthusiasts
USER-0147,ITEM-086,2025-05-29T20:09:00+00:00,1.0,open,Broad enthusiasts
USER-0181,ITEM-022,2025-05-29T20:10:00+00:00,1.0,open,New explorers
USER-0110,ITEM-089,2025-05-29T21:08:00+00:00,3.0,complete,Focused regulars
USER-0277,ITEM-021,2025-05-29T22:04:00+00:00,1.0,open,New explorers
USER-0278,ITEM-050,2025-05-29T22:07:00+00:00,2.0,save,Focused regulars
USER-0087,ITEM-032,2025-05-29T22:10:00+00:00,2.0,save,Broad enthusiasts
USER-0119,ITEM-020,2025-05-29T22:11:00+00:00,3.0,complete,Focused regulars
USER-0095,ITEM-018,2025-05-30T07:08:00+00:00,3.0,complete,Focused regulars
USER-0212,ITEM-083,2025-05-30T08:04:00+00:00,1.0,open,Focused regulars
USER-0188,ITEM-041,2025-05-30T08:07:00+00:00,1.0,open,Focused regulars
USER-0043,ITEM-070,2025-05-30T09:03:00+00:00,3.0,complete,New explorers
USER-0179,ITEM-033,2025-05-30T09:05:00+00:00,1.0,open,Focused regulars
USER-0141,ITEM-067,2025-05-30T09:08:00+00:00,1.0,open,Broad enthusiasts
USER-0218,ITEM-004,2025-05-30T10:04:00+00:00,1.0,open,Focused regulars
USER-0118,ITEM-058,2025-05-30T11:04:00+00:00,2.0,save,New explorers
USER-0192,ITEM-004,2025-05-30T11:07:00+00:00,1.0,open,Broad enthusiasts
USER-0023,ITEM-049,2025-05-30T12:06:00+00:00,2.0,save,Focused regulars
USER-0176,ITEM-058,2025-05-30T12:08:00+00:00,2.0,save,Focused regulars
USER-0051,ITEM-053,2025-05-30T12:09:00+00:00,1.0,open,Broad enthusiasts
USER-0301,ITEM-083,2025-05-30T14:05:00+00:00,1.0,open,New explorers
USER-0036,ITEM-016,2025-05-30T17:10:00+00:00,1.0,open,Broad enthusiasts
USER-0237,ITEM-084,2025-05-30T17:20:00+00:00,3.0,complete,Broad enthusiasts
USER-0190,ITEM-089,2025-05-30T18:04:00+00:00,1.0,open,New explorers
USER-0213,ITEM-029,2025-05-30T18:14:00+00:00,1.0,open,Broad enthusiasts
USER-0153,ITEM-076,2025-05-30T18:15:00+00:00,1.0,open,Broad enthusiasts
USER-0311,ITEM-070,2025-05-30T19:04:00+00:00,1.0,open,Focused regulars
USER-0091,ITEM-016,2025-05-30T19:06:00+00:00,3.0,complete,New explorers
USER-0308,ITEM-052,2025-05-30T20:04:00+00:00,3.0,complete,Focused regulars
USER-0314,ITEM-087,2025-05-30T21:07:00+00:00,3.0,complete,Focused regulars
USER-0298,ITEM-087,2025-05-30T22:02:00+00:00,1.0,open,New explorers
USER-0125,ITEM-018,2025-05-30T22:05:00+00:00,2.0,save,Focused regulars
USER-0042,ITEM-044,2025-05-30T22:12:00+00:00,3.0,complete,Broad enthusiasts
USER-0297,ITEM-067,2025-05-30T22:17:00+00:00,3.0,complete,Broad enthusiasts
USER-0234,ITEM-083,2025-05-31T07:12:00+00:00,1.0,open,Broad enthusiasts
USER-0268,ITEM-009,2025-05-31T08:01:00+00:00,1.0,open,New explorers
USER-0192,ITEM-052,2025-05-31T08:08:00+00:00,1.0,open,Broad enthusiasts
USER-0313,ITEM-089,2025-05-31T09:01:00+00:00,1.0,open,New explorers
USER-0067,ITEM-042,2025-05-31T09:09:00+00:00,3.0,complete,New explorers
USER-0122,ITEM-076,2025-05-31T11:10:00+00:00,1.0,open,Focused regulars
USER-0208,ITEM-005,2025-05-31T12:04:00+00:00,1.0,open,New explorers
USER-0126,ITEM-087,2025-05-31T12:05:00+00:00,3.0,complete,Broad enthusiasts
USER-0201,ITEM-083,2025-05-31T13:09:00+00:00,1.0,open,Broad enthusiasts
USER-0210,ITEM-035,2025-05-31T14:11:00+00:00,2.0,save,Broad enthusiasts
USER-0068,ITEM-033,2025-05-31T14:13:00+00:00,2.0,save,Focused regulars
USER-0292,ITEM-090,2025-05-31T15:01:00+00:00,1.0,open,New explorers
USER-0270,ITEM-005,2025-05-31T15:07:00+00:00,1.0,open,Broad enthusiasts
USER-0063,ITEM-055,2025-05-31T15:10:00+00:00,2.0,save,Broad enthusiasts
USER-0259,ITEM-083,2025-05-31T16:00:00+00:00,1.0,open,New explorers
USER-0206,ITEM-052,2025-05-31T16:09:00+00:00,1.0,open,Focused regulars
USER-0198,ITEM-087,2025-05-31T16:13:00+00:00,2.0,save,Broad enthusiasts
USER-0159,ITEM-087,2025-05-31T17:08:00+00:00,1.0,open,Broad enthusiasts
USER-0024,ITEM-050,2025-05-31T18:07:00+00:00,2.0,save,Broad enthusiasts
USER-0098,ITEM-042,2025-05-31T18:09:00+00:00,3.0,complete,Focused regulars
USER-0265,ITEM-013,2025-05-31T20:05:00+00:00,1.0,open,New explorers
USER-0129,ITEM-037,2025-05-31T20:11:00+00:00,2.0,save,Broad enthusiasts
USER-0305,ITEM-089,2025-05-31T21:05:00+00:00,2.0,save,Focused regulars
USER-0075,ITEM-025,2025-05-31T22:10:00+00:00,1.0,open,Broad enthusiasts
USER-0054,ITEM-045,2025-06-01T08:14:00+00:00,1.0,open,Broad enthusiasts
USER-0156,ITEM-050,2025-06-01T09:13:00+00:00,3.0,complete,Broad enthusiasts
USER-0045,ITEM-019,2025-06-01T10:09:00+00:00,2.0,save,Broad enthusiasts
USER-0015,ITEM-086,2025-06-01T11:10:00+00:00,3.0,complete,Broad enthusiasts
USER-0145,ITEM-008,2025-06-01T13:06:00+00:00,2.0,save,New explorers
USER-0179,ITEM-017,2025-06-01T13:06:00+00:00,1.0,open,Focused regulars
USER-0223,ITEM-033,2025-06-01T14:06:00+00:00,1.0,open,New explorers
USER-0100,ITEM-052,2025-06-01T15:05:00+00:00,2.0,save,New explorers
USER-0135,ITEM-004,2025-06-01T15:13:00+00:00,1.0,open,Broad enthusiasts
USER-0009,ITEM-021,2025-06-01T15:16:00+00:00,1.0,open,Broad enthusiasts
USER-0144,ITEM-083,2025-06-01T16:15:00+00:00,1.0,open,Broad enthusiasts
USER-0062,ITEM-013,2025-06-01T17:06:00+00:00,3.0,complete,Focused regulars
USER-0239,ITEM-006,2025-06-01T17:06:00+00:00,2.0,save,Focused regulars
USER-0191,ITEM-012,2025-06-01T18:06:00+00:00,1.0,open,Focused regulars
USER-0301,ITEM-082,2025-06-01T19:06:00+00:00,3.0,complete,New explorers
USER-0018,ITEM-069,2025-06-01T20:12:00+00:00,1.0,open,Broad enthusiasts
USER-0219,ITEM-029,2025-06-01T21:04:00+00:00,1.0,open,Broad enthusiasts
USER-0090,ITEM-046,2025-06-01T21:07:00+00:00,2.0,save,Broad enthusiasts
USER-0214,ITEM-031,2025-06-01T22:00:00+00:00,2.0,save,New explorers
USER-0021,ITEM-061,2025-06-01T22:08:00+00:00,1.0,open,Broad enthusiasts
USER-0286,ITEM-052,2025-06-02T07:04:00+00:00,2.0,save,New explorers
USER-0262,ITEM-043,2025-06-02T07:06:00+00:00,3.0,complete,New explorers
USER-0268,ITEM-087,2025-06-02T08:02:00+00:00,2.0,save,New explorers
USER-0096,ITEM-020,2025-06-02T08:09:00+00:00,1.0,open,Broad enthusiasts
USER-0035,ITEM-008,2025-06-02T08:10:00+00:00,3.0,complete,Focused regulars
USER-0293,ITEM-060,2025-06-02T10:07:00+00:00,2.0,save,Focused regulars
USER-0250,ITEM-009,2025-06-02T11:00:00+00:00,1.0,open,New explorers
USER-0129,ITEM-084,2025-06-02T12:12:00+00:00,2.0,save,Broad enthusiasts
USER-0158,ITEM-073,2025-06-02T12:13:00+00:00,1.0,open,Focused regulars
USER-0072,ITEM-061,2025-06-02T13:09:00+00:00,1.0,open,Broad enthusiasts
USER-0078,ITEM-023,2025-06-02T13:12:00+00:00,1.0,open,Broad enthusiasts
USER-0080,ITEM-027,2025-06-02T16:15:00+00:00,1.0,open,Focused regulars
USER-0192,ITEM-085,2025-06-02T17:09:00+00:00,2.0,save,Broad enthusiasts
USER-0092,ITEM-021,2025-06-02T17:11:00+00:00,1.0,open,Focused regulars
USER-0121,ITEM-007,2025-06-02T18:04:00+00:00,1.0,open,New explorers
USER-0068,ITEM-017,2025-06-02T18:14:00+00:00,1.0,open,Focused regulars
USER-0047,ITEM-040,2025-06-02T20:03:00+00:00,1.0,open,Focused regulars
USER-0053,ITEM-083,2025-06-02T20:03:00+00:00,1.0,open,Focused regulars
USER-0233,ITEM-053,2025-06-02T21:03:00+00:00,2.0,save,Focused regulars
USER-0289,ITEM-083,2025-06-02T21:05:00+00:00,1.0,open,New explorers
USER-0025,ITEM-086,2025-06-02T22:03:00+00:00,1.0,open,New explorers
USER-0318,ITEM-067,2025-06-02T22:11:00+00:00,3.0,complete,Broad enthusiasts
USER-0049,ITEM-049,2025-06-03T07:04:00+00:00,1.0,open,New explorers
USER-0176,ITEM-021,2025-06-03T07:09:00+00:00,1.0,open,Focused regulars
USER-0281,ITEM-013,2025-06-03T08:08:00+00:00,1.0,open,Focused regulars
USER-0265,ITEM-028,2025-06-03T09:06:00+00:00,3.0,complete,New explorers
USER-0246,ITEM-010,2025-06-03T10:06:00+00:00,1.0,open,Broad enthusiasts
USER-0288,ITEM-092,2025-06-03T10:09:00+00:00,1.0,open,Broad enthusiasts
USER-0112,ITEM-051,2025-06-03T11:00:00+00:00,1.0,open,New explorers
USER-0146,ITEM-043,2025-06-03T11:08:00+00:00,1.0,open,Focused regulars
USER-0242,ITEM-048,2025-06-03T12:07:00+00:00,1.0,open,Focused regulars
USER-0072,ITEM-044,2025-06-03T12:10:00+00:00,1.0,open,Broad enthusiasts
USER-0165,ITEM-090,2025-06-03T12:10:00+00:00,2.0,save,Broad enthusiasts
USER-0035,ITEM-061,2025-06-03T14:11:00+00:00,3.0,complete,Focused regulars
USER-0296,ITEM-056,2025-06-03T17:07:00+00:00,3.0,complete,Focused regulars
USER-0300,ITEM-025,2025-06-03T17:08:00+00:00,1.0,open,Broad enthusiasts
USER-0190,ITEM-020,2025-06-03T18:05:00+00:00,1.0,open,New explorers
USER-0066,ITEM-089,2025-06-03T18:06:00+00:00,1.0,open,Broad enthusiasts
USER-0167,ITEM-060,2025-06-03T19:08:00+00:00,1.0,open,Focused regulars
USER-0252,ITEM-083,2025-06-03T19:13:00+00:00,1.0,open,Broad enthusiasts
USER-0198,ITEM-022,2025-06-03T19:14:00+00:00,2.0,save,Broad enthusiasts
USER-0275,ITEM-086,2025-06-03T20:04:00+00:00,1.0,open,Focused regulars
USER-0203,ITEM-011,2025-06-03T20:12:00+00:00,1.0,open,Focused regulars
USER-0210,ITEM-032,2025-06-03T20:12:00+00:00,2.0,save,Broad enthusiasts
USER-0143,ITEM-037,2025-06-03T22:07:00+00:00,1.0,open,Focused regulars
USER-0272,ITEM-036,2025-06-04T07:08:00+00:00,1.0,open,Focused regulars
USER-0303,ITEM-094,2025-06-04T07:09:00+00:00,1.0,open,Broad enthusiasts
USER-0284,ITEM-032,2025-06-04T07:13:00+00:00,2.0,save,Focused regulars
USER-0043,ITEM-046,2025-06-04T09:04:00+00:00,1.0,open,New explorers
USER-0097,ITEM-054,2025-06-04T10:03:00+00:00,1.0,open,New explorers
USER-0246,ITEM-050,2025-06-04T10:07:00+00:00,2.0,save,Broad enthusiasts
USER-0095,ITEM-085,2025-06-04T10:09:00+00:00,1.0,open,Focused regulars
USER-0007,ITEM-071,2025-06-04T11:01:00+00:00,1.0,open,New explorers
USER-0213,ITEM-037,2025-06-04T11:15:00+00:00,1.0,open,Broad enthusiasts
USER-0259,ITEM-024,2025-06-04T12:01:00+00:00,1.0,open,New explorers
USER-0275,ITEM-006,2025-06-04T12:05:00+00:00,1.0,open,Focused regulars
USER-0023,ITEM-035,2025-06-04T12:07:00+00:00,3.0,complete,Focused regulars
USER-0099,ITEM-044,2025-06-04T12:09:00+00:00,2.0,save,Broad enthusiasts
USER-0176,ITEM-028,2025-06-04T13:10:00+00:00,2.0,save,Focused regulars
USER-0053,ITEM-049,2025-06-04T15:04:00+00:00,1.0,open,Focused regulars
USER-0179,ITEM-096,2025-06-04T15:07:00+00:00,2.0,save,Focused regulars
USER-0171,ITEM-052,2025-06-04T15:11:00+00:00,1.0,open,Broad enthusiasts
USER-0216,ITEM-039,2025-06-04T16:11:00+00:00,1.0,open,Broad enthusiasts
USER-0149,ITEM-049,2025-06-04T17:08:00+00:00,1.0,open,Focused regulars
USER-0254,ITEM-027,2025-06-04T18:06:00+00:00,2.0,save,Focused regulars
USER-0282,ITEM-033,2025-06-04T18:06:00+00:00,1.0,open,Broad enthusiasts
USER-0096,ITEM-069,2025-06-04T19:10:00+00:00,1.0,open,Broad enthusiasts
USER-0279,ITEM-052,2025-06-04T19:13:00+00:00,1.0,open,Broad enthusiasts
USER-0049,ITEM-002,2025-06-04T21:05:00+00:00,1.0,open,New explorers
USER-0160,ITEM-057,2025-06-04T21:06:00+00:00,1.0,open,New explorers
USER-0034,ITEM-002,2025-06-04T22:01:00+00:00,2.0,save,New explorers
USER-0014,ITEM-050,2025-06-04T22:03:00+00:00,1.0,open,Focused regulars
USER-0092,ITEM-018,2025-06-04T22:12:00+00:00,1.0,open,Focused regulars
USER-0249,ITEM-069,2025-06-05T08:12:00+00:00,1.0,open,Broad enthusiasts
USER-0210,ITEM-050,2025-06-05T08:13:00+00:00,1.0,open,Broad enthusiasts
USER-0032,ITEM-084,2025-06-05T10:08:00+00:00,1.0,open,Focused regulars
USER-0063,ITEM-015,2025-06-05T10:11:00+00:00,3.0,complete,Broad enthusiasts
USER-0237,ITEM-072,2025-06-05T11:21:00+00:00,1.0,open,Broad enthusiasts
USER-0236,ITEM-002,2025-06-05T12:06:00+00:00,2.0,save,Focused regulars
USER-0301,ITEM-020,2025-06-05T12:07:00+00:00,1.0,open,New explorers
USER-0294,ITEM-061,2025-06-05T12:13:00+00:00,1.0,open,Broad enthusiasts
USER-0316,ITEM-067,2025-06-05T13:03:00+00:00,1.0,open,New explorers
USER-0182,ITEM-078,2025-06-05T13:06:00+00:00,2.0,save,Focused regulars
USER-0252,ITEM-024,2025-06-05T13:14:00+00:00,1.0,open,Broad enthusiasts
USER-0251,ITEM-011,2025-06-05T14:06:00+00:00,2.0,save,Focused regulars
USER-0001,ITEM-025,2025-06-05T14:07:00+00:00,1.0,open,New explorers
USER-0165,ITEM-045,2025-06-05T14:11:00+00:00,1.0,open,Broad enthusiasts
USER-0121,ITEM-039,2025-06-05T15:05:00+00:00,1.0,open,New explorers
USER-0054,ITEM-015,2025-06-05T15:15:00+00:00,1.0,open,Broad enthusiasts
USER-0103,ITEM-044,2025-06-05T16:06:00+00:00,1.0,open,New explorers
USER-0035,ITEM-048,2025-06-05T18:12:00+00:00,1.0,open,Focused regulars
USER-0094,ITEM-043,2025-06-05T19:03:00+00:00,2.0,save,New explorers
USER-0204,ITEM-072,2025-06-05T19:06:00+00:00,1.0,open,Broad enthusiasts
USER-0133,ITEM-018,2025-06-05T20:04:00+00:00,3.0,complete,New explorers
USER-0315,ITEM-021,2025-06-05T22:16:00+00:00,1.0,open,Broad enthusiasts
USER-0221,ITEM-037,2025-06-06T07:03:00+00:00,1.0,open,Focused regulars
USER-0005,ITEM-032,2025-06-06T07:07:00+00:00,2.0,save,Focused regulars
USER-0090,ITEM-087,2025-06-06T07:08:00+00:00,1.0,open,Broad enthusiasts
USER-0066,ITEM-086,2025-06-06T08:07:00+00:00,1.0,open,Broad enthusiasts
USER-0016,ITEM-082,2025-06-06T09:05:00+00:00,2.0,save,New explorers
USER-0154,ITEM-073,2025-06-06T11:04:00+00:00,1.0,open,New explorers
USER-0029,ITEM-069,2025-06-06T11:06:00+00:00,1.0,open,Focused regulars
USER-0020,ITEM-023,2025-06-06T11:07:00+00:00,1.0,open,Focused regulars
USER-0026,ITEM-084,2025-06-06T11:07:00+00:00,1.0,open,Focused regulars
USER-0278,ITEM-017,2025-06-06T11:08:00+00:00,2.0,save,Focused regulars
USER-0148,ITEM-040,2025-06-06T12:03:00+00:00,1.0,open,New explorers
USER-0235,ITEM-010,2025-06-06T12:07:00+00:00,1.0,open,New explorers
USER-0113,ITEM-087,2025-06-06T13:12:00+00:00,1.0,open,Focused regulars
USER-0109,ITEM-012,2025-06-06T14:03:00+00:00,2.0,save,New explorers
USER-0228,ITEM-005,2025-06-06T14:07:00+00:00,1.0,open,Broad enthusiasts
USER-0319,ITEM-040,2025-06-06T16:04:00+00:00,1.0,open,New explorers
USER-0074,ITEM-033,2025-06-06T18:12:00+00:00,1.0,open,Focused regulars
USER-0139,ITEM-037,2025-06-06T19:04:00+00:00,1.0,open,New explorers
USER-0123,ITEM-042,2025-06-06T19:08:00+00:00,1.0,open,Broad enthusiasts
USER-0179,ITEM-076,2025-06-06T19:08:00+00:00,1.0,open,Focused regulars
USER-0039,ITEM-004,2025-06-06T21:08:00+00:00,1.0,open,Broad enthusiasts
USER-0146,ITEM-045,2025-06-06T22:09:00+00:00,1.0,open,Focused regulars
USER-0042,ITEM-003,2025-06-07T07:13:00+00:00,1.0,open,Broad enthusiasts
USER-0022,ITEM-045,2025-06-07T08:10:00+00:00,1.0,open,New explorers
USER-0072,ITEM-003,2025-06-07T08:11:00+00:00,1.0,open,Broad enthusiasts
USER-0014,ITEM-084,2025-06-07T09:04:00+00:00,1.0,open,Focused regulars
USER-0173,ITEM-030,2025-06-07T09:06:00+00:00,1.0,open,Focused regulars
USER-0183,ITEM-030,2025-06-07T09:07:00+00:00,1.0,open,Broad enthusiasts
USER-0104,ITEM-004,2025-06-07T09:09:00+00:00,1.0,open,Focused regulars
USER-0188,ITEM-070,2025-06-07T10:08:00+00:00,3.0,complete,Focused regulars
USER-0087,ITEM-025,2025-06-07T11:11:00+00:00,1.0,open,Broad enthusiasts
USER-0215,ITEM-016,2025-06-07T14:08:00+00:00,1.0,open,Focused regulars
USER-0075,ITEM-045,2025-06-07T14:11:00+00:00,1.0,open,Broad enthusiasts
USER-0154,ITEM-037,2025-06-07T15:05:00+00:00,1.0,open,New explorers
USER-0227,ITEM-085,2025-06-07T15:09:00+00:00,1.0,open,Focused regulars
USER-0085,ITEM-086,2025-06-07T16:00:00+00:00,3.0,complete,New explorers
USER-0002,ITEM-002,2025-06-07T16:11:00+00:00,1.0,open,Focused regulars
USER-0247,ITEM-045,2025-06-07T17:02:00+00:00,1.0,open,New explorers
USER-0126,ITEM-052,2025-06-07T17:06:00+00:00,1.0,open,Broad enthusiasts
USER-0245,ITEM-005,2025-06-07T19:02:00+00:00,1.0,open,Focused regulars
USER-0061,ITEM-070,2025-06-07T22:07:00+00:00,1.0,open,New explorers
USER-0138,ITEM-067,2025-06-07T22:08:00+00:00,1.0,open,Broad enthusiasts
USER-0003,ITEM-067,2025-06-07T22:10:00+00:00,1.0,open,Broad enthusiasts
USER-0044,ITEM-002,2025-06-08T07:04:00+00:00,3.0,complete,Focused regulars
USER-0096,ITEM-065,2025-06-08T07:11:00+00:00,1.0,open,Broad enthusiasts
USER-0192,ITEM-039,2025-06-08T10:10:00+00:00,1.0,open,Broad enthusiasts
USER-0117,ITEM-005,2025-06-08T11:05:00+00:00,2.0,save,Broad enthusiasts
USER-0275,ITEM-072,2025-06-08T11:06:00+00:00,1.0,open,Focused regulars
USER-0107,ITEM-002,2025-06-08T12:06:00+00:00,3.0,complete,Focused regulars
USER-0146,ITEM-018,2025-06-08T12:10:00+00:00,1.0,open,Focused regulars
USER-0204,ITEM-005,2025-06-08T13:07:00+00:00,2.0,save,Broad enthusiasts
USER-0303,ITEM-070,2025-06-08T13:10:00+00:00,1.0,open,Broad enthusiasts
USER-0319,ITEM-067,2025-06-08T14:05:00+00:00,1.0,open,New explorers
USER-0289,ITEM-038,2025-06-08T14:06:00+00:00,2.0,save,New explorers
USER-0087,ITEM-037,2025-06-08T14:12:00+00:00,3.0,complete,Broad enthusiasts
USER-0011,ITEM-020,2025-06-08T15:06:00+00:00,1.0,open,Focused regulars
USER-0099,ITEM-082,2025-06-08T15:10:00+00:00,1.0,open,Broad enthusiasts
USER-0233,ITEM-016,2025-06-08T16:04:00+00:00,2.0,save,Focused regulars
USER-0021,ITEM-046,2025-06-08T17:09:00+00:00,1.0,open,Broad enthusiasts
USER-0039,ITEM-087,2025-06-08T17:09:00+00:00,1.0,open,Broad enthusiasts
USER-0171,ITEM-089,2025-06-08T17:12:00+00:00,2.0,save,Broad enthusiasts
USER-0082,ITEM-018,2025-06-08T18:03:00+00:00,1.0,open,New explorers
USER-0035,ITEM-049,2025-06-08T18:13:00+00:00,3.0,complete,Focused regulars
USER-0298,ITEM-047,2025-06-08T20:03:00+00:00,1.0,open,New explorers
USER-0212,ITEM-071,2025-06-08T21:05:00+00:00,1.0,open,Focused regulars
USER-0136,ITEM-034,2025-06-08T21:07:00+00:00,1.0,open,New explorers
USER-0004,ITEM-005,2025-06-08T22:03:00+00:00,1.0,open,New explorers
USER-0197,ITEM-007,2025-06-08T22:06:00+00:00,2.0,save,Focused regulars
USER-0149,ITEM-033,2025-06-08T22:09:00+00:00,1.0,open,Focused regulars
USER-0281,ITEM-092,2025-06-09T07:09:00+00:00,1.0,open,Focused regulars
USER-0072,ITEM-013,2025-06-09T07:12:00+00:00,1.0,open,Broad enthusiasts
USER-0108,ITEM-012,2025-06-09T08:09:00+00:00,3.0,complete,Broad enthusiasts
USER-0139,ITEM-056,2025-06-09T09:05:00+00:00,1.0,open,New explorers
USER-0011,ITEM-086,2025-06-09T10:07:00+00:00,1.0,open,Focused regulars
USER-0246,ITEM-058,2025-06-09T11:08:00+00:00,1.0,open,Broad enthusiasts
USER-0168,ITEM-037,2025-06-09T12:06:00+00:00,2.0,save,Broad enthusiasts
USER-0133,ITEM-052,2025-06-09T13:05:00+00:00,1.0,open,New explorers
USER-0010,ITEM-094,2025-06-09T13:06:00+00:00,2.0,save,New explorers
USER-0038,ITEM-024,2025-06-09T14:09:00+00:00,1.0,open,Focused regulars
USER-0075,ITEM-046,2025-06-09T14:12:00+00:00,3.0,complete,Broad enthusiasts
USER-0250,ITEM-056,2025-06-09T15:01:00+00:00,1.0,open,New explorers
USER-0159,ITEM-084,2025-06-09T15:09:00+00:00,1.0,open,Broad enthusiasts
USER-0255,ITEM-004,2025-06-09T18:11:00+00:00,1.0,open,Broad enthusiasts
USER-0040,ITEM-044,2025-06-09T19:00:00+00:00,2.0,save,New explorers
USER-0191,ITEM-069,2025-06-09T19:07:00+00:00,1.0,open,Focused regulars
USER-0300,ITEM-045,2025-06-09T19:09:00+00:00,2.0,save,Broad enthusiasts
USER-0015,ITEM-009,2025-06-09T19:11:00+00:00,2.0,save,Broad enthusiasts
USER-0283,ITEM-082,2025-06-09T22:01:00+00:00,1.0,open,New explorers
USER-0302,ITEM-025,2025-06-09T22:11:00+00:00,2.0,save,Focused regulars
USER-0222,ITEM-069,2025-06-10T07:06:00+00:00,1.0,open,Broad enthusiasts
USER-0089,ITEM-083,2025-06-10T07:07:00+00:00,2.0,save,Focused regulars
USER-0110,ITEM-016,2025-06-10T07:09:00+00:00,3.0,complete,Focused regulars
USER-0265,ITEM-037,2025-06-10T08:07:00+00:00,1.0,open,New explorers
USER-0296,ITEM-086,2025-06-10T08:08:00+00:00,1.0,open,Focused regulars
USER-0111,ITEM-028,2025-06-10T08:10:00+00:00,3.0,complete,Broad enthusiasts
USER-0306,ITEM-082,2025-06-10T08:12:00+00:00,1.0,open,Broad enthusiasts
USER-0182,ITEM-044,2025-06-10T09:07:00+00:00,1.0,open,Focused regulars
USER-0269,ITEM-094,2025-06-10T10:10:00+00:00,1.0,open,Focused regulars
USER-0116,ITEM-027,2025-06-10T11:05:00+00:00,2.0,save,Focused regulars
USER-0104,ITEM-052,2025-06-10T11:10:00+00:00,1.0,open,Focused regulars
USER-0024,ITEM-037,2025-06-10T12:08:00+00:00,3.0,complete,Broad enthusiasts
USER-0027,ITEM-083,2025-06-10T13:06:00+00:00,1.0,open,Broad enthusiasts
USER-0108,ITEM-044,2025-06-10T14:10:00+00:00,1.0,open,Broad enthusiasts
USER-0270,ITEM-017,2025-06-10T15:08:00+00:00,3.0,complete,Broad enthusiasts
USER-0035,ITEM-087,2025-06-10T15:14:00+00:00,1.0,open,Focused regulars
USER-0082,ITEM-005,2025-06-10T17:04:00+00:00,2.0,save,New explorers
USER-0130,ITEM-067,2025-06-10T17:05:00+00:00,2.0,save,New explorers
USER-0263,ITEM-052,2025-06-10T18:11:00+00:00,1.0,open,Focused regulars
USER-0172,ITEM-034,2025-06-10T19:04:00+00:00,1.0,open,New explorers
USER-0215,ITEM-086,2025-06-10T19:09:00+00:00,1.0,open,Focused regulars
USER-0318,ITEM-083,2025-06-10T19:12:00+00:00,1.0,open,Broad enthusiasts
USER-0059,ITEM-083,2025-06-10T20:11:00+00:00,1.0,open,Focused regulars
USER-0148,ITEM-027,2025-06-10T21:04:00+00:00,2.0,save,New explorers
USER-0277,ITEM-011,2025-06-10T21:05:00+00:00,2.0,save,New explorers
USER-0046,ITEM-090,2025-06-10T22:05:00+00:00,1.0,open,New explorers
USER-0096,ITEM-085,2025-06-10T22:12:00+00:00,2.0,save,Broad enthusiasts
USER-0033,ITEM-010,2025-06-11T07:08:00+00:00,1.0,open,Broad enthusiasts
USER-0089,ITEM-015,2025-06-11T07:08:00+00:00,1.0,open,Focused regulars
USER-0319,ITEM-046,2025-06-11T09:06:00+00:00,3.0,complete,New explorers
USER-0031,ITEM-050,2025-06-11T10:03:00+00:00,1.0,open,New explorers
USER-0172,ITEM-052,2025-06-11T10:05:00+00:00,2.0,save,New explorers
USER-0139,ITEM-053,2025-06-11T10:06:00+00:00,1.0,open,New explorers
USER-0199,ITEM-049,2025-06-11T11:05:00+00:00,1.0,open,New explorers
USER-0153,ITEM-065,2025-06-11T11:16:00+00:00,1.0,open,Broad enthusiasts
USER-0271,ITEM-002,2025-06-11T12:02:00+00:00,1.0,open,New explorers
USER-0223,ITEM-067,2025-06-11T12:07:00+00:00,1.0,open,New explorers
USER-0174,ITEM-025,2025-06-11T12:08:00+00:00,1.0,open,Broad enthusiasts
USER-0302,ITEM-005,2025-06-11T12:12:00+00:00,2.0,save,Focused regulars
USER-0180,ITEM-090,2025-06-11T13:09:00+00:00,1.0,open,Broad enthusiasts
USER-0074,ITEM-087,2025-06-11T14:13:00+00:00,1.0,open,Focused regulars
USER-0317,ITEM-044,2025-06-11T16:05:00+00:00,2.0,save,Focused regulars
USER-0120,ITEM-041,2025-06-11T17:12:00+00:00,1.0,open,Broad enthusiasts
USER-0213,ITEM-069,2025-06-11T18:16:00+00:00,2.0,save,Broad enthusiasts
USER-0121,ITEM-081,2025-06-11T19:06:00+00:00,2.0,save,New explorers
USER-0240,ITEM-033,2025-06-11T20:11:00+00:00,1.0,open,Broad enthusiasts
USER-0224,ITEM-044,2025-06-11T22:05:00+00:00,2.0,save,Focused regulars
USER-0173,ITEM-094,2025-06-11T22:07:00+00:00,1.0,open,Focused regulars
USER-0146,ITEM-016,2025-06-11T22:11:00+00:00,1.0,open,Focused regulars
USER-0234,ITEM-060,2025-06-11T22:13:00+00:00,1.0,open,Broad enthusiasts
USER-0023,ITEM-058,2025-06-12T07:08:00+00:00,2.0,save,Focused regulars
USER-0131,ITEM-007,2025-06-12T08:07:00+00:00,2.0,save,Focused regulars
USER-0273,ITEM-050,2025-06-12T08:12:00+00:00,2.0,save,Broad enthusiasts
USER-0096,ITEM-086,2025-06-12T09:13:00+00:00,2.0,save,Broad enthusiasts
USER-0036,ITEM-036,2025-06-12T10:11:00+00:00,1.0,open,Broad enthusiasts
USER-0027,ITEM-057,2025-06-12T11:07:00+00:00,3.0,complete,Broad enthusiasts
USER-0063,ITEM-039,2025-06-12T11:12:00+00:00,1.0,open,Broad enthusiasts
USER-0112,ITEM-092,2025-06-12T12:01:00+00:00,1.0,open,New explorers
USER-0271,ITEM-039,2025-06-12T12:03:00+00:00,1.0,open,New explorers
USER-0219,ITEM-018,2025-06-12T12:05:00+00:00,1.0,open,Broad enthusiasts
USER-0119,ITEM-083,2025-06-12T12:12:00+00:00,1.0,open,Focused regulars
USER-0140,ITEM-068,2025-06-12T13:08:00+00:00,1.0,open,Focused regulars
USER-0072,ITEM-040,2025-06-12T13:13:00+00:00,1.0,open,Broad enthusiasts
USER-0135,ITEM-092,2025-06-12T13:14:00+00:00,2.0,save,Broad enthusiasts
USER-0279,ITEM-012,2025-06-12T13:14:00+00:00,3.0,complete,Broad enthusiasts
USER-0162,ITEM-038,2025-06-12T13:16:00+00:00,3.0,complete,Broad enthusiasts
USER-0253,ITEM-084,2025-06-12T15:04:00+00:00,2.0,save,New explorers
USER-0293,ITEM-016,2025-06-12T16:08:00+00:00,1.0,open,Focused regulars
USER-0141,ITEM-025,2025-06-12T16:09:00+00:00,3.0,complete,Broad enthusiasts
USER-0152,ITEM-022,2025-06-12T17:07:00+00:00,1.0,open,Focused regulars
USER-0076,ITEM-037,2025-06-12T18:04:00+00:00,1.0,open,New explorers
USER-0128,ITEM-012,2025-06-12T20:08:00+00:00,1.0,open,Focused regulars
USER-0211,ITEM-034,2025-06-12T20:08:00+00:00,3.0,complete,New explorers
USER-0104,ITEM-086,2025-06-12T20:11:00+00:00,1.0,open,Focused regulars
USER-0169,ITEM-038,2025-06-13T09:01:00+00:00,1.0,open,New explorers
USER-0079,ITEM-023,2025-06-13T10:03:00+00:00,1.0,open,New explorers
USER-0203,ITEM-071,2025-06-13T10:13:00+00:00,1.0,open,Focused regulars
USER-0219,ITEM-060,2025-06-13T11:06:00+00:00,2.0,save,Broad enthusiasts
USER-0083,ITEM-039,2025-06-13T11:08:00+00:00,1.0,open,Focused regulars
USER-0288,ITEM-086,2025-06-13T11:10:00+00:00,2.0,save,Broad enthusiasts
USER-0048,ITEM-032,2025-06-13T12:06:00+00:00,3.0,complete,Broad enthusiasts
USER-0316,ITEM-069,2025-06-13T13:04:00+00:00,2.0,save,New explorers
USER-0053,ITEM-060,2025-06-13T14:05:00+00:00,1.0,open,Focused regulars
USER-0242,ITEM-017,2025-06-13T14:08:00+00:00,1.0,open,Focused regulars
USER-0205,ITEM-081,2025-06-13T15:03:00+00:00,1.0,open,New explorers
USER-0296,ITEM-049,2025-06-13T15:09:00+00:00,1.0,open,Focused regulars
USER-0290,ITEM-056,2025-06-13T15:10:00+00:00,3.0,complete,Focused regulars
USER-0171,ITEM-002,2025-06-13T15:13:00+00:00,3.0,complete,Broad enthusiasts
USER-0317,ITEM-004,2025-06-13T16:06:00+00:00,2.0,save,Focused regulars
USER-0273,ITEM-067,2025-06-13T18:13:00+00:00,1.0,open,Broad enthusiasts
USER-0080,ITEM-028,2025-06-13T18:16:00+00:00,2.0,save,Focused regulars
USER-0010,ITEM-056,2025-06-13T19:07:00+00:00,2.0,save,New explorers
USER-0249,ITEM-047,2025-06-13T19:13:00+00:00,2.0,save,Broad enthusiasts
USER-0233,ITEM-049,2025-06-13T20:05:00+00:00,1.0,open,Focused regulars
USER-0248,ITEM-086,2025-06-13T20:07:00+00:00,1.0,open,Focused regulars
USER-0158,ITEM-027,2025-06-13T21:14:00+00:00,3.0,complete,Focused regulars
USER-0047,ITEM-092,2025-06-13T22:04:00+00:00,2.0,save,Focused regulars
USER-0154,ITEM-042,2025-06-13T22:06:00+00:00,3.0,complete,New explorers
USER-0145,ITEM-016,2025-06-13T22:07:00+00:00,1.0,open,New explorers
USER-0202,ITEM-026,2025-06-13T22:07:00+00:00,2.0,save,New explorers
USER-0161,ITEM-022,2025-06-14T07:09:00+00:00,1.0,open,Focused regulars
USER-0001,ITEM-083,2025-06-14T08:08:00+00:00,1.0,open,New explorers
USER-0209,ITEM-083,2025-06-14T08:09:00+00:00,1.0,open,Focused regulars
USER-0142,ITEM-035,2025-06-14T09:05:00+00:00,3.0,complete,New explorers
USER-0186,ITEM-071,2025-06-14T09:09:00+00:00,2.0,save,Broad enthusiasts
USER-0119,ITEM-010,2025-06-14T10:13:00+00:00,1.0,open,Focused regulars
USER-0129,ITEM-041,2025-06-14T10:13:00+00:00,1.0,open,Broad enthusiasts
USER-0168,ITEM-050,2025-06-14T11:07:00+00:00,1.0,open,Broad enthusiasts
USER-0143,ITEM-046,2025-06-14T13:08:00+00:00,2.0,save,Focused regulars
USER-0229,ITEM-025,2025-06-14T14:04:00+00:00,2.0,save,New explorers
USER-0176,ITEM-010,2025-06-14T14:11:00+00:00,1.0,open,Focused regulars
USER-0147,ITEM-016,2025-06-14T15:10:00+00:00,2.0,save,Broad enthusiasts
USER-0203,ITEM-056,2025-06-14T15:14:00+00:00,3.0,complete,Focused regulars
USER-0007,ITEM-076,2025-06-14T16:02:00+00:00,1.0,open,New explorers
USER-0317,ITEM-052,2025-06-14T16:07:00+00:00,1.0,open,Focused regulars
USER-0004,ITEM-067,2025-06-14T18:04:00+00:00,1.0,open,New explorers
USER-0112,ITEM-028,2025-06-14T19:02:00+00:00,3.0,complete,New explorers
USER-0304,ITEM-086,2025-06-14T19:02:00+00:00,1.0,open,New explorers
USER-0249,ITEM-005,2025-06-14T19:14:00+00:00,1.0,open,Broad enthusiasts
USER-0283,ITEM-083,2025-06-14T20:02:00+00:00,2.0,save,New explorers
USER-0106,ITEM-053,2025-06-14T20:03:00+00:00,1.0,open,New explorers
USER-0177,ITEM-071,2025-06-14T20:06:00+00:00,1.0,open,Broad enthusiasts
USER-0128,ITEM-086,2025-06-14T20:09:00+00:00,2.0,save,Focused regulars
USER-0067,ITEM-052,2025-06-14T20:10:00+00:00,2.0,save,New explorers
USER-0006,ITEM-016,2025-06-14T21:08:00+00:00,1.0,open,Broad enthusiasts
USER-0276,ITEM-031,2025-06-14T21:09:00+00:00,3.0,complete,Broad enthusiasts
USER-0308,ITEM-040,2025-06-14T22:05:00+00:00,2.0,save,Focused regulars
USER-0243,ITEM-013,2025-06-14T22:06:00+00:00,2.0,save,Broad enthusiasts
USER-0103,ITEM-084,2025-06-14T22:07:00+00:00,1.0,open,New explorers
USER-0185,ITEM-021,2025-06-15T08:11:00+00:00,1.0,open,Focused regulars
USER-0259,ITEM-047,2025-06-15T09:02:00+00:00,1.0,open,New explorers
USER-0099,ITEM-002,2025-06-15T09:11:00+00:00,2.0,save,Broad enthusiasts
USER-0172,ITEM-044,2025-06-15T10:06:00+00:00,1.0,open,New explorers
USER-0276,ITEM-094,2025-06-15T12:10:00+00:00,1.0,open,Broad enthusiasts
USER-0302,ITEM-019,2025-06-15T12:13:00+00:00,1.0,open,Focused regulars
USER-0257,ITEM-029,2025-06-15T13:06:00+00:00,1.0,open,Focused regulars
USER-0056,ITEM-060,2025-06-15T13:11:00+00:00,1.0,open,Focused regulars
USER-0015,ITEM-013,2025-06-15T13:12:00+00:00,1.0,open,Broad enthusiasts
USER-0075,ITEM-029,2025-06-15T13:13:00+00:00,1.0,open,Broad enthusiasts
USER-0261,ITEM-005,2025-06-15T13:17:00+00:00,1.0,open,Broad enthusiasts
USER-0143,ITEM-024,2025-06-15T17:09:00+00:00,1.0,open,Focused regulars
USER-0066,ITEM-032,2025-06-15T18:08:00+00:00,3.0,complete,Broad enthusiasts
USER-0096,ITEM-092,2025-06-15T18:14:00+00:00,1.0,open,Broad enthusiasts
USER-0111,ITEM-072,2025-06-15T19:11:00+00:00,1.0,open,Broad enthusiasts
USER-0150,ITEM-011,2025-06-15T19:16:00+00:00,1.0,open,Broad enthusiasts
USER-0158,ITEM-086,2025-06-15T21:15:00+00:00,1.0,open,Focused regulars
USER-0267,ITEM-014,2025-06-15T22:10:00+00:00,1.0,open,Broad enthusiasts
USER-0305,ITEM-069,2025-06-16T07:06:00+00:00,3.0,complete,Focused regulars
USER-0111,ITEM-035,2025-06-16T07:12:00+00:00,1.0,open,Broad enthusiasts
USER-0009,ITEM-029,2025-06-16T07:17:00+00:00,3.0,complete,Broad enthusiasts
USER-0193,ITEM-055,2025-06-16T08:03:00+00:00,2.0,save,New explorers
USER-0282,ITEM-096,2025-06-16T08:07:00+00:00,3.0,complete,Broad enthusiasts
USER-0213,ITEM-086,2025-06-16T08:17:00+00:00,1.0,open,Broad enthusiasts
USER-0229,ITEM-052,2025-06-16T09:05:00+00:00,1.0,open,New explorers
USER-0256,ITEM-020,2025-06-16T09:06:00+00:00,1.0,open,New explorers
USER-0121,ITEM-084,2025-06-16T09:07:00+00:00,1.0,open,New explorers
USER-0235,ITEM-011,2025-06-16T09:08:00+00:00,1.0,open,New explorers
USER-0309,ITEM-052,2025-06-16T09:08:00+00:00,1.0,open,Broad enthusiasts
USER-0168,ITEM-058,2025-06-16T10:08:00+00:00,1.0,open,Broad enthusiasts
USER-0021,ITEM-031,2025-06-16T10:10:00+00:00,2.0,save,Broad enthusiasts
USER-0134,ITEM-081,2025-06-16T11:06:00+00:00,2.0,save,Focused regulars
USER-0226,ITEM-035,2025-06-16T12:00:00+00:00,1.0,open,New explorers
USER-0149,ITEM-027,2025-06-16T12:10:00+00:00,3.0,complete,Focused regulars
USER-0020,ITEM-058,2025-06-16T13:08:00+00:00,1.0,open,Focused regulars
USER-0007,ITEM-004,2025-06-16T14:03:00+00:00,1.0,open,New explorers
USER-0148,ITEM-086,2025-06-16T16:05:00+00:00,1.0,open,New explorers
USER-0252,ITEM-026,2025-06-16T17:15:00+00:00,1.0,open,Broad enthusiasts
USER-0253,ITEM-049,2025-06-16T18:05:00+00:00,1.0,open,New explorers
USER-0098,ITEM-082,2025-06-16T18:10:00+00:00,1.0,open,Focused regulars
USER-0217,ITEM-015,2025-06-16T21:02:00+00:00,1.0,open,New explorers
USER-0281,ITEM-040,2025-06-16T21:10:00+00:00,1.0,open,Focused regulars
USER-0297,ITEM-078,2025-06-16T21:18:00+00:00,3.0,complete,Broad enthusiasts
USER-0263,ITEM-084,2025-06-16T22:12:00+00:00,1.0,open,Focused regulars
USER-0012,ITEM-076,2025-06-17T07:12:00+00:00,1.0,open,Broad enthusiasts
USER-0030,ITEM-011,2025-06-17T07:14:00+00:00,1.0,open,Broad enthusiasts
USER-0212,ITEM-049,2025-06-17T10:06:00+00:00,1.0,open,Focused regulars
USER-0283,ITEM-002,2025-06-17T11:03:00+00:00,1.0,open,New explorers
USER-0248,ITEM-021,2025-06-17T12:08:00+00:00,1.0,open,Focused regulars
USER-0159,ITEM-004,2025-06-17T12:10:00+00:00,2.0,save,Broad enthusiasts
USER-0058,ITEM-019,2025-06-17T13:06:00+00:00,2.0,save,New explorers
USER-0257,ITEM-015,2025-06-17T13:07:00+00:00,3.0,complete,Focused regulars
USER-0048,ITEM-034,2025-06-17T14:07:00+00:00,1.0,open,Broad enthusiasts
USER-0138,ITEM-003,2025-06-17T14:09:00+00:00,1.0,open,Broad enthusiasts
USER-0234,ITEM-058,2025-06-17T17:14:00+00:00,1.0,open,Broad enthusiasts
USER-0313,ITEM-057,2025-06-17T20:02:00+00:00,1.0,open,New explorers
USER-0065,ITEM-055,2025-06-17T20:06:00+00:00,1.0,open,Focused regulars
USER-0038,ITEM-018,2025-06-17T20:10:00+00:00,1.0,open,Focused regulars
USER-0097,ITEM-094,2025-06-17T21:04:00+00:00,2.0,save,New explorers
USER-0096,ITEM-076,2025-06-17T21:15:00+00:00,1.0,open,Broad enthusiasts
USER-0127,ITEM-083,2025-06-17T22:01:00+00:00,2.0,save,New explorers
USER-0047,ITEM-035,2025-06-18T07:05:00+00:00,1.0,open,Focused regulars
USER-0240,ITEM-028,2025-06-18T07:12:00+00:00,1.0,open,Broad enthusiasts
USER-0318,ITEM-046,2025-06-18T07:13:00+00:00,1.0,open,Broad enthusiasts
USER-0171,ITEM-045,2025-06-18T07:14:00+00:00,2.0,save,Broad enthusiasts
USER-0250,ITEM-070,2025-06-18T09:02:00+00:00,1.0,open,New explorers
USER-0111,ITEM-037,2025-06-18T09:13:00+00:00,2.0,save,Broad enthusiasts
USER-0120,ITEM-017,2025-06-18T14:13:00+00:00,2.0,save,Broad enthusiasts
USER-0024,ITEM-042,2025-06-18T16:09:00+00:00,1.0,open,Broad enthusiasts
USER-0272,ITEM-084,2025-06-18T16:09:00+00:00,1.0,open,Focused regulars
USER-0295,ITEM-043,2025-06-18T17:07:00+00:00,3.0,complete,New explorers
USER-0026,ITEM-003,2025-06-18T17:08:00+00:00,1.0,open,Focused regulars
USER-0297,ITEM-083,2025-06-18T17:19:00+00:00,1.0,open,Broad enthusiasts
USER-0112,ITEM-016,2025-06-18T18:03:00+00:00,3.0,complete,New explorers
USER-0192,ITEM-025,2025-06-18T18:11:00+00:00,1.0,open,Broad enthusiasts
USER-0064,ITEM-065,2025-06-18T19:03:00+00:00,3.0,complete,New explorers
USER-0207,ITEM-067,2025-06-18T19:08:00+00:00,3.0,complete,Broad enthusiasts
USER-0265,ITEM-083,2025-06-18T19:08:00+00:00,1.0,open,New explorers
USER-0296,ITEM-082,2025-06-18T19:10:00+00:00,1.0,open,Focused regulars
USER-0245,ITEM-069,2025-06-18T20:03:00+00:00,1.0,open,Focused regulars
USER-0239,ITEM-067,2025-06-18T20:07:00+00:00,1.0,open,Focused regulars
USER-0113,ITEM-039,2025-06-18T20:13:00+00:00,1.0,open,Focused regulars
USER-0222,ITEM-026,2025-06-18T21:07:00+00:00,1.0,open,Broad enthusiasts
USER-0282,ITEM-085,2025-06-18T21:08:00+00:00,2.0,save,Broad enthusiasts
USER-0108,ITEM-070,2025-06-18T21:11:00+00:00,2.0,save,Broad enthusiasts
USER-0122,ITEM-014,2025-06-19T09:11:00+00:00,1.0,open,Focused regulars
USER-0091,ITEM-037,2025-06-19T10:07:00+00:00,1.0,open,New explorers
USER-0286,ITEM-026,2025-06-19T11:05:00+00:00,1.0,open,New explorers
USER-0068,ITEM-011,2025-06-19T11:15:00+00:00,3.0,complete,Focused regulars
USER-0277,ITEM-031,2025-06-19T14:06:00+00:00,1.0,open,New explorers
USER-0165,ITEM-034,2025-06-19T14:12:00+00:00,3.0,complete,Broad enthusiasts
USER-0212,ITEM-082,2025-06-19T15:07:00+00:00,1.0,open,Focused regulars
USER-0191,ITEM-041,2025-06-19T15:08:00+00:00,1.0,open,Focused regulars
USER-0206,ITEM-072,2025-06-19T15:10:00+00:00,1.0,open,Focused regulars
USER-0106,ITEM-011,2025-06-19T19:04:00+00:00,1.0,open,New explorers
USER-0282,ITEM-048,2025-06-19T19:09:00+00:00,1.0,open,Broad enthusiasts
USER-0196,ITEM-082,2025-06-19T21:04:00+00:00,2.0,save,New explorers
USER-0229,ITEM-010,2025-06-19T21:06:00+00:00,1.0,open,New explorers
USER-0024,ITEM-058,2025-06-19T21:10:00+00:00,3.0,complete,Broad enthusiasts
USER-0072,ITEM-078,2025-06-19T22:14:00+00:00,3.0,complete,Broad enthusiasts
USER-0227,ITEM-020,2025-06-20T07:10:00+00:00,2.0,save,Focused regulars
USER-0100,ITEM-092,2025-06-20T08:06:00+00:00,1.0,open,New explorers
USER-0191,ITEM-014,2025-06-20T10:09:00+00:00,1.0,open,Focused regulars
USER-0063,ITEM-070,2025-06-20T11:13:00+00:00,1.0,open,Broad enthusiasts
USER-0310,ITEM-020,2025-06-20T12:03:00+00:00,1.0,open,New explorers
USER-0212,ITEM-016,2025-06-20T14:08:00+00:00,1.0,open,Focused regulars
USER-0038,ITEM-081,2025-06-20T16:11:00+00:00,1.0,open,Focused regulars
USER-0244,ITEM-020,2025-06-20T17:06:00+00:00,1.0,open,New explorers
USER-0171,ITEM-009,2025-06-20T17:15:00+00:00,1.0,open,Broad enthusiasts
USER-0277,ITEM-042,2025-06-20T18:07:00+00:00,2.0,save,New explorers
USER-0088,ITEM-060,2025-06-20T18:10:00+00:00,1.0,open,New explorers
USER-0150,ITEM-027,2025-06-20T19:17:00+00:00,2.0,save,Broad enthusiasts
USER-0320,ITEM-025,2025-06-20T21:04:00+00:00,1.0,open,Focused regulars
USER-0157,ITEM-005,2025-06-20T22:03:00+00:00,1.0,open,New explorers
USER-0196,ITEM-037,2025-06-20T22:05:00+00:00,3.0,complete,New explorers
USER-0113,ITEM-001,2025-06-20T22:14:00+00:00,1.0,open,Focused regulars
USER-0315,ITEM-041,2025-06-20T22:17:00+00:00,1.0,open,Broad enthusiasts
USER-0244,ITEM-054,2025-06-21T07:07:00+00:00,1.0,open,New explorers
USER-0098,ITEM-037,2025-06-21T07:11:00+00:00,1.0,open,Focused regulars
USER-0200,ITEM-037,2025-06-21T08:10:00+00:00,3.0,complete,Focused regulars
USER-0193,ITEM-020,2025-06-21T09:04:00+00:00,2.0,save,New explorers
USER-0047,ITEM-023,2025-06-21T10:06:00+00:00,1.0,open,Focused regulars
USER-0123,ITEM-052,2025-06-21T10:09:00+00:00,2.0,save,Broad enthusiasts
USER-0092,ITEM-043,2025-06-21T10:13:00+00:00,1.0,open,Focused regulars
USER-0127,ITEM-082,2025-06-21T13:02:00+00:00,1.0,open,New explorers
USER-0180,ITEM-042,2025-06-21T13:10:00+00:00,1.0,open,Broad enthusiasts
USER-0316,ITEM-039,2025-06-21T14:05:00+00:00,1.0,open,New explorers
USER-0032,ITEM-033,2025-06-21T14:09:00+00:00,2.0,save,Focused regulars
USER-0206,ITEM-002,2025-06-21T14:11:00+00:00,1.0,open,Focused regulars
USER-0070,ITEM-034,2025-06-21T16:04:00+00:00,1.0,open,New explorers
USER-0048,ITEM-009,2025-06-21T16:08:00+00:00,1.0,open,Broad enthusiasts
USER-0185,ITEM-072,2025-06-21T16:12:00+00:00,3.0,complete,Focused regulars
USER-0060,ITEM-018,2025-06-21T17:11:00+00:00,2.0,save,Broad enthusiasts
USER-0194,ITEM-055,2025-06-21T19:07:00+00:00,1.0,open,Focused regulars
USER-0110,ITEM-043,2025-06-21T20:10:00+00:00,2.0,save,Focused regulars
USER-0074,ITEM-048,2025-06-21T22:14:00+00:00,1.0,open,Focused regulars
USER-0035,ITEM-023,2025-06-21T22:15:00+00:00,1.0,open,Focused regulars
USER-0299,ITEM-033,2025-06-22T08:05:00+00:00,2.0,save,Focused regulars
USER-0154,ITEM-052,2025-06-22T08:07:00+00:00,1.0,open,New explorers
USER-0229,ITEM-065,2025-06-22T08:07:00+00:00,1.0,open,New explorers
USER-0052,ITEM-042,2025-06-22T09:04:00+00:00,1.0,open,New explorers
USER-0164,ITEM-031,2025-06-22T09:14:00+00:00,1.0,open,Focused regulars
USER-0302,ITEM-067,2025-06-22T10:14:00+00:00,1.0,open,Focused regulars
USER-0297,ITEM-040,2025-06-22T10:20:00+00:00,2.0,save,Broad enthusiasts
USER-0153,ITEM-071,2025-06-22T14:17:00+00:00,1.0,open,Broad enthusiasts
USER-0269,ITEM-009,2025-06-22T16:11:00+00:00,1.0,open,Focused regulars
USER-0254,ITEM-040,2025-06-22T17:07:00+00:00,2.0,save,Focused regulars
USER-0105,ITEM-049,2025-06-22T17:11:00+00:00,1.0,open,Broad enthusiasts
USER-0087,ITEM-083,2025-06-22T17:13:00+00:00,2.0,save,Broad enthusiasts
USER-0304,ITEM-089,2025-06-22T19:03:00+00:00,1.0,open,New explorers
USER-0232,ITEM-009,2025-06-22T19:05:00+00:00,3.0,complete,New explorers
USER-0231,ITEM-067,2025-06-22T20:12:00+00:00,2.0,save,Broad enthusiasts
USER-0234,ITEM-082,2025-06-22T20:15:00+00:00,3.0,complete,Broad enthusiasts
USER-0114,ITEM-092,2025-06-22T21:02:00+00:00,3.0,complete,Broad enthusiasts
USER-0262,ITEM-060,2025-06-22T21:07:00+00:00,1.0,open,New explorers
USER-0203,ITEM-060,2025-06-22T21:15:00+00:00,1.0,open,Focused regulars
USER-0166,ITEM-067,2025-06-23T07:05:00+00:00,3.0,complete,New explorers
USER-0215,ITEM-042,2025-06-23T07:10:00+00:00,1.0,open,Focused regulars
USER-0136,ITEM-087,2025-06-23T08:08:00+00:00,3.0,complete,New explorers
USER-0090,ITEM-050,2025-06-23T08:09:00+00:00,1.0,open,Broad enthusiasts
USER-0308,ITEM-050,2025-06-23T09:06:00+00:00,1.0,open,Focused regulars
USER-0044,ITEM-050,2025-06-23T11:05:00+00:00,2.0,save,Focused regulars
USER-0131,ITEM-033,2025-06-23T11:08:00+00:00,1.0,open,Focused regulars
USER-0104,ITEM-054,2025-06-23T11:12:00+00:00,2.0,save,Focused regulars
USER-0185,ITEM-050,2025-06-23T11:13:00+00:00,3.0,complete,Focused regulars
USER-0318,ITEM-054,2025-06-23T11:14:00+00:00,1.0,open,Broad enthusiasts
USER-0030,ITEM-057,2025-06-23T11:15:00+00:00,2.0,save,Broad enthusiasts
USER-0218,ITEM-032,2025-06-23T12:05:00+00:00,2.0,save,Focused regulars
USER-0135,ITEM-028,2025-06-23T12:15:00+00:00,3.0,complete,Broad enthusiasts
USER-0007,ITEM-086,2025-06-23T13:04:00+00:00,1.0,open,New explorers
USER-0094,ITEM-084,2025-06-23T13:04:00+00:00,1.0,open,New explorers
USER-0100,ITEM-067,2025-06-23T13:07:00+00:00,1.0,open,New explorers
USER-0207,ITEM-017,2025-06-23T13:09:00+00:00,1.0,open,Broad enthusiasts
USER-0021,ITEM-082,2025-06-23T13:11:00+00:00,1.0,open,Broad enthusiasts
USER-0042,ITEM-027,2025-06-23T13:14:00+00:00,2.0,save,Broad enthusiasts
USER-0101,ITEM-039,2025-06-23T14:05:00+00:00,1.0,open,Focused regulars
USER-0168,ITEM-009,2025-06-23T15:09:00+00:00,1.0,open,Broad enthusiasts
USER-0039,ITEM-058,2025-06-23T15:10:00+00:00,1.0,open,Broad enthusiasts
USER-0287,ITEM-094,2025-06-23T16:02:00+00:00,1.0,open,Focused regulars
USER-0249,ITEM-094,2025-06-23T16:15:00+00:00,1.0,open,Broad enthusiasts
USER-0279,ITEM-061,2025-06-23T16:15:00+00:00,1.0,open,Broad enthusiasts
USER-0316,ITEM-029,2025-06-23T17:06:00+00:00,1.0,open,New explorers
USER-0003,ITEM-011,2025-06-23T17:11:00+00:00,3.0,complete,Broad enthusiasts
USER-0243,ITEM-071,2025-06-23T18:07:00+00:00,1.0,open,Broad enthusiasts
USER-0206,ITEM-086,2025-06-23T18:12:00+00:00,1.0,open,Focused regulars
USER-0069,ITEM-012,2025-06-23T19:05:00+00:00,2.0,save,Broad enthusiasts
USER-0049,ITEM-003,2025-06-23T20:06:00+00:00,1.0,open,New explorers
USER-0066,ITEM-085,2025-06-23T20:09:00+00:00,3.0,complete,Broad enthusiasts
USER-0015,ITEM-094,2025-06-23T21:13:00+00:00,2.0,save,Broad enthusiasts
USER-0183,ITEM-040,2025-06-23T22:08:00+00:00,1.0,open,Broad enthusiasts
USER-0295,ITEM-011,2025-06-23T22:08:00+00:00,2.0,save,New explorers
USER-0210,ITEM-049,2025-06-23T22:14:00+00:00,2.0,save,Broad enthusiasts
USER-0146,ITEM-060,2025-06-24T08:12:00+00:00,2.0,save,Focused regulars
USER-0216,ITEM-027,2025-06-24T08:12:00+00:00,3.0,complete,Broad enthusiasts
USER-0030,ITEM-061,2025-06-24T08:16:00+00:00,1.0,open,Broad enthusiasts
USER-0023,ITEM-033,2025-06-24T09:09:00+00:00,3.0,complete,Focused regulars
USER-0267,ITEM-065,2025-06-24T09:11:00+00:00,3.0,complete,Broad enthusiasts
USER-0192,ITEM-084,2025-06-24T09:12:00+00:00,1.0,open,Broad enthusiasts
USER-0262,ITEM-083,2025-06-24T10:08:00+00:00,1.0,open,New explorers
USER-0002,ITEM-014,2025-06-24T11:12:00+00:00,1.0,open,Focused regulars
USER-0171,ITEM-086,2025-06-24T12:16:00+00:00,1.0,open,Broad enthusiasts
USER-0029,ITEM-052,2025-06-24T14:07:00+00:00,1.0,open,Focused regulars
USER-0125,ITEM-021,2025-06-24T15:06:00+00:00,3.0,complete,Focused regulars
USER-0233,ITEM-060,2025-06-24T16:06:00+00:00,1.0,open,Focused regulars
USER-0101,ITEM-046,2025-06-24T17:06:00+00:00,1.0,open,Focused regulars
USER-0151,ITEM-033,2025-06-24T17:06:00+00:00,1.0,open,New explorers
USER-0118,ITEM-020,2025-06-24T18:05:00+00:00,2.0,save,New explorers
USER-0168,ITEM-026,2025-06-24T18:10:00+00:00,2.0,save,Broad enthusiasts
USER-0230,ITEM-017,2025-06-24T19:07:00+00:00,1.0,open,Focused regulars
USER-0228,ITEM-033,2025-06-24T19:08:00+00:00,1.0,open,Broad enthusiasts
USER-0314,ITEM-020,2025-06-24T19:08:00+00:00,1.0,open,Focused regulars
USER-0313,ITEM-077,2025-06-24T20:03:00+00:00,1.0,open,New explorers
USER-0111,ITEM-088,2025-06-24T21:14:00+00:00,2.0,save,Broad enthusiasts
USER-0273,ITEM-040,2025-06-24T21:14:00+00:00,1.0,open,Broad enthusiasts
USER-0274,ITEM-072,2025-06-24T22:03:00+00:00,2.0,save,New explorers
USER-0208,ITEM-006,2025-06-24T22:05:00+00:00,1.0,open,New explorers
USER-0039,ITEM-051,2025-06-24T22:11:00+00:00,1.0,open,Broad enthusiasts
USER-0180,ITEM-026,2025-06-24T22:11:00+00:00,1.0,open,Broad enthusiasts
USER-0281,ITEM-055,2025-06-24T22:11:00+00:00,1.0,open,Focused regulars
USER-0030,ITEM-067,2025-06-25T07:17:00+00:00,1.0,open,Broad enthusiasts
USER-0255,ITEM-042,2025-06-25T09:12:00+00:00,2.0,save,Broad enthusiasts
USER-0012,ITEM-072,2025-06-25T09:13:00+00:00,1.0,open,Broad enthusiasts
USER-0198,ITEM-082,2025-06-25T09:15:00+00:00,1.0,open,Broad enthusiasts
USER-0213,ITEM-034,2025-06-25T09:18:00+00:00,1.0,open,Broad enthusiasts
USER-0147,ITEM-084,2025-06-25T10:11:00+00:00,1.0,open,Broad enthusiasts
USER-0056,ITEM-052,2025-06-25T10:12:00+00:00,1.0,open,Focused regulars
USER-0240,ITEM-082,2025-06-25T10:13:00+00:00,3.0,complete,Broad enthusiasts
USER-0172,ITEM-025,2025-06-25T11:07:00+00:00,2.0,save,New explorers
USER-0131,ITEM-005,2025-06-25T11:09:00+00:00,3.0,complete,Focused regulars
USER-0138,ITEM-055,2025-06-25T11:10:00+00:00,1.0,open,Broad enthusiasts
USER-0209,ITEM-072,2025-06-25T11:10:00+00:00,2.0,save,Focused regulars
USER-0272,ITEM-083,2025-06-25T11:10:00+00:00,1.0,open,Focused regulars
USER-0036,ITEM-034,2025-06-25T11:12:00+00:00,1.0,open,Broad enthusiasts
USER-0180,ITEM-037,2025-06-25T11:12:00+00:00,1.0,open,Broad enthusiasts
USER-0130,ITEM-072,2025-06-25T12:06:00+00:00,1.0,open,New explorers
USER-0279,ITEM-045,2025-06-25T13:16:00+00:00,3.0,complete,Broad enthusiasts
USER-0187,ITEM-094,2025-06-25T14:02:00+00:00,1.0,open,New explorers
USER-0031,ITEM-005,2025-06-25T14:04:00+00:00,1.0,open,New explorers
USER-0207,ITEM-046,2025-06-25T14:10:00+00:00,1.0,open,Broad enthusiasts
USER-0181,ITEM-021,2025-06-25T14:11:00+00:00,2.0,save,New explorers
USER-0231,ITEM-065,2025-06-25T14:13:00+00:00,1.0,open,Broad enthusiasts
USER-0292,ITEM-065,2025-06-25T16:02:00+00:00,1.0,open,New explorers
USER-0086,ITEM-047,2025-06-25T17:09:00+00:00,1.0,open,Focused regulars
USER-0093,ITEM-065,2025-06-25T17:12:00+00:00,1.0,open,Broad enthusiasts
USER-0003,ITEM-003,2025-06-25T18:12:00+00:00,2.0,save,Broad enthusiasts
USER-0203,ITEM-018,2025-06-25T18:16:00+00:00,1.0,open,Focused regulars
USER-0194,ITEM-025,2025-06-25T19:08:00+00:00,1.0,open,Focused regulars
USER-0242,ITEM-005,2025-06-25T19:09:00+00:00,1.0,open,Focused regulars
USER-0043,ITEM-050,2025-06-25T20:05:00+00:00,1.0,open,New explorers
USER-0045,ITEM-043,2025-06-25T20:10:00+00:00,1.0,open,Broad enthusiasts
USER-0075,ITEM-067,2025-06-25T20:14:00+00:00,1.0,open,Broad enthusiasts
USER-0185,ITEM-092,2025-06-25T20:14:00+00:00,1.0,open,Focused regulars
USER-0210,ITEM-041,2025-06-25T20:15:00+00:00,1.0,open,Broad enthusiasts
USER-0150,ITEM-092,2025-06-25T21:18:00+00:00,1.0,open,Broad enthusiasts
USER-0294,ITEM-017,2025-06-26T07:14:00+00:00,1.0,open,Broad enthusiasts
USER-0126,ITEM-054,2025-06-26T09:07:00+00:00,1.0,open,Broad enthusiasts
USER-0136,ITEM-060,2025-06-26T11:09:00+00:00,2.0,save,New explorers
USER-0210,ITEM-022,2025-06-26T11:16:00+00:00,1.0,open,Broad enthusiasts
USER-0272,ITEM-033,2025-06-26T12:11:00+00:00,1.0,open,Focused regulars
USER-0314,ITEM-054,2025-06-26T14:09:00+00:00,1.0,open,Focused regulars
USER-0180,ITEM-025,2025-06-26T14:13:00+00:00,1.0,open,Broad enthusiasts
USER-0075,ITEM-015,2025-06-26T15:15:00+00:00,1.0,open,Broad enthusiasts
USER-0195,ITEM-013,2025-06-26T16:12:00+00:00,1.0,open,Broad enthusiasts
USER-0165,ITEM-011,2025-06-26T16:13:00+00:00,1.0,open,Broad enthusiasts
USER-0096,ITEM-072,2025-06-26T16:16:00+00:00,1.0,open,Broad enthusiasts
USER-0099,ITEM-084,2025-06-26T18:12:00+00:00,1.0,open,Broad enthusiasts
USER-0259,ITEM-014,2025-06-26T19:03:00+00:00,1.0,open,New explorers
USER-0036,ITEM-072,2025-06-26T19:13:00+00:00,2.0,save,Broad enthusiasts
USER-0156,ITEM-044,2025-06-26T19:14:00+00:00,1.0,open,Broad enthusiasts
USER-0072,ITEM-022,2025-06-26T19:15:00+00:00,3.0,complete,Broad enthusiasts
USER-0218,ITEM-006,2025-06-27T07:06:00+00:00,1.0,open,Focused regulars
USER-0174,ITEM-036,2025-06-27T07:09:00+00:00,1.0,open,Broad enthusiasts
USER-0064,ITEM-052,2025-06-27T08:04:00+00:00,1.0,open,New explorers
USER-0106,ITEM-043,2025-06-27T08:05:00+00:00,2.0,save,New explorers
USER-0222,ITEM-033,2025-06-27T08:08:00+00:00,2.0,save,Broad enthusiasts
USER-0185,ITEM-065,2025-06-27T08:15:00+00:00,2.0,save,Focused regulars
USER-0209,ITEM-002,2025-06-27T09:11:00+00:00,2.0,save,Focused regulars
USER-0308,ITEM-071,2025-06-27T10:07:00+00:00,2.0,save,Focused regulars
USER-0023,ITEM-020,2025-06-27T12:10:00+00:00,1.0,open,Focused regulars
USER-0235,ITEM-004,2025-06-27T13:09:00+00:00,1.0,open,New explorers
USER-0198,ITEM-032,2025-06-27T13:16:00+00:00,1.0,open,Broad enthusiasts
USER-0316,ITEM-042,2025-06-27T14:07:00+00:00,1.0,open,New explorers
USER-0117,ITEM-074,2025-06-27T17:06:00+00:00,1.0,open,Broad enthusiasts
USER-0125,ITEM-082,2025-06-27T17:07:00+00:00,1.0,open,Focused regulars
USER-0234,ITEM-051,2025-06-27T17:16:00+00:00,1.0,open,Broad enthusiasts
USER-0309,ITEM-043,2025-06-27T20:09:00+00:00,1.0,open,Broad enthusiasts
USER-0216,ITEM-091,2025-06-27T21:13:00+00:00,1.0,open,Broad enthusiasts
USER-0007,ITEM-048,2025-06-27T22:05:00+00:00,1.0,open,New explorers
USER-0108,ITEM-084,2025-06-27T22:12:00+00:00,2.0,save,Broad enthusiasts
USER-0031,ITEM-074,2025-06-28T07:05:00+00:00,3.0,complete,New explorers
USER-0016,ITEM-016,2025-06-28T07:06:00+00:00,1.0,open,New explorers
USER-0285,ITEM-043,2025-06-28T07:06:00+00:00,1.0,open,Broad enthusiasts
USER-0156,ITEM-027,2025-06-28T07:15:00+00:00,1.0,open,Broad enthusiasts
USER-0294,ITEM-039,2025-06-28T07:15:00+00:00,1.0,open,Broad enthusiasts
USER-0052,ITEM-083,2025-06-28T09:05:00+00:00,1.0,open,New explorers
USER-0289,ITEM-076,2025-06-28T10:07:00+00:00,1.0,open,New explorers
USER-0290,ITEM-032,2025-06-28T10:11:00+00:00,2.0,save,Focused regulars
USER-0267,ITEM-055,2025-06-28T13:12:00+00:00,1.0,open,Broad enthusiasts
USER-0228,ITEM-041,2025-06-28T14:09:00+00:00,1.0,open,Broad enthusiasts
USER-0298,ITEM-028,2025-06-28T17:04:00+00:00,1.0,open,New explorers
USER-0087,ITEM-061,2025-06-28T17:14:00+00:00,1.0,open,Broad enthusiasts
USER-0018,ITEM-065,2025-06-28T18:13:00+00:00,1.0,open,Broad enthusiasts
USER-0288,ITEM-061,2025-06-28T19:11:00+00:00,1.0,open,Broad enthusiasts
USER-0308,ITEM-031,2025-06-28T21:08:00+00:00,2.0,save,Focused regulars
USER-0080,ITEM-067,2025-06-28T21:17:00+00:00,2.0,save,Focused regulars
USER-0184,ITEM-037,2025-06-28T22:01:00+00:00,1.0,open,New explorers
USER-0174,ITEM-005,2025-06-28T22:10:00+00:00,1.0,open,Broad enthusiasts
USER-0073,ITEM-012,2025-06-29T07:09:00+00:00,1.0,open,New explorers
USER-0110,ITEM-082,2025-06-29T10:11:00+00:00,1.0,open,Focused regulars
USER-0018,ITEM-042,2025-06-29T10:14:00+00:00,2.0,save,Broad enthusiasts
USER-0056,ITEM-033,2025-06-29T11:13:00+00:00,2.0,save,Focused regulars
USER-0221,ITEM-083,2025-06-29T14:04:00+00:00,1.0,open,Focused regulars
USER-0098,ITEM-074,2025-06-29T14:12:00+00:00,2.0,save,Focused regulars
USER-0181,ITEM-083,2025-06-29T14:12:00+00:00,1.0,open,New explorers
USER-0074,ITEM-001,2025-06-29T16:15:00+00:00,3.0,complete,Focused regulars
USER-0230,ITEM-032,2025-06-29T17:08:00+00:00,2.0,save,Focused regulars
USER-0254,ITEM-028,2025-06-29T18:08:00+00:00,1.0,open,Focused regulars
USER-0078,ITEM-082,2025-06-29T19:13:00+00:00,1.0,open,Broad enthusiasts
USER-0151,ITEM-082,2025-06-29T20:07:00+00:00,1.0,open,New explorers
USER-0173,ITEM-011,2025-06-29T22:08:00+00:00,1.0,open,Focused regulars
USER-0111,ITEM-067,2025-06-29T22:15:00+00:00,1.0,open,Broad enthusiasts
USER-0008,ITEM-027,2025-06-30T07:06:00+00:00,1.0,open,Focused regulars
USER-0215,ITEM-009,2025-06-30T07:11:00+00:00,1.0,open,Focused regulars
USER-0114,ITEM-045,2025-06-30T08:03:00+00:00,3.0,complete,Broad enthusiasts
USER-0242,ITEM-033,2025-06-30T08:10:00+00:00,1.0,open,Focused regulars
USER-0066,ITEM-011,2025-06-30T09:10:00+00:00,2.0,save,Broad enthusiasts
USER-0228,ITEM-055,2025-06-30T09:10:00+00:00,1.0,open,Broad enthusiasts
USER-0296,ITEM-016,2025-06-30T14:11:00+00:00,1.0,open,Focused regulars
USER-0182,ITEM-082,2025-06-30T16:08:00+00:00,1.0,open,Focused regulars
USER-0317,ITEM-084,2025-06-30T16:08:00+00:00,2.0,save,Focused regulars
USER-0123,ITEM-036,2025-06-30T16:10:00+00:00,3.0,complete,Broad enthusiasts
USER-0069,ITEM-060,2025-06-30T17:06:00+00:00,2.0,save,Broad enthusiasts
USER-0016,ITEM-037,2025-06-30T17:07:00+00:00,2.0,save,New explorers
USER-0139,ITEM-067,2025-06-30T17:07:00+00:00,1.0,open,New explorers
USER-0051,ITEM-057,2025-06-30T17:10:00+00:00,1.0,open,Broad enthusiasts
USER-0084,ITEM-014,2025-06-30T17:14:00+00:00,3.0,complete,Broad enthusiasts
USER-0135,ITEM-006,2025-06-30T17:16:00+00:00,2.0,save,Broad enthusiasts
USER-0294,ITEM-032,2025-06-30T17:16:00+00:00,3.0,complete,Broad enthusiasts
USER-0001,ITEM-039,2025-06-30T18:09:00+00:00,1.0,open,New explorers
USER-0168,ITEM-074,2025-06-30T18:11:00+00:00,1.0,open,Broad enthusiasts
USER-0020,ITEM-010,2025-06-30T19:09:00+00:00,1.0,open,Focused regulars
USER-0162,ITEM-020,2025-06-30T20:17:00+00:00,1.0,open,Broad enthusiasts
USER-0079,ITEM-089,2025-06-30T21:04:00+00:00,1.0,open,New explorers
USER-0040,ITEM-078,2025-06-30T22:01:00+00:00,1.0,open,New explorers
USER-0177,ITEM-052,2025-06-30T22:07:00+00:00,3.0,complete,Broad enthusiasts
USER-0107,ITEM-070,2025-07-01T07:07:00+00:00,3.0,complete,Focused regulars
USER-0005,ITEM-021,2025-07-01T08:08:00+00:00,3.0,complete,Focused regulars
USER-0257,ITEM-060,2025-07-01T09:08:00+00:00,2.0,save,Focused regulars
USER-0128,ITEM-088,2025-07-01T10:10:00+00:00,3.0,complete,Focused regulars
USER-0105,ITEM-032,2025-07-01T10:12:00+00:00,1.0,open,Broad enthusiasts
USER-0195,ITEM-072,2025-07-01T10:13:00+00:00,1.0,open,Broad enthusiasts
USER-0251,ITEM-020,2025-07-01T11:07:00+00:00,1.0,open,Focused regulars
USER-0275,ITEM-017,2025-07-01T11:07:00+00:00,1.0,open,Focused regulars
USER-0048,ITEM-083,2025-07-01T11:09:00+00:00,1.0,open,Broad enthusiasts
USER-0240,ITEM-091,2025-07-01T11:14:00+00:00,1.0,open,Broad enthusiasts
USER-0260,ITEM-013,2025-07-01T13:08:00+00:00,2.0,save,Focused regulars
USER-0288,ITEM-021,2025-07-01T14:12:00+00:00,1.0,open,Broad enthusiasts
USER-0216,ITEM-083,2025-07-01T14:14:00+00:00,2.0,save,Broad enthusiasts
USER-0255,ITEM-054,2025-07-01T16:13:00+00:00,2.0,save,Broad enthusiasts
USER-0244,ITEM-010,2025-07-01T17:08:00+00:00,1.0,open,New explorers
USER-0090,ITEM-065,2025-07-01T17:10:00+00:00,1.0,open,Broad enthusiasts
USER-0293,ITEM-037,2025-07-01T18:09:00+00:00,1.0,open,Focused regulars
USER-0138,ITEM-022,2025-07-01T18:11:00+00:00,2.0,save,Broad enthusiasts
USER-0050,ITEM-064,2025-07-01T19:10:00+00:00,1.0,open,Focused regulars
USER-0104,ITEM-021,2025-07-01T21:13:00+00:00,1.0,open,Focused regulars
USER-0155,ITEM-037,2025-07-02T07:04:00+00:00,3.0,complete,Focused regulars
USER-0223,ITEM-016,2025-07-02T07:08:00+00:00,3.0,complete,New explorers
USER-0084,ITEM-067,2025-07-02T07:15:00+00:00,2.0,save,Broad enthusiasts
USER-0254,ITEM-014,2025-07-02T08:09:00+00:00,1.0,open,Focused regulars
USER-0291,ITEM-024,2025-07-02T09:15:00+00:00,1.0,open,Broad enthusiasts
USER-0107,ITEM-086,2025-07-02T12:08:00+00:00,2.0,save,Focused regulars
USER-0270,ITEM-094,2025-07-02T12:09:00+00:00,1.0,open,Broad enthusiasts
USER-0035,ITEM-071,2025-07-02T12:16:00+00:00,2.0,save,Focused regulars
USER-0058,ITEM-061,2025-07-02T13:07:00+00:00,1.0,open,New explorers
USER-0122,ITEM-086,2025-07-02T13:12:00+00:00,2.0,save,Focused regulars
USER-0033,ITEM-020,2025-07-02T14:09:00+00:00,1.0,open,Broad enthusiasts
USER-0290,ITEM-057,2025-07-02T14:12:00+00:00,2.0,save,Focused regulars
USER-0024,ITEM-045,2025-07-02T17:11:00+00:00,1.0,open,Broad enthusiasts
USER-0117,ITEM-052,2025-07-02T18:07:00+00:00,3.0,complete,Broad enthusiasts
USER-0032,ITEM-081,2025-07-02T18:10:00+00:00,1.0,open,Focused regulars
USER-0005,ITEM-002,2025-07-02T19:09:00+00:00,1.0,open,Focused regulars
USER-0112,ITEM-064,2025-07-02T21:04:00+00:00,3.0,complete,New explorers
USER-0039,ITEM-024,2025-07-02T21:12:00+00:00,1.0,open,Broad enthusiasts
USER-0009,ITEM-045,2025-07-02T21:18:00+00:00,2.0,save,Broad enthusiasts
USER-0210,ITEM-027,2025-07-02T22:17:00+00:00,1.0,open,Broad enthusiasts
USER-0079,ITEM-046,2025-07-03T07:05:00+00:00,1.0,open,New explorers
USER-0065,ITEM-037,2025-07-03T07:07:00+00:00,1.0,open,Focused regulars
USER-0235,ITEM-031,2025-07-03T07:10:00+00:00,2.0,save,New explorers
USER-0230,ITEM-020,2025-07-03T08:09:00+00:00,1.0,open,Focused regulars
USER-0141,ITEM-091,2025-07-03T08:10:00+00:00,1.0,open,Broad enthusiasts
USER-0002,ITEM-025,2025-07-03T08:13:00+00:00,1.0,open,Focused regulars
USER-0127,ITEM-031,2025-07-03T09:03:00+00:00,2.0,save,New explorers
USER-0260,ITEM-028,2025-07-03T11:09:00+00:00,2.0,save,Focused regulars
USER-0059,ITEM-005,2025-07-03T11:12:00+00:00,1.0,open,Focused regulars
USER-0098,ITEM-020,2025-07-03T11:13:00+00:00,2.0,save,Focused regulars
USER-0190,ITEM-019,2025-07-03T12:06:00+00:00,1.0,open,New explorers
USER-0088,ITEM-038,2025-07-03T12:11:00+00:00,2.0,save,New explorers
USER-0228,ITEM-057,2025-07-03T13:11:00+00:00,2.0,save,Broad enthusiasts
USER-0234,ITEM-005,2025-07-03T13:17:00+00:00,1.0,open,Broad enthusiasts
USER-0250,ITEM-032,2025-07-03T14:03:00+00:00,1.0,open,New explorers
USER-0034,ITEM-049,2025-07-03T15:02:00+00:00,1.0,open,New explorers
USER-0283,ITEM-037,2025-07-03T15:04:00+00:00,1.0,open,New explorers
USER-0086,ITEM-031,2025-07-03T16:10:00+00:00,1.0,open,Focused regulars
USER-0244,ITEM-029,2025-07-03T18:09:00+00:00,1.0,open,New explorers
USER-0001,ITEM-005,2025-07-03T18:10:00+00:00,1.0,open,New explorers
USER-0138,ITEM-039,2025-07-03T18:12:00+00:00,1.0,open,Broad enthusiasts
USER-0047,ITEM-060,2025-07-03T19:07:00+00:00,2.0,save,Focused regulars
USER-0266,ITEM-025,2025-07-03T19:15:00+00:00,1.0,open,Focused regulars
USER-0055,ITEM-009,2025-07-03T21:06:00+00:00,1.0,open,New explorers
USER-0122,ITEM-088,2025-07-03T22:13:00+00:00,2.0,save,Focused regulars
USER-0051,ITEM-031,2025-07-04T08:11:00+00:00,1.0,open,Broad enthusiasts
USER-0249,ITEM-063,2025-07-04T08:16:00+00:00,2.0,save,Broad enthusiasts
USER-0133,ITEM-070,2025-07-04T09:06:00+00:00,2.0,save,New explorers
USER-0145,ITEM-019,2025-07-04T09:08:00+00:00,1.0,open,New explorers
USER-0053,ITEM-022,2025-07-04T10:06:00+00:00,1.0,open,Focused regulars
USER-0110,ITEM-033,2025-07-04T11:12:00+00:00,2.0,save,Focused regulars
USER-0276,ITEM-014,2025-07-04T12:11:00+00:00,1.0,open,Broad enthusiasts
USER-0234,ITEM-040,2025-07-04T12:18:00+00:00,1.0,open,Broad enthusiasts
USER-0175,ITEM-083,2025-07-04T13:04:00+00:00,2.0,save,New explorers
USER-0246,ITEM-055,2025-07-04T13:09:00+00:00,1.0,open,Broad enthusiasts
USER-0265,ITEM-005,2025-07-04T13:09:00+00:00,1.0,open,New explorers
USER-0280,ITEM-082,2025-07-04T13:10:00+00:00,1.0,open,New explorers
USER-0264,ITEM-039,2025-07-04T13:12:00+00:00,1.0,open,Broad enthusiasts
USER-0052,ITEM-020,2025-07-04T14:06:00+00:00,1.0,open,New explorers
USER-0164,ITEM-005,2025-07-04T15:15:00+00:00,2.0,save,Focused regulars
USER-0304,ITEM-005,2025-07-04T16:04:00+00:00,1.0,open,New explorers
USER-0173,ITEM-022,2025-07-04T16:09:00+00:00,2.0,save,Focused regulars
USER-0221,ITEM-005,2025-07-04T17:05:00+00:00,2.0,save,Focused regulars
USER-0078,ITEM-028,2025-07-04T17:14:00+00:00,1.0,open,Broad enthusiasts
USER-0018,ITEM-020,2025-07-04T18:15:00+00:00,1.0,open,Broad enthusiasts
USER-0318,ITEM-058,2025-07-04T19:15:00+00:00,1.0,open,Broad enthusiasts
USER-0142,ITEM-037,2025-07-04T22:06:00+00:00,2.0,save,New explorers
USER-0080,ITEM-043,2025-07-04T22:18:00+00:00,1.0,open,Focused regulars
USER-0310,ITEM-044,2025-07-05T07:04:00+00:00,1.0,open,New explorers
USER-0159,ITEM-055,2025-07-05T07:11:00+00:00,1.0,open,Broad enthusiasts
USER-0188,ITEM-067,2025-07-05T08:09:00+00:00,1.0,open,Focused regulars
USER-0255,ITEM-041,2025-07-05T09:14:00+00:00,1.0,open,Broad enthusiasts
USER-0132,ITEM-063,2025-07-05T09:15:00+00:00,1.0,open,Broad enthusiasts
USER-0297,ITEM-064,2025-07-05T09:21:00+00:00,1.0,open,Broad enthusiasts
USER-0232,ITEM-046,2025-07-05T10:06:00+00:00,3.0,complete,New explorers
USER-0141,ITEM-083,2025-07-05T10:11:00+00:00,3.0,complete,Broad enthusiasts
USER-0087,ITEM-058,2025-07-05T10:15:00+00:00,1.0,open,Broad enthusiasts
USER-0007,ITEM-025,2025-07-05T11:06:00+00:00,2.0,save,New explorers
USER-0197,ITEM-016,2025-07-05T11:07:00+00:00,1.0,open,Focused regulars
USER-0254,ITEM-060,2025-07-05T11:10:00+00:00,3.0,complete,Focused regulars
USER-0169,ITEM-063,2025-07-05T12:02:00+00:00,1.0,open,New explorers
USER-0066,ITEM-017,2025-07-05T12:11:00+00:00,1.0,open,Broad enthusiasts
USER-0226,ITEM-083,2025-07-05T15:01:00+00:00,1.0,open,New explorers
USER-0121,ITEM-049,2025-07-05T15:08:00+00:00,1.0,open,New explorers
USER-0020,ITEM-052,2025-07-05T15:10:00+00:00,1.0,open,Focused regulars
USER-0143,ITEM-067,2025-07-05T15:10:00+00:00,1.0,open,Focused regulars
USER-0135,ITEM-063,2025-07-05T16:17:00+00:00,1.0,open,Broad enthusiasts
USER-0210,ITEM-042,2025-07-05T16:18:00+00:00,1.0,open,Broad enthusiasts
USER-0182,ITEM-022,2025-07-05T18:09:00+00:00,3.0,complete,Focused regulars
USER-0003,ITEM-060,2025-07-05T18:13:00+00:00,1.0,open,Broad enthusiasts
USER-0077,ITEM-091,2025-07-05T19:07:00+00:00,2.0,save,Focused regulars
USER-0042,ITEM-015,2025-07-05T19:15:00+00:00,1.0,open,Broad enthusiasts
USER-0164,ITEM-067,2025-07-05T19:16:00+00:00,3.0,complete,Focused regulars
USER-0184,ITEM-042,2025-07-05T20:02:00+00:00,1.0,open,New explorers
USER-0024,ITEM-018,2025-07-05T20:12:00+00:00,2.0,save,Broad enthusiasts
USER-0196,ITEM-086,2025-07-05T21:06:00+00:00,1.0,open,New explorers
USER-0136,ITEM-083,2025-07-05T21:10:00+00:00,1.0,open,New explorers
USER-0068,ITEM-052,2025-07-05T21:16:00+00:00,1.0,open,Focused regulars
USER-0048,ITEM-017,2025-07-05T22:10:00+00:00,3.0,complete,Broad enthusiasts
USER-0264,ITEM-086,2025-07-06T07:13:00+00:00,2.0,save,Broad enthusiasts
USER-0024,ITEM-083,2025-07-06T08:13:00+00:00,1.0,open,Broad enthusiasts
USER-0156,ITEM-009,2025-07-06T09:16:00+00:00,3.0,complete,Broad enthusiasts
USER-0069,ITEM-082,2025-07-06T12:07:00+00:00,1.0,open,Broad enthusiasts
USER-0186,ITEM-049,2025-07-06T13:10:00+00:00,1.0,open,Broad enthusiasts
USER-0087,ITEM-024,2025-07-06T13:16:00+00:00,3.0,complete,Broad enthusiasts
USER-0168,ITEM-040,2025-07-06T14:12:00+00:00,1.0,open,Broad enthusiasts
USER-0192,ITEM-083,2025-07-06T14:13:00+00:00,1.0,open,Broad enthusiasts
USER-0088,ITEM-025,2025-07-06T15:12:00+00:00,1.0,open,New explorers
USER-0206,ITEM-084,2025-07-06T15:13:00+00:00,1.0,open,Focused regulars
USER-0243,ITEM-063,2025-07-06T16:08:00+00:00,1.0,open,Broad enthusiasts
USER-0165,ITEM-022,2025-07-06T17:14:00+00:00,3.0,complete,Broad enthusiasts
USER-0247,ITEM-005,2025-07-06T18:03:00+00:00,1.0,open,New explorers
USER-0246,ITEM-074,2025-07-06T18:10:00+00:00,2.0,save,Broad enthusiasts
USER-0147,ITEM-041,2025-07-06T19:12:00+00:00,2.0,save,Broad enthusiasts
USER-0207,ITEM-074,2025-07-06T20:11:00+00:00,2.0,save,Broad enthusiasts
USER-0293,ITEM-084,2025-07-06T21:10:00+00:00,1.0,open,Focused regulars
USER-0285,ITEM-048,2025-07-06T22:07:00+00:00,2.0,save,Broad enthusiasts
USER-0005,ITEM-071,2025-07-06T22:10:00+00:00,1.0,open,Focused regulars
USER-0101,ITEM-074,2025-07-07T08:07:00+00:00,1.0,open,Focused regulars
USER-0162,ITEM-094,2025-07-07T08:18:00+00:00,1.0,open,Broad enthusiasts
USER-0045,ITEM-035,2025-07-07T10:11:00+00:00,3.0,complete,Broad enthusiasts
USER-0044,ITEM-074,2025-07-07T11:06:00+00:00,3.0,complete,Focused regulars
USER-0018,ITEM-018,2025-07-07T11:16:00+00:00,1.0,open,Broad enthusiasts
USER-0103,ITEM-025,2025-07-07T12:08:00+00:00,3.0,complete,New explorers
USER-0120,ITEM-065,2025-07-07T13:14:00+00:00,1.0,open,Broad enthusiasts
USER-0059,ITEM-019,2025-07-07T14:13:00+00:00,1.0,open,Focused regulars
USER-0135,ITEM-021,2025-07-07T14:18:00+00:00,2.0,save,Broad enthusiasts
USER-0080,ITEM-087,2025-07-07T14:19:00+00:00,3.0,complete,Focused regulars
USER-0237,ITEM-021,2025-07-07T14:22:00+00:00,1.0,open,Broad enthusiasts
USER-0099,ITEM-026,2025-07-07T16:13:00+00:00,1.0,open,Broad enthusiasts
USER-0108,ITEM-033,2025-07-07T17:13:00+00:00,1.0,open,Broad enthusiasts
USER-0299,ITEM-074,2025-07-07T19:06:00+00:00,1.0,open,Focused regulars
USER-0090,ITEM-049,2025-07-07T19:11:00+00:00,2.0,save,Broad enthusiasts
USER-0209,ITEM-071,2025-07-07T19:12:00+00:00,1.0,open,Focused regulars
USER-0257,ITEM-092,2025-07-07T20:09:00+00:00,3.0,complete,Focused regulars
USER-0032,ITEM-070,2025-07-07T20:11:00+00:00,2.0,save,Focused regulars
USER-0307,ITEM-058,2025-07-07T21:08:00+00:00,1.0,open,New explorers
USER-0073,ITEM-014,2025-07-08T07:10:00+00:00,1.0,open,New explorers
USER-0291,ITEM-037,2025-07-08T07:16:00+00:00,1.0,open,Broad enthusiasts
USER-0081,ITEM-033,2025-07-08T08:09:00+00:00,1.0,open,Broad enthusiasts
USER-0068,ITEM-019,2025-07-08T08:17:00+00:00,1.0,open,Focused regulars
USER-0279,ITEM-089,2025-07-08T08:17:00+00:00,2.0,save,Broad enthusiasts
USER-0277,ITEM-049,2025-07-08T09:08:00+00:00,1.0,open,New explorers
USER-0026,ITEM-040,2025-07-08T09:09:00+00:00,1.0,open,Focused regulars
USER-0298,ITEM-043,2025-07-08T10:05:00+00:00,1.0,open,New explorers
USER-0085,ITEM-017,2025-07-08T14:01:00+00:00,1.0,open,New explorers
USER-0053,ITEM-020,2025-07-08T15:07:00+00:00,3.0,complete,Focused regulars
USER-0182,ITEM-086,2025-07-08T15:10:00+00:00,1.0,open,Focused regulars
USER-0129,ITEM-081,2025-07-08T15:14:00+00:00,1.0,open,Broad enthusiasts
USER-0017,ITEM-068,2025-07-08T17:09:00+00:00,1.0,open,Focused regulars
USER-0296,ITEM-033,2025-07-08T17:12:00+00:00,2.0,save,Focused regulars
USER-0224,ITEM-067,2025-07-08T18:06:00+00:00,1.0,open,Focused regulars
USER-0058,ITEM-094,2025-07-08T19:08:00+00:00,1.0,open,New explorers
USER-0126,ITEM-012,2025-07-08T19:08:00+00:00,1.0,open,Broad enthusiasts
USER-0235,ITEM-071,2025-07-08T19:11:00+00:00,3.0,complete,New explorers
USER-0033,ITEM-086,2025-07-08T20:10:00+00:00,1.0,open,Broad enthusiasts
USER-0037,ITEM-025,2025-07-08T21:04:00+00:00,1.0,open,New explorers
USER-0044,ITEM-067,2025-07-08T21:07:00+00:00,1.0,open,Focused regulars
USER-0254,ITEM-084,2025-07-08T21:11:00+00:00,1.0,open,Focused regulars
USER-0126,ITEM-042,2025-07-09T07:09:00+00:00,1.0,open,Broad enthusiasts
USER-0285,ITEM-032,2025-07-09T08:08:00+00:00,1.0,open,Broad enthusiasts
USER-0191,ITEM-043,2025-07-09T08:10:00+00:00,1.0,open,Focused regulars
USER-0156,ITEM-033,2025-07-09T08:17:00+00:00,1.0,open,Broad enthusiasts
USER-0051,ITEM-044,2025-07-09T09:12:00+00:00,1.0,open,Broad enthusiasts
USER-0066,ITEM-067,2025-07-09T09:12:00+00:00,1.0,open,Broad enthusiasts
USER-0163,ITEM-052,2025-07-09T10:05:00+00:00,2.0,save,New explorers
USER-0257,ITEM-052,2025-07-09T11:10:00+00:00,2.0,save,Focused regulars
USER-0169,ITEM-034,2025-07-09T12:03:00+00:00,1.0,open,New explorers
USER-0165,ITEM-006,2025-07-09T12:15:00+00:00,1.0,open,Broad enthusiasts
USER-0203,ITEM-052,2025-07-09T12:17:00+00:00,2.0,save,Focused regulars
USER-0009,ITEM-084,2025-07-09T12:19:00+00:00,2.0,save,Broad enthusiasts
USER-0295,ITEM-032,2025-07-09T14:09:00+00:00,1.0,open,New explorers
USER-0180,ITEM-092,2025-07-09T15:14:00+00:00,1.0,open,Broad enthusiasts
USER-0234,ITEM-011,2025-07-09T15:19:00+00:00,2.0,save,Broad enthusiasts
USER-0136,ITEM-010,2025-07-09T16:11:00+00:00,1.0,open,New explorers
USER-0287,ITEM-086,2025-07-09T17:03:00+00:00,2.0,save,Focused regulars
USER-0241,ITEM-086,2025-07-09T17:04:00+00:00,2.0,save,New explorers
USER-0197,ITEM-063,2025-07-09T17:08:00+00:00,2.0,save,Focused regulars
USER-0095,ITEM-020,2025-07-09T17:10:00+00:00,2.0,save,Focused regulars
USER-0048,ITEM-064,2025-07-09T17:11:00+00:00,3.0,complete,Broad enthusiasts
USER-0171,ITEM-074,2025-07-09T18:17:00+00:00,1.0,open,Broad enthusiasts
USER-0284,ITEM-017,2025-07-09T19:14:00+00:00,3.0,complete,Focused regulars
USER-0102,ITEM-053,2025-07-09T21:08:00+00:00,2.0,save,Broad enthusiasts
USER-0270,ITEM-065,2025-07-09T21:10:00+00:00,1.0,open,Broad enthusiasts
USER-0027,ITEM-042,2025-07-09T22:08:00+00:00,2.0,save,Broad enthusiasts
USER-0011,ITEM-027,2025-07-10T09:08:00+00:00,2.0,save,Focused regulars
USER-0202,ITEM-041,2025-07-10T09:08:00+00:00,1.0,open,New explorers
USER-0033,ITEM-063,2025-07-10T09:11:00+00:00,2.0,save,Broad enthusiasts
USER-0054,ITEM-063,2025-07-10T09:16:00+00:00,1.0,open,Broad enthusiasts
USER-0018,ITEM-024,2025-07-10T09:17:00+00:00,1.0,open,Broad enthusiasts
USER-0150,ITEM-045,2025-07-10T10:19:00+00:00,1.0,open,Broad enthusiasts
USER-0256,ITEM-082,2025-07-10T11:07:00+00:00,2.0,save,New explorers
USER-0207,ITEM-094,2025-07-10T11:12:00+00:00,2.0,save,Broad enthusiasts
USER-0177,ITEM-016,2025-07-10T12:08:00+00:00,1.0,open,Broad enthusiasts
USER-0102,ITEM-024,2025-07-10T14:09:00+00:00,1.0,open,Broad enthusiasts
USER-0246,ITEM-086,2025-07-10T14:11:00+00:00,1.0,open,Broad enthusiasts
USER-0135,ITEM-077,2025-07-10T14:19:00+00:00,2.0,save,Broad enthusiasts
USER-0070,ITEM-013,2025-07-10T15:05:00+00:00,3.0,complete,New explorers
USER-0036,ITEM-058,2025-07-10T15:14:00+00:00,3.0,complete,Broad enthusiasts
USER-0273,ITEM-042,2025-07-10T16:15:00+00:00,1.0,open,Broad enthusiasts
USER-0116,ITEM-034,2025-07-10T18:06:00+00:00,1.0,open,Focused regulars
USER-0257,ITEM-045,2025-07-10T19:11:00+00:00,1.0,open,Focused regulars
USER-0087,ITEM-082,2025-07-10T19:17:00+00:00,2.0,save,Broad enthusiasts
USER-0157,ITEM-046,2025-07-10T20:04:00+00:00,1.0,open,New explorers
USER-0260,ITEM-034,2025-07-10T20:10:00+00:00,1.0,open,Focused regulars
USER-0027,ITEM-054,2025-07-10T21:09:00+00:00,1.0,open,Broad enthusiasts
USER-0194,ITEM-084,2025-07-10T21:09:00+00:00,2.0,save,Focused regulars
USER-0181,ITEM-005,2025-07-10T22:13:00+00:00,2.0,save,New explorers
USER-0290,ITEM-063,2025-07-10T22:13:00+00:00,1.0,open,Focused regulars
USER-0052,ITEM-011,2025-07-11T07:07:00+00:00,2.0,save,New explorers
USER-0018,ITEM-029,2025-07-11T08:18:00+00:00,1.0,open,Broad enthusiasts
USER-0162,ITEM-034,2025-07-11T08:19:00+00:00,1.0,open,Broad enthusiasts
USER-0272,ITEM-012,2025-07-11T10:12:00+00:00,2.0,save,Focused regulars
USER-0122,ITEM-050,2025-07-11T10:14:00+00:00,1.0,open,Focused regulars
USER-0196,ITEM-034,2025-07-11T11:07:00+00:00,3.0,complete,New explorers
USER-0139,ITEM-040,2025-07-11T11:08:00+00:00,1.0,open,New explorers
USER-0243,ITEM-081,2025-07-11T11:09:00+00:00,3.0,complete,Broad enthusiasts
USER-0034,ITEM-048,2025-07-11T12:03:00+00:00,1.0,open,New explorers
USER-0316,ITEM-033,2025-07-11T13:08:00+00:00,1.0,open,New explorers
USER-0218,ITEM-017,2025-07-11T14:07:00+00:00,1.0,open,Focused regulars
USER-0030,ITEM-086,2025-07-11T14:18:00+00:00,2.0,save,Broad enthusiasts
USER-0202,ITEM-045,2025-07-11T15:09:00+00:00,2.0,save,New explorers
USER-0128,ITEM-022,2025-07-11T15:11:00+00:00,2.0,save,Focused regulars
USER-0035,ITEM-031,2025-07-11T15:17:00+00:00,1.0,open,Focused regulars
USER-0303,ITEM-015,2025-07-11T16:11:00+00:00,1.0,open,Broad enthusiasts
USER-0159,ITEM-026,2025-07-11T16:12:00+00:00,1.0,open,Broad enthusiasts
USER-0175,ITEM-049,2025-07-11T17:05:00+00:00,1.0,open,New explorers
USER-0066,ITEM-023,2025-07-11T17:13:00+00:00,1.0,open,Broad enthusiasts
USER-0072,ITEM-076,2025-07-11T17:16:00+00:00,2.0,save,Broad enthusiasts
USER-0126,ITEM-070,2025-07-11T18:10:00+00:00,1.0,open,Broad enthusiasts
USER-0075,ITEM-054,2025-07-11T19:16:00+00:00,1.0,open,Broad enthusiasts
USER-0107,ITEM-024,2025-07-11T20:09:00+00:00,1.0,open,Focused regulars
USER-0032,ITEM-085,2025-07-11T20:12:00+00:00,2.0,save,Focused regulars
USER-0009,ITEM-081,2025-07-11T21:20:00+00:00,1.0,open,Broad enthusiasts
USER-0152,ITEM-081,2025-07-12T07:08:00+00:00,3.0,complete,Focused regulars
USER-0090,ITEM-014,2025-07-12T07:12:00+00:00,1.0,open,Broad enthusiasts
USER-0294,ITEM-077,2025-07-12T07:17:00+00:00,1.0,open,Broad enthusiasts
USER-0085,ITEM-087,2025-07-12T09:02:00+00:00,1.0,open,New explorers
USER-0171,ITEM-077,2025-07-12T10:18:00+00:00,3.0,complete,Broad enthusiasts
USER-0037,ITEM-044,2025-07-12T12:05:00+00:00,1.0,open,New explorers
USER-0194,ITEM-020,2025-07-12T12:10:00+00:00,3.0,complete,Focused regulars
USER-0063,ITEM-087,2025-07-12T12:14:00+00:00,1.0,open,Broad enthusiasts
USER-0124,ITEM-026,2025-07-12T13:02:00+00:00,3.0,complete,New explorers
USER-0178,ITEM-094,2025-07-12T13:07:00+00:00,1.0,open,New explorers
USER-0272,ITEM-077,2025-07-12T13:13:00+00:00,1.0,open,Focused regulars
USER-0173,ITEM-086,2025-07-12T14:10:00+00:00,1.0,open,Focused regulars
USER-0215,ITEM-025,2025-07-12T14:12:00+00:00,2.0,save,Focused regulars
USER-0146,ITEM-014,2025-07-12T16:13:00+00:00,1.0,open,Focused regulars
USER-0276,ITEM-039,2025-07-12T17:12:00+00:00,2.0,save,Broad enthusiasts
USER-0060,ITEM-063,2025-07-12T18:12:00+00:00,1.0,open,Broad enthusiasts
USER-0320,ITEM-026,2025-07-12T20:05:00+00:00,1.0,open,Focused regulars
USER-0134,ITEM-049,2025-07-12T20:07:00+00:00,2.0,save,Focused regulars
USER-0135,ITEM-017,2025-07-12T20:20:00+00:00,1.0,open,Broad enthusiasts
USER-0206,ITEM-005,2025-07-12T21:14:00+00:00,1.0,open,Focused regulars
USER-0093,ITEM-001,2025-07-12T22:13:00+00:00,1.0,open,Broad enthusiasts
USER-0114,ITEM-083,2025-07-13T08:04:00+00:00,1.0,open,Broad enthusiasts
USER-0166,ITEM-041,2025-07-13T08:06:00+00:00,1.0,open,New explorers
USER-0171,ITEM-057,2025-07-13T08:19:00+00:00,3.0,complete,Broad enthusiasts
USER-0101,ITEM-013,2025-07-13T09:08:00+00:00,2.0,save,Focused regulars
USER-0125,ITEM-013,2025-07-13T09:08:00+00:00,1.0,open,Focused regulars
USER-0262,ITEM-033,2025-07-13T09:09:00+00:00,1.0,open,New explorers
USER-0143,ITEM-076,2025-07-13T09:11:00+00:00,2.0,save,Focused regulars
USER-0099,ITEM-020,2025-07-13T09:14:00+00:00,1.0,open,Broad enthusiasts
USER-0165,ITEM-044,2025-07-13T09:16:00+00:00,1.0,open,Broad enthusiasts
USER-0226,ITEM-006,2025-07-13T10:02:00+00:00,1.0,open,New explorers
USER-0264,ITEM-028,2025-07-13T10:14:00+00:00,2.0,save,Broad enthusiasts
USER-0263,ITEM-086,2025-07-13T14:13:00+00:00,1.0,open,Focused regulars
USER-0320,ITEM-022,2025-07-13T15:06:00+00:00,1.0,open,Focused regulars
USER-0303,ITEM-087,2025-07-13T15:12:00+00:00,2.0,save,Broad enthusiasts
USER-0185,ITEM-056,2025-07-13T15:16:00+00:00,1.0,open,Focused regulars
USER-0127,ITEM-064,2025-07-13T16:04:00+00:00,1.0,open,New explorers
USER-0053,ITEM-002,2025-07-13T16:08:00+00:00,2.0,save,Focused regulars
USER-0243,ITEM-039,2025-07-13T16:10:00+00:00,3.0,complete,Broad enthusiasts
USER-0132,ITEM-087,2025-07-13T16:16:00+00:00,1.0,open,Broad enthusiasts
USER-0242,ITEM-016,2025-07-13T17:11:00+00:00,1.0,open,Focused regulars
USER-0287,ITEM-088,2025-07-13T19:04:00+00:00,1.0,open,Focused regulars
USER-0113,ITEM-026,2025-07-13T19:15:00+00:00,2.0,save,Focused regulars
USER-0227,ITEM-060,2025-07-13T20:11:00+00:00,3.0,complete,Focused regulars
USER-0108,ITEM-087,2025-07-13T20:14:00+00:00,2.0,save,Broad enthusiasts
USER-0266,ITEM-061,2025-07-13T20:16:00+00:00,2.0,save,Focused regulars
USER-0112,ITEM-048,2025-07-13T22:05:00+00:00,1.0,open,New explorers
USER-0148,ITEM-090,2025-07-13T22:06:00+00:00,1.0,open,New explorers
USER-0180,ITEM-091,2025-07-14T08:15:00+00:00,1.0,open,Broad enthusiasts
USER-0135,ITEM-005,2025-07-14T08:21:00+00:00,1.0,open,Broad enthusiasts
USER-0064,ITEM-086,2025-07-14T09:05:00+00:00,1.0,open,New explorers
USER-0151,ITEM-064,2025-07-14T10:08:00+00:00,1.0,open,New explorers
USER-0028,ITEM-012,2025-07-14T13:00:00+00:00,1.0,open,New explorers
USER-0319,ITEM-078,2025-07-14T14:07:00+00:00,1.0,open,New explorers
USER-0103,ITEM-074,2025-07-14T14:09:00+00:00,1.0,open,New explorers
USER-0050,ITEM-079,2025-07-14T15:11:00+00:00,3.0,complete,Focused regulars
USER-0093,ITEM-054,2025-07-14T16:14:00+00:00,1.0,open,Broad enthusiasts
USER-0069,ITEM-044,2025-07-14T18:08:00+00:00,2.0,save,Broad enthusiasts
USER-0057,ITEM-038,2025-07-14T18:12:00+00:00,2.0,save,Broad enthusiasts
USER-0169,ITEM-060,2025-07-14T19:04:00+00:00,1.0,open,New explorers
USER-0270,ITEM-063,2025-07-14T19:11:00+00:00,1.0,open,Broad enthusiasts
USER-0099,ITEM-037,2025-07-14T19:15:00+00:00,1.0,open,Broad enthusiasts
USER-0205,ITEM-037,2025-07-14T20:04:00+00:00,1.0,open,New explorers
USER-0116,ITEM-063,2025-07-14T20:07:00+00:00,3.0,complete,Focused regulars
USER-0192,ITEM-070,2025-07-14T20:14:00+00:00,1.0,open,Broad enthusiasts
USER-0072,ITEM-088,2025-07-14T20:17:00+00:00,1.0,open,Broad enthusiasts
USER-0234,ITEM-029,2025-07-14T20:20:00+00:00,1.0,open,Broad enthusiasts
USER-0228,ITEM-067,2025-07-14T21:12:00+00:00,2.0,save,Broad enthusiasts
USER-0227,ITEM-002,2025-07-14T22:12:00+00:00,3.0,complete,Focused regulars
USER-0264,ITEM-060,2025-07-14T22:15:00+00:00,3.0,complete,Broad enthusiasts
USER-0222,ITEM-034,2025-07-15T08:09:00+00:00,1.0,open,Broad enthusiasts
USER-0253,ITEM-013,2025-07-15T09:06:00+00:00,1.0,open,New explorers
USER-0243,ITEM-079,2025-07-15T09:11:00+00:00,1.0,open,Broad enthusiasts
USER-0104,ITEM-060,2025-07-15T09:14:00+00:00,1.0,open,Focused regulars
USER-0224,ITEM-087,2025-07-15T11:07:00+00:00,3.0,complete,Focused regulars
USER-0183,ITEM-001,2025-07-15T11:09:00+00:00,2.0,save,Broad enthusiasts
USER-0311,ITEM-014,2025-07-15T12:05:00+00:00,1.0,open,Focused regulars
USER-0142,ITEM-067,2025-07-15T12:07:00+00:00,1.0,open,New explorers
USER-0105,ITEM-084,2025-07-15T13:13:00+00:00,1.0,open,Broad enthusiasts
USER-0195,ITEM-032,2025-07-15T13:14:00+00:00,2.0,save,Broad enthusiasts
USER-0078,ITEM-049,2025-07-15T13:15:00+00:00,1.0,open,Broad enthusiasts
USER-0140,ITEM-049,2025-07-15T14:09:00+00:00,1.0,open,Focused regulars
USER-0296,ITEM-052,2025-07-15T14:13:00+00:00,1.0,open,Focused regulars
USER-0180,ITEM-088,2025-07-15T14:16:00+00:00,3.0,complete,Broad enthusiasts
USER-0091,ITEM-049,2025-07-15T15:08:00+00:00,1.0,open,New explorers
USER-0006,ITEM-086,2025-07-15T16:09:00+00:00,3.0,complete,Broad enthusiasts
USER-0033,ITEM-049,2025-07-15T16:12:00+00:00,1.0,open,Broad enthusiasts
USER-0176,ITEM-016,2025-07-15T16:12:00+00:00,1.0,open,Focused regulars
USER-0129,ITEM-016,2025-07-15T17:15:00+00:00,1.0,open,Broad enthusiasts
USER-0137,ITEM-034,2025-07-15T18:07:00+00:00,3.0,complete,Focused regulars
USER-0166,ITEM-021,2025-07-15T18:07:00+00:00,1.0,open,New explorers
USER-0110,ITEM-088,2025-07-15T18:13:00+00:00,1.0,open,Focused regulars
USER-0234,ITEM-067,2025-07-15T18:21:00+00:00,1.0,open,Broad enthusiasts
USER-0255,ITEM-038,2025-07-15T19:15:00+00:00,1.0,open,Broad enthusiasts
USER-0124,ITEM-063,2025-07-15T20:03:00+00:00,2.0,save,New explorers
USER-0196,ITEM-045,2025-07-15T21:08:00+00:00,1.0,open,New explorers
USER-0161,ITEM-018,2025-07-15T22:10:00+00:00,2.0,save,Focused regulars
USER-0135,ITEM-043,2025-07-15T22:22:00+00:00,1.0,open,Broad enthusiasts
USER-0217,ITEM-044,2025-07-16T08:03:00+00:00,1.0,open,New explorers
USER-0240,ITEM-064,2025-07-16T08:15:00+00:00,1.0,open,Broad enthusiasts
USER-0203,ITEM-027,2025-07-16T09:18:00+00:00,1.0,open,Focused regulars
USER-0227,ITEM-009,2025-07-16T10:13:00+00:00,1.0,open,Focused regulars
USER-0297,ITEM-055,2025-07-16T10:22:00+00:00,1.0,open,Broad enthusiasts
USER-0101,ITEM-086,2025-07-16T11:09:00+00:00,2.0,save,Focused regulars
USER-0199,ITEM-063,2025-07-16T12:06:00+00:00,1.0,open,New explorers
USER-0130,ITEM-086,2025-07-16T12:07:00+00:00,2.0,save,New explorers
USER-0112,ITEM-019,2025-07-16T14:06:00+00:00,1.0,open,New explorers
USER-0016,ITEM-063,2025-07-16T14:08:00+00:00,1.0,open,New explorers
USER-0200,ITEM-063,2025-07-16T14:11:00+00:00,1.0,open,Focused regulars
USER-0092,ITEM-087,2025-07-16T14:14:00+00:00,1.0,open,Focused regulars
USER-0173,ITEM-065,2025-07-16T15:11:00+00:00,3.0,complete,Focused regulars
USER-0013,ITEM-013,2025-07-16T16:08:00+00:00,2.0,save,New explorers
USER-0207,ITEM-031,2025-07-16T16:13:00+00:00,1.0,open,Broad enthusiasts
USER-0276,ITEM-004,2025-07-16T16:13:00+00:00,1.0,open,Broad enthusiasts
USER-0268,ITEM-037,2025-07-16T18:03:00+00:00,3.0,complete,New explorers
USER-0038,ITEM-063,2025-07-16T18:12:00+00:00,3.0,complete,Focused regulars
USER-0188,ITEM-084,2025-07-16T20:10:00+00:00,3.0,complete,Focused regulars
USER-0209,ITEM-028,2025-07-16T20:13:00+00:00,1.0,open,Focused regulars
USER-0318,ITEM-070,2025-07-16T20:16:00+00:00,1.0,open,Broad enthusiasts
USER-0003,ITEM-091,2025-07-16T22:14:00+00:00,2.0,save,Broad enthusiasts
USER-0078,ITEM-034,2025-07-16T22:16:00+00:00,1.0,open,Broad enthusiasts
USER-0044,ITEM-053,2025-07-17T07:08:00+00:00,1.0,open,Focused regulars
USER-0150,ITEM-048,2025-07-17T07:20:00+00:00,2.0,save,Broad enthusiasts
USER-0077,ITEM-085,2025-07-17T08:08:00+00:00,1.0,open,Focused regulars
USER-0307,ITEM-037,2025-07-17T08:09:00+00:00,2.0,save,New explorers
USER-0111,ITEM-048,2025-07-17T10:16:00+00:00,2.0,save,Broad enthusiasts
USER-0036,ITEM-010,2025-07-17T11:15:00+00:00,3.0,complete,Broad enthusiasts
USER-0186,ITEM-092,2025-07-17T12:11:00+00:00,3.0,complete,Broad enthusiasts
USER-0192,ITEM-055,2025-07-17T12:15:00+00:00,1.0,open,Broad enthusiasts
USER-0248,ITEM-019,2025-07-17T13:09:00+00:00,1.0,open,Focused regulars
USER-0254,ITEM-055,2025-07-17T13:12:00+00:00,1.0,open,Focused regulars
USER-0165,ITEM-072,2025-07-17T13:17:00+00:00,1.0,open,Broad enthusiasts
USER-0177,ITEM-070,2025-07-17T14:09:00+00:00,1.0,open,Broad enthusiasts
USER-0102,ITEM-037,2025-07-17T14:10:00+00:00,3.0,complete,Broad enthusiasts
USER-0026,ITEM-082,2025-07-17T15:10:00+00:00,1.0,open,Focused regulars
USER-0280,ITEM-053,2025-07-17T15:11:00+00:00,3.0,complete,New explorers
USER-0096,ITEM-029,2025-07-17T15:17:00+00:00,3.0,complete,Broad enthusiasts
USER-0294,ITEM-086,2025-07-17T15:18:00+00:00,1.0,open,Broad enthusiasts
USER-0100,ITEM-013,2025-07-17T16:08:00+00:00,1.0,open,New explorers
USER-0179,ITEM-021,2025-07-17T16:09:00+00:00,1.0,open,Focused regulars
USER-0054,ITEM-060,2025-07-17T16:17:00+00:00,1.0,open,Broad enthusiasts
USER-0027,ITEM-055,2025-07-17T17:10:00+00:00,3.0,complete,Broad enthusiasts
USER-0101,ITEM-052,2025-07-17T17:10:00+00:00,1.0,open,Focused regulars
USER-0225,ITEM-058,2025-07-17T17:11:00+00:00,1.0,open,Broad enthusiasts
USER-0138,ITEM-032,2025-07-17T17:13:00+00:00,2.0,save,Broad enthusiasts
USER-0042,ITEM-060,2025-07-17T18:16:00+00:00,1.0,open,Broad enthusiasts
USER-0157,ITEM-025,2025-07-17T19:05:00+00:00,2.0,save,New explorers
USER-0134,ITEM-025,2025-07-17T20:08:00+00:00,3.0,complete,Focused regulars
USER-0216,ITEM-087,2025-07-17T21:15:00+00:00,1.0,open,Broad enthusiasts
USER-0074,ITEM-077,2025-07-17T21:16:00+00:00,3.0,complete,Focused regulars
USER-0256,ITEM-077,2025-07-18T07:08:00+00:00,1.0,open,New explorers
USER-0099,ITEM-013,2025-07-18T10:16:00+00:00,1.0,open,Broad enthusiasts
USER-0128,ITEM-046,2025-07-18T11:12:00+00:00,2.0,save,Focused regulars
USER-0279,ITEM-029,2025-07-18T12:18:00+00:00,1.0,open,Broad enthusiasts
USER-0150,ITEM-025,2025-07-18T12:21:00+00:00,2.0,save,Broad enthusiasts
USER-0217,ITEM-060,2025-07-18T13:04:00+00:00,1.0,open,New explorers
USER-0236,ITEM-055,2025-07-18T13:07:00+00:00,1.0,open,Focused regulars
USER-0307,ITEM-076,2025-07-18T13:10:00+00:00,1.0,open,New explorers
USER-0090,ITEM-064,2025-07-18T13:13:00+00:00,2.0,save,Broad enthusiasts
USER-0111,ITEM-025,2025-07-18T13:17:00+00:00,1.0,open,Broad enthusiasts
USER-0303,ITEM-063,2025-07-18T14:13:00+00:00,2.0,save,Broad enthusiasts
USER-0085,ITEM-020,2025-07-18T15:03:00+00:00,2.0,save,New explorers
USER-0267,ITEM-044,2025-07-18T15:13:00+00:00,2.0,save,Broad enthusiasts
USER-0059,ITEM-002,2025-07-18T16:14:00+00:00,1.0,open,Focused regulars
USER-0072,ITEM-045,2025-07-18T16:18:00+00:00,1.0,open,Broad enthusiasts
USER-0066,ITEM-052,2025-07-18T17:14:00+00:00,1.0,open,Broad enthusiasts
USER-0029,ITEM-027,2025-07-18T18:08:00+00:00,1.0,open,Focused regulars
USER-0126,ITEM-053,2025-07-18T18:11:00+00:00,1.0,open,Broad enthusiasts
USER-0269,ITEM-079,2025-07-18T18:12:00+00:00,1.0,open,Focused regulars
USER-0231,ITEM-060,2025-07-18T18:14:00+00:00,1.0,open,Broad enthusiasts
USER-0194,ITEM-057,2025-07-18T20:11:00+00:00,1.0,open,Focused regulars
USER-0037,ITEM-027,2025-07-18T21:06:00+00:00,1.0,open,New explorers
USER-0039,ITEM-017,2025-07-18T22:13:00+00:00,1.0,open,Broad enthusiasts
USER-0144,ITEM-021,2025-07-18T22:16:00+00:00,1.0,open,Broad enthusiasts
USER-0224,ITEM-039,2025-07-19T09:08:00+00:00,1.0,open,Focused regulars
USER-0285,ITEM-011,2025-07-19T09:09:00+00:00,2.0,save,Broad enthusiasts
USER-0309,ITEM-014,2025-07-19T10:10:00+00:00,2.0,save,Broad enthusiasts
USER-0039,ITEM-040,2025-07-19T10:14:00+00:00,1.0,open,Broad enthusiasts
USER-0102,ITEM-086,2025-07-19T11:11:00+00:00,1.0,open,Broad enthusiasts
USER-0149,ITEM-064,2025-07-19T11:11:00+00:00,2.0,save,Focused regulars
USER-0114,ITEM-030,2025-07-19T13:05:00+00:00,3.0,complete,Broad enthusiasts
USER-0195,ITEM-079,2025-07-19T13:15:00+00:00,3.0,complete,Broad enthusiasts
USER-0270,ITEM-034,2025-07-19T14:12:00+00:00,2.0,save,Broad enthusiasts
USER-0063,ITEM-047,2025-07-19T14:15:00+00:00,2.0,save,Broad enthusiasts
USER-0044,ITEM-026,2025-07-19T16:09:00+00:00,3.0,complete,Focused regulars
USER-0197,ITEM-041,2025-07-19T16:09:00+00:00,1.0,open,Focused regulars
USER-0306,ITEM-042,2025-07-19T19:13:00+00:00,2.0,save,Broad enthusiasts
USER-0077,ITEM-082,2025-07-19T20:09:00+00:00,1.0,open,Focused regulars
USER-0200,ITEM-052,2025-07-19T20:12:00+00:00,1.0,open,Focused regulars
USER-0309,ITEM-094,2025-07-20T08:11:00+00:00,1.0,open,Broad enthusiasts
USER-0083,ITEM-060,2025-07-20T09:09:00+00:00,2.0,save,Focused regulars
USER-0300,ITEM-067,2025-07-20T09:10:00+00:00,1.0,open,Broad enthusiasts
USER-0009,ITEM-011,2025-07-20T09:21:00+00:00,1.0,open,Broad enthusiasts
USER-0222,ITEM-077,2025-07-20T10:10:00+00:00,2.0,save,Broad enthusiasts
USER-0220,ITEM-015,2025-07-20T11:04:00+00:00,1.0,open,New explorers
USER-0248,ITEM-063,2025-07-20T11:10:00+00:00,1.0,open,Focused regulars
USER-0136,ITEM-016,2025-07-20T12:12:00+00:00,1.0,open,New explorers
USER-0195,ITEM-008,2025-07-20T13:16:00+00:00,1.0,open,Broad enthusiasts
USER-0291,ITEM-026,2025-07-20T13:17:00+00:00,1.0,open,Broad enthusiasts
USER-0281,ITEM-054,2025-07-20T14:12:00+00:00,1.0,open,Focused regulars
USER-0089,ITEM-028,2025-07-20T15:09:00+00:00,2.0,save,Focused regulars
USER-0081,ITEM-026,2025-07-20T16:10:00+00:00,2.0,save,Broad enthusiasts
USER-0095,ITEM-084,2025-07-20T16:11:00+00:00,3.0,complete,Focused regulars
USER-0206,ITEM-020,2025-07-20T16:15:00+00:00,1.0,open,Focused regulars
USER-0028,ITEM-096,2025-07-20T18:01:00+00:00,2.0,save,New explorers
USER-0144,ITEM-033,2025-07-20T18:17:00+00:00,3.0,complete,Broad enthusiasts
USER-0318,ITEM-002,2025-07-20T18:17:00+00:00,1.0,open,Broad enthusiasts
USER-0165,ITEM-094,2025-07-20T18:18:00+00:00,1.0,open,Broad enthusiasts
USER-0008,ITEM-090,2025-07-20T20:07:00+00:00,1.0,open,Focused regulars
USER-0173,ITEM-017,2025-07-20T20:12:00+00:00,1.0,open,Focused regulars
USER-0200,ITEM-082,2025-07-20T21:13:00+00:00,2.0,save,Focused regulars
USER-0270,ITEM-052,2025-07-20T21:13:00+00:00,2.0,save,Broad enthusiasts
USER-0198,ITEM-039,2025-07-20T21:17:00+00:00,2.0,save,Broad enthusiasts
USER-0301,ITEM-063,2025-07-20T22:08:00+00:00,1.0,open,New explorers
USER-0237,ITEM-046,2025-07-20T22:23:00+00:00,1.0,open,Broad enthusiasts
USER-0014,ITEM-083,2025-07-21T07:05:00+00:00,1.0,open,Focused regulars
USER-0101,ITEM-066,2025-07-21T07:11:00+00:00,1.0,open,Focused regulars
USER-0117,ITEM-050,2025-07-21T09:08:00+00:00,2.0,save,Broad enthusiasts
USER-0137,ITEM-058,2025-07-21T09:08:00+00:00,2.0,save,Focused regulars
USER-0020,ITEM-086,2025-07-21T09:11:00+00:00,3.0,complete,Focused regulars
USER-0108,ITEM-038,2025-07-21T09:15:00+00:00,1.0,open,Broad enthusiasts
USER-0248,ITEM-037,2025-07-21T11:11:00+00:00,3.0,complete,Focused regulars
USER-0049,ITEM-034,2025-07-21T12:07:00+00:00,1.0,open,New explorers
USER-0288,ITEM-064,2025-07-21T13:13:00+00:00,2.0,save,Broad enthusiasts
USER-0213,ITEM-045,2025-07-21T13:19:00+00:00,1.0,open,Broad enthusiasts
USER-0166,ITEM-008,2025-07-21T14:08:00+00:00,3.0,complete,New explorers
USER-0193,ITEM-044,2025-07-21T15:05:00+00:00,2.0,save,New explorers
USER-0048,ITEM-044,2025-07-21T15:12:00+00:00,1.0,open,Broad enthusiasts
USER-0080,ITEM-044,2025-07-21T15:20:00+00:00,1.0,open,Focused regulars
USER-0253,ITEM-005,2025-07-21T17:07:00+00:00,2.0,save,New explorers
USER-0218,ITEM-024,2025-07-21T17:08:00+00:00,1.0,open,Focused regulars
USER-0292,ITEM-037,2025-07-21T18:03:00+00:00,1.0,open,New explorers
USER-0211,ITEM-067,2025-07-21T18:09:00+00:00,2.0,save,New explorers
USER-0223,ITEM-040,2025-07-21T18:09:00+00:00,1.0,open,New explorers
USER-0187,ITEM-028,2025-07-21T19:03:00+00:00,1.0,open,New explorers
USER-0121,ITEM-040,2025-07-21T19:09:00+00:00,2.0,save,New explorers
USER-0235,ITEM-083,2025-07-21T20:12:00+00:00,3.0,complete,New explorers
USER-0231,ITEM-039,2025-07-21T20:15:00+00:00,1.0,open,Broad enthusiasts
USER-0052,ITEM-026,2025-07-21T21:08:00+00:00,1.0,open,New explorers
USER-0315,ITEM-039,2025-07-21T22:18:00+00:00,1.0,open,Broad enthusiasts
USER-0182,ITEM-006,2025-07-22T07:11:00+00:00,3.0,complete,Focused regulars
USER-0132,ITEM-086,2025-07-22T08:17:00+00:00,1.0,open,Broad enthusiasts
USER-0072,ITEM-077,2025-07-22T10:19:00+00:00,1.0,open,Broad enthusiasts
USER-0016,ITEM-088,2025-07-22T11:09:00+00:00,3.0,complete,New explorers
USER-0265,ITEM-096,2025-07-22T11:10:00+00:00,1.0,open,New explorers
USER-0111,ITEM-002,2025-07-22T14:18:00+00:00,3.0,complete,Broad enthusiasts
USER-0025,ITEM-037,2025-07-22T16:04:00+00:00,3.0,complete,New explorers
USER-0127,ITEM-035,2025-07-22T16:05:00+00:00,1.0,open,New explorers
USER-0168,ITEM-041,2025-07-22T16:13:00+00:00,1.0,open,Broad enthusiasts
USER-0252,ITEM-025,2025-07-22T17:16:00+00:00,1.0,open,Broad enthusiasts
USER-0267,ITEM-084,2025-07-22T18:14:00+00:00,2.0,save,Broad enthusiasts
USER-0297,ITEM-034,2025-07-22T18:23:00+00:00,1.0,open,Broad enthusiasts
USER-0060,ITEM-011,2025-07-22T19:13:00+00:00,2.0,save,Broad enthusiasts
USER-0161,ITEM-064,2025-07-22T20:11:00+00:00,1.0,open,Focused regulars
USER-0203,ITEM-037,2025-07-22T20:19:00+00:00,1.0,open,Focused regulars
USER-0066,ITEM-049,2025-07-22T21:15:00+00:00,1.0,open,Broad enthusiasts
USER-0176,ITEM-060,2025-07-23T07:13:00+00:00,3.0,complete,Focused regulars
USER-0161,ITEM-056,2025-07-23T08:12:00+00:00,2.0,save,Focused regulars
USER-0301,ITEM-042,2025-07-23T09:09:00+00:00,2.0,save,New explorers
USER-0137,ITEM-066,2025-07-23T10:09:00+00:00,1.0,open,Focused regulars
USER-0250,ITEM-074,2025-07-23T11:04:00+00:00,3.0,complete,New explorers
USER-0152,ITEM-017,2025-07-23T11:09:00+00:00,1.0,open,Focused regulars
USER-0195,ITEM-081,2025-07-23T11:17:00+00:00,1.0,open,Broad enthusiasts
USER-0179,ITEM-055,2025-07-23T12:10:00+00:00,1.0,open,Focused regulars
USER-0174,ITEM-027,2025-07-23T12:11:00+00:00,1.0,open,Broad enthusiasts
USER-0210,ITEM-039,2025-07-23T13:19:00+00:00,3.0,complete,Broad enthusiasts
USER-0115,ITEM-015,2025-07-23T16:03:00+00:00,1.0,open,New explorers
USER-0086,ITEM-006,2025-07-23T16:11:00+00:00,1.0,open,Focused regulars
USER-0087,ITEM-002,2025-07-23T18:18:00+00:00,1.0,open,Broad enthusiasts
USER-0031,ITEM-086,2025-07-23T19:06:00+00:00,1.0,open,New explorers
USER-0303,ITEM-037,2025-07-23T19:14:00+00:00,1.0,open,Broad enthusiasts
USER-0114,ITEM-086,2025-07-23T20:06:00+00:00,1.0,open,Broad enthusiasts
USER-0203,ITEM-023,2025-07-23T20:20:00+00:00,1.0,open,Focused regulars
USER-0251,ITEM-016,2025-07-23T21:08:00+00:00,2.0,save,Focused regulars
USER-0233,ITEM-065,2025-07-24T07:07:00+00:00,1.0,open,Focused regulars
USER-0138,ITEM-029,2025-07-24T07:14:00+00:00,1.0,open,Broad enthusiasts
USER-0196,ITEM-074,2025-07-24T08:09:00+00:00,1.0,open,New explorers
USER-0051,ITEM-064,2025-07-24T08:13:00+00:00,1.0,open,Broad enthusiasts
USER-0012,ITEM-083,2025-07-24T08:14:00+00:00,1.0,open,Broad enthusiasts
USER-0261,ITEM-045,2025-07-24T08:18:00+00:00,1.0,open,Broad enthusiasts
USER-0259,ITEM-082,2025-07-24T09:04:00+00:00,1.0,open,New explorers
USER-0134,ITEM-009,2025-07-24T09:09:00+00:00,3.0,complete,Focused regulars
USER-0109,ITEM-053,2025-07-24T10:04:00+00:00,1.0,open,New explorers
USER-0268,ITEM-016,2025-07-24T10:04:00+00:00,2.0,save,New explorers
USER-0230,ITEM-002,2025-07-24T10:10:00+00:00,2.0,save,Focused regulars
USER-0200,ITEM-086,2025-07-24T11:14:00+00:00,2.0,save,Focused regulars
USER-0184,ITEM-024,2025-07-24T12:03:00+00:00,2.0,save,New explorers
USER-0287,ITEM-065,2025-07-24T12:05:00+00:00,1.0,open,Focused regulars
USER-0304,ITEM-072,2025-07-24T12:05:00+00:00,1.0,open,New explorers
USER-0004,ITEM-013,2025-07-24T13:05:00+00:00,1.0,open,New explorers
USER-0221,ITEM-010,2025-07-24T13:06:00+00:00,1.0,open,Focused regulars
USER-0181,ITEM-054,2025-07-24T13:14:00+00:00,1.0,open,New explorers
USER-0270,ITEM-013,2025-07-24T13:14:00+00:00,2.0,save,Broad enthusiasts
USER-0292,ITEM-072,2025-07-24T14:04:00+00:00,1.0,open,New explorers
USER-0131,ITEM-042,2025-07-24T14:10:00+00:00,1.0,open,Focused regulars
USER-0119,ITEM-086,2025-07-24T14:14:00+00:00,1.0,open,Focused regulars
USER-0206,ITEM-021,2025-07-24T14:16:00+00:00,2.0,save,Focused regulars
USER-0077,ITEM-077,2025-07-24T15:10:00+00:00,1.0,open,Focused regulars
USER-0170,ITEM-052,2025-07-24T16:12:00+00:00,1.0,open,Focused regulars
USER-0291,ITEM-036,2025-07-24T16:18:00+00:00,1.0,open,Broad enthusiasts
USER-0308,ITEM-055,2025-07-24T17:09:00+00:00,1.0,open,Focused regulars
USER-0122,ITEM-023,2025-07-24T17:15:00+00:00,1.0,open,Focused regulars
USER-0282,ITEM-061,2025-07-24T18:10:00+00:00,1.0,open,Broad enthusiasts
USER-0111,ITEM-083,2025-07-24T18:19:00+00:00,1.0,open,Broad enthusiasts
USER-0069,ITEM-020,2025-07-24T19:09:00+00:00,3.0,complete,Broad enthusiasts
USER-0224,ITEM-020,2025-07-24T20:09:00+00:00,1.0,open,Focused regulars
USER-0168,ITEM-005,2025-07-24T20:14:00+00:00,1.0,open,Broad enthusiasts
USER-0063,ITEM-063,2025-07-24T22:16:00+00:00,3.0,complete,Broad enthusiasts
USER-0166,ITEM-092,2025-07-25T07:09:00+00:00,1.0,open,New explorers
USER-0114,ITEM-061,2025-07-25T08:07:00+00:00,3.0,complete,Broad enthusiasts
USER-0042,ITEM-025,2025-07-25T08:17:00+00:00,1.0,open,Broad enthusiasts
USER-0171,ITEM-038,2025-07-25T08:20:00+00:00,1.0,open,Broad enthusiasts
USER-0115,ITEM-019,2025-07-25T10:04:00+00:00,1.0,open,New explorers
USER-0101,ITEM-027,2025-07-25T10:12:00+00:00,3.0,complete,Focused regulars
USER-0051,ITEM-030,2025-07-25T10:14:00+00:00,1.0,open,Broad enthusiasts
USER-0267,ITEM-006,2025-07-25T10:15:00+00:00,1.0,open,Broad enthusiasts
USER-0124,ITEM-072,2025-07-25T12:04:00+00:00,2.0,save,New explorers
USER-0258,ITEM-022,2025-07-25T12:12:00+00:00,1.0,open,Broad enthusiasts
USER-0276,ITEM-063,2025-07-25T12:14:00+00:00,1.0,open,Broad enthusiasts
USER-0297,ITEM-039,2025-07-25T12:24:00+00:00,1.0,open,Broad enthusiasts
USER-0026,ITEM-052,2025-07-25T14:11:00+00:00,1.0,open,Focused regulars
USER-0182,ITEM-071,2025-07-25T14:12:00+00:00,1.0,open,Focused regulars
USER-0023,ITEM-028,2025-07-25T17:11:00+00:00,1.0,open,Focused regulars
USER-0120,ITEM-094,2025-07-25T17:15:00+00:00,3.0,complete,Broad enthusiasts
USER-0168,ITEM-010,2025-07-25T17:15:00+00:00,1.0,open,Broad enthusiasts
USER-0303,ITEM-023,2025-07-25T18:15:00+00:00,3.0,complete,Broad enthusiasts
USER-0231,ITEM-084,2025-07-25T18:16:00+00:00,3.0,complete,Broad enthusiasts
USER-0157,ITEM-049,2025-07-25T20:06:00+00:00,1.0,open,New explorers
USER-0072,ITEM-067,2025-07-25T20:20:00+00:00,2.0,save,Broad enthusiasts
USER-0285,ITEM-035,2025-07-25T22:10:00+00:00,1.0,open,Broad enthusiasts
USER-0081,ITEM-063,2025-07-26T08:11:00+00:00,1.0,open,Broad enthusiasts
USER-0014,ITEM-044,2025-07-26T09:06:00+00:00,1.0,open,Focused regulars
USER-0052,ITEM-076,2025-07-26T09:09:00+00:00,2.0,save,New explorers
USER-0210,ITEM-025,2025-07-26T09:20:00+00:00,2.0,save,Broad enthusiasts
USER-0124,ITEM-082,2025-07-26T13:05:00+00:00,1.0,open,New explorers
USER-0310,ITEM-049,2025-07-26T13:05:00+00:00,1.0,open,New explorers
USER-0290,ITEM-082,2025-07-26T13:14:00+00:00,3.0,complete,Focused regulars
USER-0078,ITEM-096,2025-07-26T13:17:00+00:00,1.0,open,Broad enthusiasts
USER-0278,ITEM-067,2025-07-26T14:09:00+00:00,1.0,open,Focused regulars
USER-0056,ITEM-053,2025-07-26T14:14:00+00:00,1.0,open,Focused regulars
USER-0033,ITEM-043,2025-07-26T15:13:00+00:00,1.0,open,Broad enthusiasts
USER-0292,ITEM-056,2025-07-26T16:05:00+00:00,1.0,open,New explorers
USER-0208,ITEM-024,2025-07-26T16:06:00+00:00,1.0,open,New explorers
USER-0134,ITEM-032,2025-07-26T16:10:00+00:00,1.0,open,Focused regulars
USER-0050,ITEM-072,2025-07-26T16:12:00+00:00,3.0,complete,Focused regulars
USER-0307,ITEM-077,2025-07-26T19:11:00+00:00,1.0,open,New explorers
USER-0097,ITEM-016,2025-07-26T20:05:00+00:00,1.0,open,New explorers
USER-0237,ITEM-050,2025-07-26T20:24:00+00:00,1.0,open,Broad enthusiasts
USER-0137,ITEM-042,2025-07-26T22:10:00+00:00,2.0,save,Focused regulars
USER-0117,ITEM-043,2025-07-27T07:09:00+00:00,1.0,open,Broad enthusiasts
USER-0093,ITEM-015,2025-07-27T08:15:00+00:00,3.0,complete,Broad enthusiasts
USER-0055,ITEM-031,2025-07-27T10:07:00+00:00,3.0,complete,New explorers
USER-0260,ITEM-079,2025-07-27T11:11:00+00:00,3.0,complete,Focused regulars
USER-0079,ITEM-083,2025-07-27T12:06:00+00:00,2.0,save,New explorers
USER-0151,ITEM-005,2025-07-27T12:09:00+00:00,3.0,complete,New explorers
USER-0301,ITEM-072,2025-07-27T12:10:00+00:00,2.0,save,New explorers
USER-0215,ITEM-027,2025-07-27T12:13:00+00:00,1.0,open,Focused regulars
USER-0122,ITEM-019,2025-07-27T13:16:00+00:00,2.0,save,Focused regulars
USER-0206,ITEM-035,2025-07-27T13:17:00+00:00,2.0,save,Focused regulars
USER-0249,ITEM-023,2025-07-27T13:17:00+00:00,2.0,save,Broad enthusiasts
USER-0007,ITEM-092,2025-07-27T14:07:00+00:00,1.0,open,New explorers
USER-0090,ITEM-072,2025-07-27T14:14:00+00:00,1.0,open,Broad enthusiasts
USER-0158,ITEM-059,2025-07-27T14:16:00+00:00,1.0,open,Focused regulars
USER-0188,ITEM-010,2025-07-27T17:11:00+00:00,1.0,open,Focused regulars
USER-0027,ITEM-058,2025-07-27T18:11:00+00:00,1.0,open,Broad enthusiasts
USER-0252,ITEM-041,2025-07-27T19:17:00+00:00,2.0,save,Broad enthusiasts
USER-0297,ITEM-041,2025-07-27T19:25:00+00:00,1.0,open,Broad enthusiasts
USER-0186,ITEM-087,2025-07-27T20:12:00+00:00,1.0,open,Broad enthusiasts
USER-0272,ITEM-014,2025-07-27T20:14:00+00:00,1.0,open,Focused regulars
USER-0147,ITEM-033,2025-07-27T21:13:00+00:00,3.0,complete,Broad enthusiasts
USER-0157,ITEM-072,2025-07-27T22:07:00+00:00,1.0,open,New explorers
USER-0177,ITEM-004,2025-07-28T07:10:00+00:00,1.0,open,Broad enthusiasts
USER-0019,ITEM-078,2025-07-28T08:04:00+00:00,1.0,open,New explorers
USER-0007,ITEM-031,2025-07-28T08:08:00+00:00,1.0,open,New explorers
USER-0174,ITEM-095,2025-07-28T09:12:00+00:00,1.0,open,Broad enthusiasts
USER-0153,ITEM-084,2025-07-28T09:18:00+00:00,1.0,open,Broad enthusiasts
USER-0259,ITEM-007,2025-07-28T10:05:00+00:00,1.0,open,New explorers
USER-0304,ITEM-052,2025-07-28T10:06:00+00:00,1.0,open,New explorers
USER-0199,ITEM-082,2025-07-28T10:07:00+00:00,1.0,open,New explorers
USER-0181,ITEM-061,2025-07-28T10:15:00+00:00,2.0,save,New explorers
USER-0093,ITEM-011,2025-07-28T10:16:00+00:00,1.0,open,Broad enthusiasts
USER-0080,ITEM-050,2025-07-28T10:21:00+00:00,2.0,save,Focused regulars
USER-0176,ITEM-037,2025-07-28T11:14:00+00:00,1.0,open,Focused regulars
USER-0234,ITEM-063,2025-07-28T11:22:00+00:00,2.0,save,Broad enthusiasts
USER-0157,ITEM-048,2025-07-28T12:08:00+00:00,1.0,open,New explorers
USER-0167,ITEM-052,2025-07-28T12:09:00+00:00,1.0,open,Focused regulars
USER-0022,ITEM-011,2025-07-28T13:11:00+00:00,1.0,open,New explorers
USER-0072,ITEM-012,2025-07-28T13:21:00+00:00,3.0,complete,Broad enthusiasts
USER-0245,ITEM-060,2025-07-28T14:04:00+00:00,1.0,open,Focused regulars
USER-0163,ITEM-055,2025-07-28T14:06:00+00:00,1.0,open,New explorers
USER-0193,ITEM-031,2025-07-28T14:06:00+00:00,2.0,save,New explorers
USER-0258,ITEM-078,2025-07-28T15:13:00+00:00,3.0,complete,Broad enthusiasts
USER-0248,ITEM-044,2025-07-28T16:12:00+00:00,1.0,open,Focused regulars
USER-0249,ITEM-056,2025-07-28T16:18:00+00:00,1.0,open,Broad enthusiasts
USER-0201,ITEM-002,2025-07-28T20:10:00+00:00,1.0,open,Broad enthusiasts
USER-0090,ITEM-002,2025-07-28T20:15:00+00:00,1.0,open,Broad enthusiasts
USER-0094,ITEM-095,2025-07-28T21:05:00+00:00,1.0,open,New explorers
USER-0171,ITEM-053,2025-07-28T21:21:00+00:00,2.0,save,Broad enthusiasts
USER-0062,ITEM-046,2025-07-28T22:07:00+00:00,3.0,complete,Focused regulars
USER-0013,ITEM-091,2025-07-28T22:09:00+00:00,2.0,save,New explorers
USER-0174,ITEM-022,2025-07-29T08:13:00+00:00,1.0,open,Broad enthusiasts
USER-0306,ITEM-049,2025-07-29T08:14:00+00:00,1.0,open,Broad enthusiasts
USER-0197,ITEM-079,2025-07-29T09:10:00+00:00,1.0,open,Focused regulars
USER-0146,ITEM-081,2025-07-29T09:14:00+00:00,2.0,save,Focused regulars
USER-0249,ITEM-007,2025-07-29T09:19:00+00:00,2.0,save,Broad enthusiasts
USER-0047,ITEM-011,2025-07-29T10:08:00+00:00,2.0,save,Focused regulars
USER-0285,ITEM-006,2025-07-29T10:11:00+00:00,1.0,open,Broad enthusiasts
USER-0062,ITEM-086,2025-07-29T11:08:00+00:00,2.0,save,Focused regulars
USER-0029,ITEM-060,2025-07-29T11:09:00+00:00,1.0,open,Focused regulars
USER-0314,ITEM-049,2025-07-29T11:10:00+00:00,2.0,save,Focused regulars
USER-0192,ITEM-006,2025-07-29T12:16:00+00:00,2.0,save,Broad enthusiasts
USER-0093,ITEM-013,2025-07-29T12:17:00+00:00,2.0,save,Broad enthusiasts
USER-0310,ITEM-005,2025-07-29T13:06:00+00:00,1.0,open,New explorers
USER-0168,ITEM-067,2025-07-29T13:16:00+00:00,3.0,complete,Broad enthusiasts
USER-0212,ITEM-055,2025-07-29T14:09:00+00:00,2.0,save,Focused regulars
USER-0215,ITEM-063,2025-07-29T14:14:00+00:00,2.0,save,Focused regulars
USER-0207,ITEM-060,2025-07-29T15:14:00+00:00,1.0,open,Broad enthusiasts
USER-0255,ITEM-006,2025-07-29T15:16:00+00:00,2.0,save,Broad enthusiasts
USER-0153,ITEM-022,2025-07-29T15:19:00+00:00,1.0,open,Broad enthusiasts
USER-0283,ITEM-005,2025-07-29T18:05:00+00:00,1.0,open,New explorers
USER-0300,ITEM-028,2025-07-29T18:11:00+00:00,1.0,open,Broad enthusiasts
USER-0227,ITEM-042,2025-07-29T18:14:00+00:00,1.0,open,Focused regulars
USER-0076,ITEM-024,2025-07-29T19:05:00+00:00,1.0,open,New explorers
USER-0049,ITEM-082,2025-07-29T19:08:00+00:00,1.0,open,New explorers
USER-0033,ITEM-082,2025-07-29T20:14:00+00:00,2.0,save,Broad enthusiasts
USER-0183,ITEM-031,2025-07-29T21:10:00+00:00,2.0,save,Broad enthusiasts
USER-0259,ITEM-025,2025-07-29T22:06:00+00:00,2.0,save,New explorers
USER-0253,ITEM-027,2025-07-29T22:08:00+00:00,1.0,open,New explorers
USER-0191,ITEM-003,2025-07-30T07:11:00+00:00,1.0,open,Focused regulars
USER-0072,ITEM-024,2025-07-30T07:22:00+00:00,2.0,save,Broad enthusiasts
USER-0233,ITEM-082,2025-07-30T08:08:00+00:00,2.0,save,Focused regulars
USER-0063,ITEM-073,2025-07-30T08:17:00+00:00,1.0,open,Broad enthusiasts
USER-0115,ITEM-074,2025-07-30T10:05:00+00:00,1.0,open,New explorers
USER-0311,ITEM-039,2025-07-30T10:06:00+00:00,1.0,open,Focused regulars
USER-0263,ITEM-063,2025-07-30T11:14:00+00:00,2.0,save,Focused regulars
USER-0241,ITEM-031,2025-07-30T12:05:00+00:00,1.0,open,New explorers
USER-0003,ITEM-044,2025-07-30T12:15:00+00:00,1.0,open,Broad enthusiasts
USER-0090,ITEM-079,2025-07-30T12:16:00+00:00,1.0,open,Broad enthusiasts
USER-0129,ITEM-082,2025-07-30T12:16:00+00:00,2.0,save,Broad enthusiasts
USER-0019,ITEM-077,2025-07-30T14:05:00+00:00,1.0,open,New explorers
USER-0217,ITEM-004,2025-07-30T14:05:00+00:00,1.0,open,New explorers
USER-0068,ITEM-018,2025-07-30T16:18:00+00:00,1.0,open,Focused regulars
USER-0028,ITEM-038,2025-07-30T17:02:00+00:00,1.0,open,New explorers
USER-0236,ITEM-078,2025-07-30T18:08:00+00:00,2.0,save,Focused regulars
USER-0314,ITEM-027,2025-07-30T18:11:00+00:00,1.0,open,Focused regulars
USER-0111,ITEM-053,2025-07-30T19:20:00+00:00,1.0,open,Broad enthusiasts
USER-0161,ITEM-043,2025-07-30T20:13:00+00:00,1.0,open,Focused regulars
USER-0017,ITEM-028,2025-07-30T21:10:00+00:00,1.0,open,Focused regulars
USER-0303,ITEM-055,2025-07-30T21:16:00+00:00,1.0,open,Broad enthusiasts
USER-0056,ITEM-050,2025-07-30T22:15:00+00:00,2.0,save,Focused regulars
USER-0232,ITEM-016,2025-07-31T07:07:00+00:00,2.0,save,New explorers
USER-0243,ITEM-005,2025-07-31T07:12:00+00:00,2.0,save,Broad enthusiasts
USER-0060,ITEM-059,2025-07-31T07:14:00+00:00,1.0,open,Broad enthusiasts
USER-0194,ITEM-096,2025-07-31T08:12:00+00:00,1.0,open,Focused regulars
USER-0201,ITEM-040,2025-07-31T11:11:00+00:00,1.0,open,Broad enthusiasts
USER-0041,ITEM-023,2025-07-31T11:12:00+00:00,1.0,open,Focused regulars
USER-0095,ITEM-021,2025-07-31T11:12:00+00:00,1.0,open,Focused regulars
USER-0220,ITEM-074,2025-07-31T13:05:00+00:00,1.0,open,New explorers
USER-0006,ITEM-017,2025-07-31T13:10:00+00:00,1.0,open,Broad enthusiasts
USER-0218,ITEM-085,2025-07-31T14:09:00+00:00,2.0,save,Focused regulars
USER-0147,ITEM-063,2025-07-31T14:14:00+00:00,1.0,open,Broad enthusiasts
USER-0174,ITEM-052,2025-07-31T14:14:00+00:00,2.0,save,Broad enthusiasts
USER-0036,ITEM-026,2025-07-31T14:16:00+00:00,2.0,save,Broad enthusiasts
USER-0270,ITEM-053,2025-07-31T16:15:00+00:00,3.0,complete,Broad enthusiasts
USER-0165,ITEM-017,2025-07-31T17:19:00+00:00,1.0,open,Broad enthusiasts
USER-0111,ITEM-079,2025-07-31T18:21:00+00:00,2.0,save,Broad enthusiasts
USER-0086,ITEM-041,2025-07-31T19:12:00+00:00,1.0,open,Focused regulars
USER-0288,ITEM-045,2025-07-31T19:14:00+00:00,1.0,open,Broad enthusiasts
USER-0198,ITEM-040,2025-07-31T20:18:00+00:00,1.0,open,Broad enthusiasts
USER-0184,ITEM-081,2025-07-31T21:04:00+00:00,1.0,open,New explorers
USER-0177,ITEM-084,2025-07-31T21:11:00+00:00,1.0,open,Broad enthusiasts
USER-0254,ITEM-046,2025-07-31T21:13:00+00:00,1.0,open,Focused regulars
USER-0227,ITEM-084,2025-07-31T21:15:00+00:00,1.0,open,Focused regulars
USER-0096,ITEM-064,2025-07-31T21:18:00+00:00,3.0,complete,Broad enthusiasts
USER-0189,ITEM-001,2025-07-31T22:14:00+00:00,1.0,open,Broad enthusiasts
USER-0078,ITEM-048,2025-08-01T07:18:00+00:00,1.0,open,Broad enthusiasts
USER-0165,ITEM-025,2025-08-01T08:20:00+00:00,1.0,open,Broad enthusiasts
USER-0135,ITEM-020,2025-08-01T08:23:00+00:00,1.0,open,Broad enthusiasts
USER-0277,ITEM-010,2025-08-01T09:09:00+00:00,1.0,open,New explorers
USER-0041,ITEM-033,2025-08-01T09:13:00+00:00,1.0,open,Focused regulars
USER-0145,ITEM-011,2025-08-01T10:09:00+00:00,3.0,complete,New explorers
USER-0051,ITEM-037,2025-08-01T10:15:00+00:00,2.0,save,Broad enthusiasts
USER-0255,ITEM-083,2025-08-01T10:17:00+00:00,2.0,save,Broad enthusiasts
USER-0239,ITEM-065,2025-08-01T11:08:00+00:00,2.0,save,Focused regulars
USER-0274,ITEM-011,2025-08-01T12:04:00+00:00,1.0,open,New explorers
USER-0114,ITEM-017,2025-08-01T13:08:00+00:00,1.0,open,Broad enthusiasts
USER-0117,ITEM-024,2025-08-01T14:10:00+00:00,2.0,save,Broad enthusiasts
USER-0048,ITEM-028,2025-08-01T14:13:00+00:00,2.0,save,Broad enthusiasts
USER-0027,ITEM-086,2025-08-01T15:12:00+00:00,1.0,open,Broad enthusiasts
USER-0263,ITEM-058,2025-08-01T15:15:00+00:00,2.0,save,Focused regulars
USER-0142,ITEM-017,2025-08-01T16:08:00+00:00,1.0,open,New explorers
USER-0092,ITEM-025,2025-08-01T16:15:00+00:00,1.0,open,Focused regulars
USER-0251,ITEM-017,2025-08-01T17:09:00+00:00,2.0,save,Focused regulars
USER-0123,ITEM-039,2025-08-01T19:11:00+00:00,1.0,open,Broad enthusiasts
USER-0074,ITEM-011,2025-08-01T19:17:00+00:00,1.0,open,Focused regulars
USER-0037,ITEM-040,2025-08-01T20:07:00+00:00,3.0,complete,New explorers
USER-0248,ITEM-005,2025-08-01T20:13:00+00:00,1.0,open,Focused regulars
USER-0238,ITEM-074,2025-08-01T21:03:00+00:00,1.0,open,New explorers
USER-0260,ITEM-077,2025-08-01T22:12:00+00:00,1.0,open,Focused regulars
USER-0041,ITEM-044,2025-08-02T07:14:00+00:00,1.0,open,Focused regulars
USER-0192,ITEM-071,2025-08-02T07:17:00+00:00,1.0,open,Broad enthusiasts
USER-0198,ITEM-020,2025-08-02T07:19:00+00:00,1.0,open,Broad enthusiasts
USER-0040,ITEM-071,2025-08-02T09:02:00+00:00,1.0,open,New explorers
USER-0292,ITEM-049,2025-08-02T09:06:00+00:00,1.0,open,New explorers
USER-0304,ITEM-028,2025-08-02T12:07:00+00:00,1.0,open,New explorers
USER-0067,ITEM-061,2025-08-02T12:11:00+00:00,1.0,open,New explorers
USER-0009,ITEM-014,2025-08-02T13:22:00+00:00,1.0,open,Broad enthusiasts
USER-0142,ITEM-069,2025-08-02T14:09:00+00:00,1.0,open,New explorers
USER-0162,ITEM-013,2025-08-02T14:20:00+00:00,1.0,open,Broad enthusiasts
USER-0031,ITEM-034,2025-08-02T15:07:00+00:00,1.0,open,New explorers
USER-0294,ITEM-063,2025-08-02T15:19:00+00:00,2.0,save,Broad enthusiasts
USER-0114,ITEM-080,2025-08-02T16:09:00+00:00,2.0,save,Broad enthusiasts
USER-0027,ITEM-043,2025-08-02T17:13:00+00:00,1.0,open,Broad enthusiasts
USER-0109,ITEM-028,2025-08-02T18:05:00+00:00,3.0,complete,New explorers
USER-0018,ITEM-086,2025-08-02T18:19:00+00:00,1.0,open,Broad enthusiasts
USER-0197,ITEM-052,2025-08-02T19:11:00+00:00,2.0,save,Focused regulars
USER-0060,ITEM-020,2025-08-02T19:15:00+00:00,2.0,save,Broad enthusiasts
USER-0233,ITEM-024,2025-08-02T20:09:00+00:00,2.0,save,Focused regulars
USER-0228,ITEM-013,2025-08-02T20:13:00+00:00,2.0,save,Broad enthusiasts
USER-0056,ITEM-028,2025-08-02T20:16:00+00:00,3.0,complete,Focused regulars
USER-0264,ITEM-021,2025-08-02T20:16:00+00:00,2.0,save,Broad enthusiasts
USER-0011,ITEM-039,2025-08-02T21:09:00+00:00,1.0,open,Focused regulars
USER-0052,ITEM-004,2025-08-02T21:10:00+00:00,1.0,open,New explorers
USER-0127,ITEM-042,2025-08-02T22:06:00+00:00,1.0,open,New explorers
USER-0065,ITEM-017,2025-08-03T07:08:00+00:00,1.0,open,Focused regulars
USER-0302,ITEM-042,2025-08-03T07:15:00+00:00,1.0,open,Focused regulars
USER-0007,ITEM-044,2025-08-03T08:09:00+00:00,2.0,save,New explorers
USER-0270,ITEM-027,2025-08-03T08:16:00+00:00,1.0,open,Broad enthusiasts
USER-0287,ITEM-083,2025-08-03T10:06:00+00:00,3.0,complete,Focused regulars
USER-0281,ITEM-046,2025-08-03T11:13:00+00:00,1.0,open,Focused regulars
USER-0067,ITEM-031,2025-08-03T12:12:00+00:00,2.0,save,New explorers
USER-0051,ITEM-085,2025-08-03T12:16:00+00:00,1.0,open,Broad enthusiasts
USER-0227,ITEM-024,2025-08-03T13:16:00+00:00,1.0,open,Focused regulars
USER-0149,ITEM-045,2025-08-03T14:12:00+00:00,1.0,open,Focused regulars
USER-0116,ITEM-064,2025-08-03T15:08:00+00:00,2.0,save,Focused regulars
USER-0288,ITEM-063,2025-08-03T15:15:00+00:00,1.0,open,Broad enthusiasts
USER-0305,ITEM-032,2025-08-03T16:07:00+00:00,1.0,open,Focused regulars
USER-0225,ITEM-031,2025-08-03T16:12:00+00:00,1.0,open,Broad enthusiasts
USER-0121,ITEM-082,2025-08-03T17:10:00+00:00,1.0,open,New explorers
USER-0191,ITEM-062,2025-08-03T19:12:00+00:00,1.0,open,Focused regulars
USER-0107,ITEM-065,2025-08-03T20:10:00+00:00,1.0,open,Focused regulars
USER-0006,ITEM-040,2025-08-03T20:11:00+00:00,1.0,open,Broad enthusiasts
USER-0232,ITEM-032,2025-08-03T21:08:00+00:00,1.0,open,New explorers
USER-0166,ITEM-045,2025-08-03T21:10:00+00:00,1.0,open,New explorers
USER-0188,ITEM-020,2025-08-03T22:12:00+00:00,2.0,save,Focused regulars
USER-0097,ITEM-086,2025-08-04T08:06:00+00:00,3.0,complete,New explorers
USER-0251,ITEM-052,2025-08-04T08:10:00+00:00,1.0,open,Focused regulars
USER-0252,ITEM-079,2025-08-04T09:18:00+00:00,1.0,open,Broad enthusiasts
USER-0202,ITEM-028,2025-08-04T10:10:00+00:00,1.0,open,New explorers
USER-0077,ITEM-005,2025-08-04T10:11:00+00:00,1.0,open,Focused regulars
USER-0124,ITEM-001,2025-08-04T11:06:00+00:00,1.0,open,New explorers
USER-0300,ITEM-074,2025-08-04T12:12:00+00:00,1.0,open,Broad enthusiasts
USER-0136,ITEM-052,2025-08-04T13:13:00+00:00,1.0,open,New explorers
USER-0249,ITEM-079,2025-08-04T13:20:00+00:00,1.0,open,Broad enthusiasts
USER-0259,ITEM-069,2025-08-04T14:07:00+00:00,1.0,open,New explorers
USER-0302,ITEM-040,2025-08-04T14:16:00+00:00,1.0,open,Focused regulars
USER-0054,ITEM-092,2025-08-04T14:18:00+00:00,1.0,open,Broad enthusiasts
USER-0033,ITEM-095,2025-08-04T15:15:00+00:00,2.0,save,Broad enthusiasts
USER-0162,ITEM-048,2025-08-04T15:21:00+00:00,3.0,complete,Broad enthusiasts
USER-0112,ITEM-004,2025-08-04T17:07:00+00:00,1.0,open,New explorers
USER-0312,ITEM-067,2025-08-04T18:10:00+00:00,1.0,open,Broad enthusiasts
USER-0107,ITEM-087,2025-08-04T18:11:00+00:00,1.0,open,Focused regulars
USER-0123,ITEM-084,2025-08-04T18:12:00+00:00,2.0,save,Broad enthusiasts
USER-0104,ITEM-042,2025-08-04T18:15:00+00:00,2.0,save,Focused regulars
USER-0132,ITEM-071,2025-08-04T18:18:00+00:00,2.0,save,Broad enthusiasts
USER-0105,ITEM-047,2025-08-04T19:14:00+00:00,3.0,complete,Broad enthusiasts
USER-0063,ITEM-046,2025-08-04T19:18:00+00:00,1.0,open,Broad enthusiasts
USER-0149,ITEM-074,2025-08-04T22:13:00+00:00,1.0,open,Focused regulars
USER-0299,ITEM-079,2025-08-05T07:07:00+00:00,2.0,save,Focused regulars
USER-0011,ITEM-079,2025-08-05T10:10:00+00:00,1.0,open,Focused regulars
USER-0189,ITEM-037,2025-08-05T10:15:00+00:00,1.0,open,Broad enthusiasts
USER-0089,ITEM-057,2025-08-05T11:10:00+00:00,2.0,save,Focused regulars
USER-0272,ITEM-051,2025-08-05T12:15:00+00:00,1.0,open,Focused regulars
USER-0204,ITEM-086,2025-08-05T13:08:00+00:00,1.0,open,Broad enthusiasts
USER-0095,ITEM-015,2025-08-05T14:13:00+00:00,3.0,complete,Focused regulars
USER-0174,ITEM-054,2025-08-05T14:15:00+00:00,2.0,save,Broad enthusiasts
USER-0066,ITEM-045,2025-08-05T14:16:00+00:00,1.0,open,Broad enthusiasts
USER-0008,ITEM-092,2025-08-05T15:08:00+00:00,2.0,save,Focused regulars
USER-0228,ITEM-080,2025-08-05T15:14:00+00:00,1.0,open,Broad enthusiasts
USER-0205,ITEM-049,2025-08-05T16:05:00+00:00,1.0,open,New explorers
USER-0165,ITEM-032,2025-08-05T17:21:00+00:00,1.0,open,Broad enthusiasts
USER-0149,ITEM-052,2025-08-05T19:14:00+00:00,2.0,save,Focused regulars
USER-0146,ITEM-077,2025-08-05T19:15:00+00:00,1.0,open,Focused regulars
USER-0113,ITEM-016,2025-08-05T19:16:00+00:00,1.0,open,Focused regulars
USER-0213,ITEM-024,2025-08-05T19:20:00+00:00,2.0,save,Broad enthusiasts
USER-0214,ITEM-055,2025-08-05T20:01:00+00:00,1.0,open,New explorers
USER-0271,ITEM-010,2025-08-05T21:04:00+00:00,3.0,complete,New explorers
USER-0134,ITEM-083,2025-08-05T22:11:00+00:00,1.0,open,Focused regulars
USER-0200,ITEM-083,2025-08-05T22:15:00+00:00,3.0,complete,Focused regulars
USER-0023,ITEM-082,2025-08-06T07:12:00+00:00,1.0,open,Focused regulars
USER-0216,ITEM-079,2025-08-06T07:16:00+00:00,3.0,complete,Broad enthusiasts
USER-0168,ITEM-066,2025-08-06T07:17:00+00:00,2.0,save,Broad enthusiasts
USER-0156,ITEM-034,2025-08-06T07:18:00+00:00,1.0,open,Broad enthusiasts
USER-0030,ITEM-016,2025-08-06T08:19:00+00:00,1.0,open,Broad enthusiasts
USER-0258,ITEM-085,2025-08-06T09:14:00+00:00,1.0,open,Broad enthusiasts
USER-0288,ITEM-008,2025-08-06T09:16:00+00:00,1.0,open,Broad enthusiasts
USER-0175,ITEM-052,2025-08-06T10:06:00+00:00,1.0,open,New explorers
USER-0285,ITEM-041,2025-08-06T10:12:00+00:00,3.0,complete,Broad enthusiasts
USER-0272,ITEM-091,2025-08-06T10:16:00+00:00,1.0,open,Focused regulars
USER-0058,ITEM-077,2025-08-06T11:09:00+00:00,1.0,open,New explorers
USER-0263,ITEM-035,2025-08-06T12:16:00+00:00,1.0,open,Focused regulars
USER-0144,ITEM-092,2025-08-06T12:18:00+00:00,1.0,open,Broad enthusiasts
USER-0045,ITEM-042,2025-08-06T13:12:00+00:00,2.0,save,Broad enthusiasts
USER-0067,ITEM-055,2025-08-06T14:13:00+00:00,1.0,open,New explorers
USER-0096,ITEM-094,2025-08-06T14:19:00+00:00,1.0,open,Broad enthusiasts
USER-0221,ITEM-004,2025-08-06T16:07:00+00:00,1.0,open,Focused regulars
USER-0154,ITEM-044,2025-08-06T17:08:00+00:00,1.0,open,New explorers
USER-0064,ITEM-062,2025-08-06T18:06:00+00:00,1.0,open,New explorers
USER-0320,ITEM-076,2025-08-06T18:07:00+00:00,1.0,open,Focused regulars
USER-0112,ITEM-072,2025-08-06T20:08:00+00:00,2.0,save,New explorers
USER-0013,ITEM-041,2025-08-06T21:10:00+00:00,3.0,complete,New explorers
USER-0038,ITEM-026,2025-08-06T21:13:00+00:00,2.0,save,Focused regulars
USER-0291,ITEM-067,2025-08-06T21:19:00+00:00,1.0,open,Broad enthusiasts
USER-0052,ITEM-045,2025-08-06T22:11:00+00:00,3.0,complete,New explorers
USER-0048,ITEM-067,2025-08-06T22:14:00+00:00,1.0,open,Broad enthusiasts
USER-0011,ITEM-024,2025-08-07T07:11:00+00:00,1.0,open,Focused regulars
USER-0288,ITEM-017,2025-08-07T07:17:00+00:00,3.0,complete,Broad enthusiasts
USER-0044,ITEM-020,2025-08-07T09:10:00+00:00,1.0,open,Focused regulars
USER-0132,ITEM-005,2025-08-07T09:19:00+00:00,2.0,save,Broad enthusiasts
USER-0039,ITEM-038,2025-08-07T10:15:00+00:00,2.0,save,Broad enthusiasts
USER-0232,ITEM-082,2025-08-07T13:09:00+00:00,1.0,open,New explorers
USER-0223,ITEM-094,2025-08-07T14:10:00+00:00,1.0,open,New explorers
USER-0203,ITEM-010,2025-08-07T14:21:00+00:00,3.0,complete,Focused regulars
USER-0233,ITEM-014,2025-08-07T15:10:00+00:00,1.0,open,Focused regulars
USER-0165,ITEM-087,2025-08-07T15:22:00+00:00,2.0,save,Broad enthusiasts
USER-0195,ITEM-011,2025-08-07T16:18:00+00:00,1.0,open,Broad enthusiasts
USER-0076,ITEM-036,2025-08-07T18:06:00+00:00,1.0,open,New explorers
USER-0069,ITEM-016,2025-08-07T19:10:00+00:00,1.0,open,Broad enthusiasts
USER-0123,ITEM-006,2025-08-07T19:13:00+00:00,1.0,open,Broad enthusiasts
USER-0263,ITEM-023,2025-08-07T19:17:00+00:00,1.0,open,Focused regulars
USER-0210,ITEM-063,2025-08-07T19:21:00+00:00,1.0,open,Broad enthusiasts
USER-0163,ITEM-057,2025-08-07T20:07:00+00:00,1.0,open,New explorers
USER-0320,ITEM-002,2025-08-07T20:08:00+00:00,2.0,save,Focused regulars
USER-0021,ITEM-012,2025-08-07T20:12:00+00:00,1.0,open,Broad enthusiasts
USER-0034,ITEM-045,2025-08-07T21:04:00+00:00,3.0,complete,New explorers
USER-0218,ITEM-049,2025-08-07T22:10:00+00:00,3.0,complete,Focused regulars
USER-0119,ITEM-012,2025-08-07T22:15:00+00:00,1.0,open,Focused regulars
USER-0277,ITEM-066,2025-08-08T07:10:00+00:00,1.0,open,New explorers
USER-0081,ITEM-072,2025-08-08T07:12:00+00:00,1.0,open,Broad enthusiasts
USER-0003,ITEM-052,2025-08-08T08:16:00+00:00,1.0,open,Broad enthusiasts
USER-0259,ITEM-011,2025-08-08T09:08:00+00:00,3.0,complete,New explorers
USER-0124,ITEM-007,2025-08-08T10:07:00+00:00,1.0,open,New explorers
USER-0219,ITEM-043,2025-08-08T11:07:00+00:00,1.0,open,Broad enthusiasts
USER-0152,ITEM-044,2025-08-08T12:10:00+00:00,1.0,open,Focused regulars
USER-0077,ITEM-003,2025-08-08T12:12:00+00:00,1.0,open,Focused regulars
USER-0186,ITEM-023,2025-08-08T12:13:00+00:00,1.0,open,Broad enthusiasts
USER-0120,ITEM-040,2025-08-08T12:16:00+00:00,1.0,open,Broad enthusiasts
USER-0272,ITEM-027,2025-08-08T12:17:00+00:00,2.0,save,Focused regulars
USER-0301,ITEM-050,2025-08-08T13:11:00+00:00,2.0,save,New explorers
USER-0067,ITEM-019,2025-08-08T14:14:00+00:00,1.0,open,New explorers
USER-0084,ITEM-040,2025-08-08T14:16:00+00:00,3.0,complete,Broad enthusiasts
USER-0181,ITEM-049,2025-08-08T14:16:00+00:00,1.0,open,New explorers
USER-0244,ITEM-024,2025-08-08T17:10:00+00:00,1.0,open,New explorers
USER-0285,ITEM-017,2025-08-08T17:13:00+00:00,1.0,open,Broad enthusiasts
USER-0092,ITEM-052,2025-08-08T19:16:00+00:00,1.0,open,Focused regulars
USER-0098,ITEM-018,2025-08-08T20:14:00+00:00,3.0,complete,Focused regulars
USER-0123,ITEM-086,2025-08-08T20:14:00+00:00,3.0,complete,Broad enthusiasts
USER-0122,ITEM-025,2025-08-08T21:17:00+00:00,1.0,open,Focused regulars
USER-0190,ITEM-061,2025-08-09T07:07:00+00:00,1.0,open,New explorers
USER-0275,ITEM-028,2025-08-09T08:08:00+00:00,1.0,open,Focused regulars
USER-0185,ITEM-039,2025-08-09T08:17:00+00:00,3.0,complete,Focused regulars
USER-0319,ITEM-030,2025-08-09T09:08:00+00:00,3.0,complete,New explorers
USER-0244,ITEM-036,2025-08-09T10:11:00+00:00,1.0,open,New explorers
USER-0264,ITEM-045,2025-08-09T10:17:00+00:00,1.0,open,Broad enthusiasts
USER-0135,ITEM-093,2025-08-09T10:24:00+00:00,1.0,open,Broad enthusiasts
USER-0220,ITEM-005,2025-08-09T11:06:00+00:00,2.0,save,New explorers
USER-0064,ITEM-008,2025-08-09T11:07:00+00:00,1.0,open,New explorers
USER-0318,ITEM-092,2025-08-09T11:18:00+00:00,1.0,open,Broad enthusiasts
USER-0266,ITEM-001,2025-08-09T13:17:00+00:00,2.0,save,Focused regulars
USER-0018,ITEM-040,2025-08-09T14:20:00+00:00,1.0,open,Broad enthusiasts
USER-0162,ITEM-057,2025-08-09T15:22:00+00:00,1.0,open,Broad enthusiasts
USER-0062,ITEM-047,2025-08-09T18:09:00+00:00,1.0,open,Focused regulars
USER-0069,ITEM-043,2025-08-09T19:11:00+00:00,2.0,save,Broad enthusiasts
USER-0270,ITEM-060,2025-08-09T19:17:00+00:00,1.0,open,Broad enthusiasts
USER-0278,ITEM-044,2025-08-09T20:10:00+00:00,1.0,open,Focused regulars
USER-0237,ITEM-008,2025-08-09T21:25:00+00:00,1.0,open,Broad enthusiasts
USER-0047,ITEM-019,2025-08-09T22:09:00+00:00,1.0,open,Focused regulars
USER-0054,ITEM-061,2025-08-09T22:19:00+00:00,1.0,open,Broad enthusiasts
USER-0193,ITEM-086,2025-08-10T07:07:00+00:00,2.0,save,New explorers
USER-0130,ITEM-026,2025-08-10T08:08:00+00:00,2.0,save,New explorers
USER-0002,ITEM-063,2025-08-10T09:14:00+00:00,1.0,open,Focused regulars
USER-0009,ITEM-022,2025-08-10T09:23:00+00:00,3.0,complete,Broad enthusiasts
USER-0260,ITEM-093,2025-08-10T10:13:00+00:00,1.0,open,Focused regulars
USER-0266,ITEM-049,2025-08-10T10:18:00+00:00,3.0,complete,Focused regulars
USER-0117,ITEM-023,2025-08-10T11:11:00+00:00,2.0,save,Broad enthusiasts
USER-0105,ITEM-079,2025-08-10T11:15:00+00:00,1.0,open,Broad enthusiasts
USER-0146,ITEM-006,2025-08-10T11:16:00+00:00,3.0,complete,Focused regulars
USER-0288,ITEM-009,2025-08-10T11:18:00+00:00,1.0,open,Broad enthusiasts
USER-0115,ITEM-007,2025-08-10T12:06:00+00:00,1.0,open,New explorers
USER-0222,ITEM-093,2025-08-10T12:11:00+00:00,1.0,open,Broad enthusiasts
USER-0124,ITEM-049,2025-08-10T13:08:00+00:00,1.0,open,New explorers
USER-0141,ITEM-059,2025-08-10T14:12:00+00:00,1.0,open,Broad enthusiasts
USER-0010,ITEM-086,2025-08-10T16:08:00+00:00,3.0,complete,New explorers
USER-0081,ITEM-064,2025-08-10T16:13:00+00:00,3.0,complete,Broad enthusiasts
USER-0086,ITEM-033,2025-08-10T17:13:00+00:00,1.0,open,Focused regulars
USER-0226,ITEM-002,2025-08-10T18:03:00+00:00,2.0,save,New explorers
USER-0109,ITEM-084,2025-08-10T19:06:00+00:00,1.0,open,New explorers
USER-0300,ITEM-033,2025-08-10T19:13:00+00:00,1.0,open,Broad enthusiasts
USER-0307,ITEM-036,2025-08-10T20:12:00+00:00,1.0,open,New explorers
USER-0078,ITEM-093,2025-08-10T20:19:00+00:00,2.0,save,Broad enthusiasts
USER-0054,ITEM-062,2025-08-10T21:20:00+00:00,1.0,open,Broad enthusiasts
USER-0076,ITEM-013,2025-08-10T22:07:00+00:00,1.0,open,New explorers
USER-0069,ITEM-071,2025-08-10T22:12:00+00:00,1.0,open,Broad enthusiasts
USER-0269,ITEM-039,2025-08-10T22:13:00+00:00,1.0,open,Focused regulars
USER-0171,ITEM-062,2025-08-10T22:22:00+00:00,1.0,open,Broad enthusiasts
USER-0005,ITEM-045,2025-08-11T08:11:00+00:00,3.0,complete,Focused regulars
USER-0244,ITEM-062,2025-08-11T08:12:00+00:00,1.0,open,New explorers
USER-0269,ITEM-056,2025-08-11T08:14:00+00:00,2.0,save,Focused regulars
USER-0028,ITEM-013,2025-08-11T09:03:00+00:00,3.0,complete,New explorers
USER-0084,ITEM-086,2025-08-11T09:17:00+00:00,2.0,save,Broad enthusiasts
USER-0222,ITEM-027,2025-08-11T10:12:00+00:00,1.0,open,Broad enthusiasts
USER-0064,ITEM-002,2025-08-11T12:08:00+00:00,1.0,open,New explorers
USER-0132,ITEM-083,2025-08-11T12:20:00+00:00,1.0,open,Broad enthusiasts
USER-0013,ITEM-079,2025-08-11T14:11:00+00:00,1.0,open,New explorers
USER-0138,ITEM-020,2025-08-11T14:15:00+00:00,1.0,open,Broad enthusiasts
USER-0069,ITEM-004,2025-08-11T15:13:00+00:00,1.0,open,Broad enthusiasts
USER-0182,ITEM-040,2025-08-11T15:13:00+00:00,3.0,complete,Focused regulars
USER-0200,ITEM-019,2025-08-11T15:16:00+00:00,2.0,save,Focused regulars
USER-0229,ITEM-013,2025-08-11T17:08:00+00:00,1.0,open,New explorers
USER-0027,ITEM-079,2025-08-11T17:14:00+00:00,1.0,open,Broad enthusiasts
USER-0054,ITEM-086,2025-08-11T17:21:00+00:00,2.0,save,Broad enthusiasts
USER-0134,ITEM-034,2025-08-11T18:12:00+00:00,3.0,complete,Focused regulars
USER-0141,ITEM-037,2025-08-11T19:13:00+00:00,1.0,open,Broad enthusiasts
USER-0119,ITEM-028,2025-08-11T19:16:00+00:00,1.0,open,Focused regulars
USER-0246,ITEM-046,2025-08-11T21:12:00+00:00,1.0,open,Broad enthusiasts
USER-0083,ITEM-080,2025-08-11T22:10:00+00:00,1.0,open,Focused regulars
USER-0097,ITEM-045,2025-08-12T07:07:00+00:00,1.0,open,New explorers
USER-0164,ITEM-093,2025-08-12T09:17:00+00:00,1.0,open,Focused regulars
USER-0073,ITEM-064,2025-08-12T10:11:00+00:00,1.0,open,New explorers
USER-0282,ITEM-001,2025-08-12T10:11:00+00:00,1.0,open,Broad enthusiasts
USER-0052,ITEM-016,2025-08-12T10:12:00+00:00,1.0,open,New explorers
USER-0238,ITEM-058,2025-08-12T11:04:00+00:00,1.0,open,New explorers
USER-0188,ITEM-089,2025-08-12T11:13:00+00:00,1.0,open,Focused regulars
USER-0147,ITEM-027,2025-08-12T11:15:00+00:00,1.0,open,Broad enthusiasts
USER-0290,ITEM-004,2025-08-12T12:15:00+00:00,3.0,complete,Focused regulars
USER-0297,ITEM-087,2025-08-12T13:26:00+00:00,1.0,open,Broad enthusiasts
USER-0268,ITEM-023,2025-08-12T14:05:00+00:00,1.0,open,New explorers
USER-0234,ITEM-025,2025-08-12T14:23:00+00:00,1.0,open,Broad enthusiasts
USER-0306,ITEM-037,2025-08-12T15:15:00+00:00,1.0,open,Broad enthusiasts
USER-0237,ITEM-090,2025-08-12T16:26:00+00:00,1.0,open,Broad enthusiasts
USER-0012,ITEM-025,2025-08-12T17:15:00+00:00,1.0,open,Broad enthusiasts
USER-0127,ITEM-095,2025-08-12T18:07:00+00:00,2.0,save,New explorers
USER-0007,ITEM-088,2025-08-12T18:10:00+00:00,3.0,complete,New explorers
USER-0058,ITEM-030,2025-08-12T18:10:00+00:00,1.0,open,New explorers
USER-0270,ITEM-012,2025-08-12T19:18:00+00:00,1.0,open,Broad enthusiasts
USER-0201,ITEM-037,2025-08-12T21:12:00+00:00,2.0,save,Broad enthusiasts
USER-0059,ITEM-067,2025-08-12T21:15:00+00:00,1.0,open,Focused regulars
USER-0304,ITEM-067,2025-08-12T22:08:00+00:00,1.0,open,New explorers
USER-0185,ITEM-004,2025-08-12T22:18:00+00:00,1.0,open,Focused regulars
USER-0106,ITEM-005,2025-08-13T07:06:00+00:00,1.0,open,New explorers
USER-0175,ITEM-025,2025-08-13T07:07:00+00:00,1.0,open,New explorers
USER-0171,ITEM-072,2025-08-13T07:23:00+00:00,1.0,open,Broad enthusiasts
USER-0067,ITEM-088,2025-08-13T11:15:00+00:00,1.0,open,New explorers
USER-0257,ITEM-063,2025-08-13T12:12:00+00:00,2.0,save,Focused regulars
USER-0123,ITEM-012,2025-08-13T12:15:00+00:00,1.0,open,Broad enthusiasts
USER-0017,ITEM-013,2025-08-13T13:11:00+00:00,3.0,complete,Focused regulars
USER-0077,ITEM-024,2025-08-13T13:13:00+00:00,1.0,open,Focused regulars
USER-0104,ITEM-039,2025-08-13T13:16:00+00:00,1.0,open,Focused regulars
USER-0088,ITEM-017,2025-08-13T14:13:00+00:00,1.0,open,New explorers
USER-0255,ITEM-092,2025-08-13T14:18:00+00:00,3.0,complete,Broad enthusiasts
USER-0085,ITEM-026,2025-08-13T16:04:00+00:00,1.0,open,New explorers
USER-0113,ITEM-084,2025-08-13T17:17:00+00:00,1.0,open,Focused regulars
USER-0195,ITEM-028,2025-08-13T17:19:00+00:00,2.0,save,Broad enthusiasts
USER-0155,ITEM-064,2025-08-13T18:05:00+00:00,1.0,open,Focused regulars
USER-0032,ITEM-014,2025-08-13T18:13:00+00:00,1.0,open,Focused regulars
USER-0271,ITEM-037,2025-08-13T19:05:00+00:00,1.0,open,New explorers
USER-0136,ITEM-027,2025-08-13T19:14:00+00:00,1.0,open,New explorers
USER-0266,ITEM-016,2025-08-13T20:19:00+00:00,1.0,open,Focused regulars
USER-0026,ITEM-058,2025-08-14T07:12:00+00:00,1.0,open,Focused regulars
USER-0260,ITEM-085,2025-08-14T09:14:00+00:00,1.0,open,Focused regulars
USER-0066,ITEM-026,2025-08-14T10:17:00+00:00,2.0,save,Broad enthusiasts
USER-0261,ITEM-080,2025-08-14T10:19:00+00:00,3.0,complete,Broad enthusiasts
USER-0315,ITEM-091,2025-08-14T11:19:00+00:00,1.0,open,Broad enthusiasts
USER-0306,ITEM-063,2025-08-14T12:16:00+00:00,2.0,save,Broad enthusiasts
USER-0094,ITEM-067,2025-08-14T13:06:00+00:00,3.0,complete,New explorers
USER-0006,ITEM-031,2025-08-14T13:12:00+00:00,2.0,save,Broad enthusiasts
USER-0011,ITEM-042,2025-08-14T13:12:00+00:00,1.0,open,Focused regulars
USER-0134,ITEM-014,2025-08-14T13:13:00+00:00,1.0,open,Focused regulars
USER-0092,ITEM-014,2025-08-14T13:17:00+00:00,2.0,save,Focused regulars
USER-0299,ITEM-020,2025-08-14T14:08:00+00:00,1.0,open,Focused regulars
USER-0050,ITEM-006,2025-08-14T15:13:00+00:00,1.0,open,Focused regulars
USER-0255,ITEM-056,2025-08-14T17:19:00+00:00,2.0,save,Broad enthusiasts
USER-0111,ITEM-080,2025-08-14T17:22:00+00:00,2.0,save,Broad enthusiasts
USER-0034,ITEM-023,2025-08-14T18:05:00+00:00,1.0,open,New explorers
USER-0100,ITEM-086,2025-08-14T18:09:00+00:00,2.0,save,New explorers
USER-0204,ITEM-014,2025-08-14T19:09:00+00:00,2.0,save,Broad enthusiasts
USER-0269,ITEM-073,2025-08-14T19:15:00+00:00,2.0,save,Focused regulars
USER-0252,ITEM-032,2025-08-14T20:19:00+00:00,3.0,complete,Broad enthusiasts
USER-0091,ITEM-028,2025-08-14T21:09:00+00:00,2.0,save,New explorers
USER-0081,ITEM-055,2025-08-14T21:14:00+00:00,1.0,open,Broad enthusiasts
USER-0240,ITEM-051,2025-08-14T21:16:00+00:00,1.0,open,Broad enthusiasts
USER-0251,ITEM-001,2025-08-14T22:11:00+00:00,1.0,open,Focused regulars
USER-0302,ITEM-046,2025-08-14T22:17:00+00:00,1.0,open,Focused regulars
USER-0100,ITEM-034,2025-08-15T07:10:00+00:00,1.0,open,New explorers
USER-0007,ITEM-003,2025-08-15T07:11:00+00:00,2.0,save,New explorers
USER-0217,ITEM-068,2025-08-15T08:06:00+00:00,2.0,save,New explorers
USER-0211,ITEM-083,2025-08-15T08:10:00+00:00,1.0,open,New explorers
USER-0050,ITEM-044,2025-08-15T08:14:00+00:00,3.0,complete,Focused regulars
USER-0169,ITEM-076,2025-08-15T10:05:00+00:00,2.0,save,New explorers
USER-0286,ITEM-011,2025-08-15T10:06:00+00:00,1.0,open,New explorers
USER-0298,ITEM-002,2025-08-15T10:06:00+00:00,2.0,save,New explorers
USER-0069,ITEM-019,2025-08-15T11:14:00+00:00,1.0,open,Broad enthusiasts
USER-0243,ITEM-082,2025-08-15T12:13:00+00:00,1.0,open,Broad enthusiasts
USER-0096,ITEM-093,2025-08-15T12:20:00+00:00,2.0,save,Broad enthusiasts
USER-0181,ITEM-091,2025-08-15T13:17:00+00:00,1.0,open,New explorers
USER-0067,ITEM-013,2025-08-15T14:16:00+00:00,1.0,open,New explorers
USER-0192,ITEM-042,2025-08-15T14:18:00+00:00,1.0,open,Broad enthusiasts
USER-0118,ITEM-051,2025-08-15T15:06:00+00:00,1.0,open,New explorers
USER-0103,ITEM-077,2025-08-15T15:10:00+00:00,1.0,open,New explorers
USER-0005,ITEM-038,2025-08-15T15:12:00+00:00,1.0,open,Focused regulars
USER-0068,ITEM-082,2025-08-15T16:19:00+00:00,1.0,open,Focused regulars
USER-0058,ITEM-079,2025-08-15T17:11:00+00:00,1.0,open,New explorers
USER-0041,ITEM-084,2025-08-15T17:15:00+00:00,1.0,open,Focused regulars
USER-0273,ITEM-086,2025-08-15T17:16:00+00:00,1.0,open,Broad enthusiasts
USER-0297,ITEM-026,2025-08-15T17:27:00+00:00,1.0,open,Broad enthusiasts
USER-0233,ITEM-039,2025-08-15T18:11:00+00:00,1.0,open,Focused regulars
USER-0185,ITEM-023,2025-08-15T18:19:00+00:00,1.0,open,Focused regulars
USER-0030,ITEM-069,2025-08-15T18:20:00+00:00,2.0,save,Broad enthusiasts
USER-0148,ITEM-016,2025-08-15T19:07:00+00:00,1.0,open,New explorers
USER-0164,ITEM-032,2025-08-15T19:18:00+00:00,3.0,complete,Focused regulars
USER-0302,ITEM-018,2025-08-15T19:18:00+00:00,1.0,open,Focused regulars
USER-0098,ITEM-031,2025-08-15T20:15:00+00:00,2.0,save,Focused regulars
USER-0200,ITEM-021,2025-08-15T20:17:00+00:00,1.0,open,Focused regulars
USER-0116,ITEM-023,2025-08-15T21:09:00+00:00,2.0,save,Focused regulars
USER-0280,ITEM-033,2025-08-15T21:12:00+00:00,1.0,open,New explorers
USER-0264,ITEM-084,2025-08-15T21:18:00+00:00,2.0,save,Broad enthusiasts
USER-0271,ITEM-042,2025-08-16T08:06:00+00:00,1.0,open,New explorers
USER-0294,ITEM-022,2025-08-16T08:20:00+00:00,1.0,open,Broad enthusiasts
USER-0239,ITEM-041,2025-08-16T09:09:00+00:00,1.0,open,Focused regulars
USER-0248,ITEM-054,2025-08-16T09:14:00+00:00,1.0,open,Focused regulars
USER-0240,ITEM-041,2025-08-16T09:17:00+00:00,1.0,open,Broad enthusiasts
USER-0043,ITEM-038,2025-08-16T10:06:00+00:00,3.0,complete,New explorers
USER-0012,ITEM-037,2025-08-16T10:16:00+00:00,1.0,open,Broad enthusiasts
USER-0177,ITEM-074,2025-08-16T11:12:00+00:00,1.0,open,Broad enthusiasts
USER-0121,ITEM-004,2025-08-16T12:11:00+00:00,2.0,save,New explorers
USER-0191,ITEM-052,2025-08-16T12:13:00+00:00,2.0,save,Focused regulars
USER-0123,ITEM-004,2025-08-16T12:16:00+00:00,2.0,save,Broad enthusiasts
USER-0196,ITEM-058,2025-08-16T13:10:00+00:00,1.0,open,New explorers
USER-0308,ITEM-079,2025-08-16T15:10:00+00:00,1.0,open,Focused regulars
USER-0001,ITEM-092,2025-08-16T15:11:00+00:00,3.0,complete,New explorers
USER-0277,ITEM-058,2025-08-16T15:11:00+00:00,2.0,save,New explorers
USER-0238,ITEM-082,2025-08-16T16:05:00+00:00,1.0,open,New explorers
USER-0030,ITEM-036,2025-08-16T16:21:00+00:00,1.0,open,Broad enthusiasts
USER-0160,ITEM-045,2025-08-16T17:07:00+00:00,3.0,complete,New explorers
USER-0225,ITEM-095,2025-08-16T17:13:00+00:00,1.0,open,Broad enthusiasts
USER-0165,ITEM-084,2025-08-16T17:23:00+00:00,1.0,open,Broad enthusiasts
USER-0034,ITEM-014,2025-08-16T18:06:00+00:00,1.0,open,New explorers
USER-0073,ITEM-086,2025-08-16T19:12:00+00:00,2.0,save,New explorers
USER-0072,ITEM-027,2025-08-16T20:23:00+00:00,1.0,open,Broad enthusiasts
USER-0199,ITEM-020,2025-08-16T21:08:00+00:00,2.0,save,New explorers
USER-0262,ITEM-011,2025-08-16T21:10:00+00:00,2.0,save,New explorers
USER-0042,ITEM-018,2025-08-16T22:18:00+00:00,3.0,complete,Broad enthusiasts
USER-0146,ITEM-050,2025-08-17T07:17:00+00:00,1.0,open,Focused regulars
USER-0203,ITEM-040,2025-08-17T07:22:00+00:00,2.0,save,Focused regulars
USER-0153,ITEM-063,2025-08-17T08:20:00+00:00,1.0,open,Broad enthusiasts
USER-0247,ITEM-021,2025-08-17T10:04:00+00:00,1.0,open,New explorers
USER-0293,ITEM-087,2025-08-17T10:11:00+00:00,1.0,open,Focused regulars
USER-0199,ITEM-032,2025-08-17T11:09:00+00:00,3.0,complete,New explorers
USER-0180,ITEM-055,2025-08-17T11:17:00+00:00,1.0,open,Broad enthusiasts
USER-0034,ITEM-069,2025-08-17T12:07:00+00:00,1.0,open,New explorers
USER-0050,ITEM-028,2025-08-17T13:15:00+00:00,1.0,open,Focused regulars
USER-0231,ITEM-025,2025-08-17T13:17:00+00:00,1.0,open,Broad enthusiasts
USER-0266,ITEM-082,2025-08-17T13:20:00+00:00,3.0,complete,Focused regulars
USER-0072,ITEM-064,2025-08-17T13:24:00+00:00,1.0,open,Broad enthusiasts
USER-0168,ITEM-071,2025-08-17T15:18:00+00:00,1.0,open,Broad enthusiasts
USER-0065,ITEM-093,2025-08-17T16:09:00+00:00,1.0,open,Focused regulars
USER-0041,ITEM-086,2025-08-17T16:16:00+00:00,1.0,open,Focused regulars
USER-0111,ITEM-096,2025-08-17T16:23:00+00:00,2.0,save,Broad enthusiasts
USER-0219,ITEM-077,2025-08-17T18:08:00+00:00,1.0,open,Broad enthusiasts
USER-0300,ITEM-053,2025-08-17T18:14:00+00:00,1.0,open,Broad enthusiasts
USER-0282,ITEM-082,2025-08-17T20:12:00+00:00,1.0,open,Broad enthusiasts
USER-0093,ITEM-033,2025-08-17T20:18:00+00:00,2.0,save,Broad enthusiasts
USER-0218,ITEM-054,2025-08-17T21:11:00+00:00,1.0,open,Focused regulars
USER-0005,ITEM-093,2025-08-17T21:13:00+00:00,1.0,open,Focused regulars
USER-0290,ITEM-029,2025-08-18T08:16:00+00:00,1.0,open,Focused regulars
USER-0287,ITEM-027,2025-08-18T10:07:00+00:00,1.0,open,Focused regulars
USER-0172,ITEM-041,2025-08-18T10:08:00+00:00,2.0,save,New explorers
USER-0194,ITEM-089,2025-08-18T11:13:00+00:00,2.0,save,Focused regulars
USER-0240,ITEM-044,2025-08-18T11:18:00+00:00,3.0,complete,Broad enthusiasts
USER-0133,ITEM-017,2025-08-18T12:07:00+00:00,1.0,open,New explorers
USER-0261,ITEM-064,2025-08-18T12:20:00+00:00,2.0,save,Broad enthusiasts
USER-0058,ITEM-003,2025-08-18T14:12:00+00:00,3.0,complete,New explorers
USER-0293,ITEM-025,2025-08-18T15:12:00+00:00,1.0,open,Focused regulars
USER-0045,ITEM-082,2025-08-18T15:13:00+00:00,2.0,save,Broad enthusiasts
USER-0105,ITEM-064,2025-08-18T16:16:00+00:00,1.0,open,Broad enthusiasts
USER-0097,ITEM-022,2025-08-18T17:08:00+00:00,2.0,save,New explorers
USER-0238,ITEM-025,2025-08-18T18:06:00+00:00,1.0,open,New explorers
USER-0191,ITEM-037,2025-08-18T19:14:00+00:00,1.0,open,Focused regulars
USER-0242,ITEM-034,2025-08-18T20:12:00+00:00,1.0,open,Focused regulars
USER-0176,ITEM-063,2025-08-18T20:15:00+00:00,2.0,save,Focused regulars
USER-0270,ITEM-095,2025-08-18T20:19:00+00:00,2.0,save,Broad enthusiasts
USER-0234,ITEM-037,2025-08-18T20:24:00+00:00,1.0,open,Broad enthusiasts
USER-0218,ITEM-076,2025-08-18T21:12:00+00:00,3.0,complete,Focused regulars
USER-0008,ITEM-084,2025-08-18T22:09:00+00:00,1.0,open,Focused regulars
USER-0281,ITEM-007,2025-08-18T22:14:00+00:00,1.0,open,Focused regulars
USER-0036,ITEM-080,2025-08-18T22:17:00+00:00,3.0,complete,Broad enthusiasts
USER-0203,ITEM-024,2025-08-18T22:23:00+00:00,1.0,open,Focused regulars
USER-0155,ITEM-042,2025-08-19T07:06:00+00:00,3.0,complete,Focused regulars
USER-0217,ITEM-020,2025-08-19T07:07:00+00:00,1.0,open,New explorers
USER-0068,ITEM-067,2025-08-19T08:20:00+00:00,2.0,save,Focused regulars
USER-0309,ITEM-054,2025-08-19T09:12:00+00:00,2.0,save,Broad enthusiasts
USER-0150,ITEM-064,2025-08-19T09:22:00+00:00,1.0,open,Broad enthusiasts
USER-0075,ITEM-083,2025-08-19T11:17:00+00:00,3.0,complete,Broad enthusiasts
USER-0234,ITEM-023,2025-08-19T13:25:00+00:00,1.0,open,Broad enthusiasts
USER-0163,ITEM-021,2025-08-19T14:08:00+00:00,1.0,open,New explorers
USER-0183,ITEM-023,2025-08-19T14:11:00+00:00,2.0,save,Broad enthusiasts
USER-0069,ITEM-087,2025-08-19T14:15:00+00:00,2.0,save,Broad enthusiasts
USER-0012,ITEM-044,2025-08-19T14:17:00+00:00,1.0,open,Broad enthusiasts
USER-0056,ITEM-007,2025-08-19T14:17:00+00:00,1.0,open,Focused regulars
USER-0143,ITEM-083,2025-08-19T15:12:00+00:00,1.0,open,Focused regulars
USER-0198,ITEM-063,2025-08-19T15:20:00+00:00,1.0,open,Broad enthusiasts
USER-0280,ITEM-027,2025-08-19T16:13:00+00:00,1.0,open,New explorers
USER-0176,ITEM-042,2025-08-19T16:16:00+00:00,1.0,open,Focused regulars
USER-0051,ITEM-017,2025-08-19T16:17:00+00:00,1.0,open,Broad enthusiasts
USER-0145,ITEM-025,2025-08-19T17:10:00+00:00,2.0,save,New explorers
USER-0046,ITEM-052,2025-08-19T19:06:00+00:00,1.0,open,New explorers
USER-0115,ITEM-001,2025-08-19T19:07:00+00:00,1.0,open,New explorers
USER-0204,ITEM-087,2025-08-19T19:10:00+00:00,3.0,complete,Broad enthusiasts
USER-0073,ITEM-021,2025-08-19T19:13:00+00:00,1.0,open,New explorers
USER-0084,ITEM-055,2025-08-19T19:18:00+00:00,1.0,open,Broad enthusiasts
USER-0285,ITEM-009,2025-08-19T21:14:00+00:00,1.0,open,Broad enthusiasts
USER-0119,ITEM-005,2025-08-19T21:17:00+00:00,1.0,open,Focused regulars
USER-0267,ITEM-095,2025-08-19T22:16:00+00:00,1.0,open,Broad enthusiasts
USER-0144,ITEM-014,2025-08-19T22:19:00+00:00,1.0,open,Broad enthusiasts
USER-0164,ITEM-074,2025-08-19T22:19:00+00:00,3.0,complete,Focused regulars
USER-0151,ITEM-083,2025-08-20T08:10:00+00:00,2.0,save,New explorers
USER-0040,ITEM-062,2025-08-20T09:03:00+00:00,1.0,open,New explorers
USER-0265,ITEM-063,2025-08-20T09:11:00+00:00,1.0,open,New explorers
USER-0288,ITEM-043,2025-08-20T09:19:00+00:00,1.0,open,Broad enthusiasts
USER-0078,ITEM-032,2025-08-20T09:20:00+00:00,1.0,open,Broad enthusiasts
USER-0107,ITEM-046,2025-08-20T10:12:00+00:00,2.0,save,Focused regulars
USER-0214,ITEM-040,2025-08-20T12:02:00+00:00,1.0,open,New explorers
USER-0150,ITEM-077,2025-08-20T13:23:00+00:00,1.0,open,Broad enthusiasts
USER-0125,ITEM-063,2025-08-20T15:09:00+00:00,2.0,save,Focused regulars
USER-0205,ITEM-044,2025-08-20T16:06:00+00:00,1.0,open,New explorers
USER-0315,ITEM-080,2025-08-20T16:20:00+00:00,2.0,save,Broad enthusiasts
USER-0170,ITEM-082,2025-08-20T17:13:00+00:00,1.0,open,Focused regulars
USER-0071,ITEM-044,2025-08-20T18:07:00+00:00,1.0,open,Focused regulars
USER-0201,ITEM-079,2025-08-20T18:13:00+00:00,2.0,save,Broad enthusiasts
USER-0258,ITEM-024,2025-08-20T18:15:00+00:00,2.0,save,Broad enthusiasts
USER-0059,ITEM-032,2025-08-20T18:16:00+00:00,1.0,open,Focused regulars
USER-0096,ITEM-002,2025-08-20T19:21:00+00:00,1.0,open,Broad enthusiasts
USER-0213,ITEM-083,2025-08-20T19:21:00+00:00,2.0,save,Broad enthusiasts
USER-0080,ITEM-005,2025-08-20T20:22:00+00:00,1.0,open,Focused regulars
USER-0267,ITEM-070,2025-08-20T21:17:00+00:00,2.0,save,Broad enthusiasts
USER-0057,ITEM-081,2025-08-20T22:13:00+00:00,3.0,complete,Broad enthusiasts
USER-0155,ITEM-008,2025-08-21T07:07:00+00:00,2.0,save,Focused regulars
USER-0066,ITEM-020,2025-08-21T07:18:00+00:00,1.0,open,Broad enthusiasts
USER-0149,ITEM-057,2025-08-21T09:15:00+00:00,1.0,open,Focused regulars
USER-0270,ITEM-091,2025-08-21T09:20:00+00:00,1.0,open,Broad enthusiasts
USER-0173,ITEM-062,2025-08-21T10:13:00+00:00,3.0,complete,Focused regulars
USER-0033,ITEM-037,2025-08-21T10:16:00+00:00,1.0,open,Broad enthusiasts
USER-0258,ITEM-033,2025-08-21T10:16:00+00:00,1.0,open,Broad enthusiasts
USER-0273,ITEM-072,2025-08-21T10:17:00+00:00,2.0,save,Broad enthusiasts
USER-0017,ITEM-093,2025-08-21T11:12:00+00:00,1.0,open,Focused regulars
USER-0081,ITEM-037,2025-08-21T11:15:00+00:00,1.0,open,Broad enthusiasts
USER-0013,ITEM-071,2025-08-21T12:12:00+00:00,1.0,open,New explorers
USER-0120,ITEM-005,2025-08-21T12:17:00+00:00,1.0,open,Broad enthusiasts
USER-0123,ITEM-011,2025-08-21T12:17:00+00:00,3.0,complete,Broad enthusiasts
USER-0156,ITEM-022,2025-08-21T12:19:00+00:00,2.0,save,Broad enthusiasts
USER-0115,ITEM-071,2025-08-21T13:08:00+00:00,1.0,open,New explorers
USER-0206,ITEM-037,2025-08-21T13:18:00+00:00,1.0,open,Focused regulars
USER-0185,ITEM-028,2025-08-21T13:20:00+00:00,1.0,open,Focused regulars
USER-0160,ITEM-014,2025-08-21T14:08:00+00:00,2.0,save,New explorers
USER-0097,ITEM-095,2025-08-21T14:09:00+00:00,1.0,open,New explorers
USER-0038,ITEM-021,2025-08-21T15:14:00+00:00,1.0,open,Focused regulars
USER-0188,ITEM-088,2025-08-21T16:14:00+00:00,2.0,save,Focused regulars
USER-0036,ITEM-002,2025-08-21T16:18:00+00:00,1.0,open,Broad enthusiasts
USER-0253,ITEM-094,2025-08-21T17:09:00+00:00,1.0,open,New explorers
USER-0187,ITEM-043,2025-08-21T18:04:00+00:00,2.0,save,New explorers
USER-0311,ITEM-046,2025-08-21T18:07:00+00:00,1.0,open,Focused regulars
USER-0215,ITEM-008,2025-08-21T19:15:00+00:00,1.0,open,Focused regulars
USER-0183,ITEM-018,2025-08-21T20:12:00+00:00,1.0,open,Broad enthusiasts
USER-0085,ITEM-058,2025-08-21T21:05:00+00:00,1.0,open,New explorers
USER-0236,ITEM-084,2025-08-21T21:09:00+00:00,2.0,save,Focused regulars
USER-0232,ITEM-086,2025-08-21T21:10:00+00:00,1.0,open,New explorers
USER-0276,ITEM-070,2025-08-21T21:15:00+00:00,3.0,complete,Broad enthusiasts
USER-0098,ITEM-081,2025-08-21T21:16:00+00:00,1.0,open,Focused regulars
USER-0240,ITEM-002,2025-08-21T21:19:00+00:00,1.0,open,Broad enthusiasts
USER-0243,ITEM-041,2025-08-21T22:14:00+00:00,1.0,open,Broad enthusiasts
USER-0260,ITEM-095,2025-08-21T22:15:00+00:00,1.0,open,Focused regulars
USER-0090,ITEM-054,2025-08-21T22:17:00+00:00,1.0,open,Broad enthusiasts
USER-0216,ITEM-069,2025-08-21T22:17:00+00:00,1.0,open,Broad enthusiasts
USER-0163,ITEM-053,2025-08-22T07:09:00+00:00,1.0,open,New explorers
USER-0284,ITEM-081,2025-08-22T07:15:00+00:00,3.0,complete,Focused regulars
USER-0065,ITEM-069,2025-08-22T08:10:00+00:00,2.0,save,Focused regulars
USER-0243,ITEM-030,2025-08-22T08:15:00+00:00,2.0,save,Broad enthusiasts
USER-0171,ITEM-016,2025-08-22T09:24:00+00:00,1.0,open,Broad enthusiasts
USER-0095,ITEM-004,2025-08-22T12:14:00+00:00,1.0,open,Focused regulars
USER-0004,ITEM-065,2025-08-22T13:06:00+00:00,1.0,open,New explorers
USER-0021,ITEM-079,2025-08-22T13:13:00+00:00,3.0,complete,Broad enthusiasts
USER-0039,ITEM-011,2025-08-22T14:16:00+00:00,1.0,open,Broad enthusiasts
USER-0271,ITEM-082,2025-08-22T16:07:00+00:00,1.0,open,New explorers
USER-0026,ITEM-005,2025-08-22T17:13:00+00:00,1.0,open,Focused regulars
USER-0240,ITEM-083,2025-08-22T17:20:00+00:00,1.0,open,Broad enthusiasts
USER-0301,ITEM-014,2025-08-22T18:12:00+00:00,1.0,open,New explorers
USER-0225,ITEM-082,2025-08-22T18:14:00+00:00,1.0,open,Broad enthusiasts
USER-0252,ITEM-037,2025-08-22T18:20:00+00:00,2.0,save,Broad enthusiasts
USER-0255,ITEM-064,2025-08-22T18:20:00+00:00,2.0,save,Broad enthusiasts
USER-0249,ITEM-043,2025-08-22T18:21:00+00:00,1.0,open,Broad enthusiasts
USER-0114,ITEM-048,2025-08-22T19:10:00+00:00,3.0,complete,Broad enthusiasts
USER-0083,ITEM-086,2025-08-22T19:11:00+00:00,3.0,complete,Focused regulars
USER-0134,ITEM-093,2025-08-22T19:14:00+00:00,1.0,open,Focused regulars
USER-0312,ITEM-027,2025-08-22T20:11:00+00:00,2.0,save,Broad enthusiasts
USER-0035,ITEM-039,2025-08-22T20:18:00+00:00,2.0,save,Focused regulars
USER-0313,ITEM-054,2025-08-22T21:04:00+00:00,1.0,open,New explorers
USER-0299,ITEM-028,2025-08-22T22:09:00+00:00,2.0,save,Focused regulars
USER-0260,ITEM-073,2025-08-23T08:16:00+00:00,1.0,open,Focused regulars
USER-0093,ITEM-073,2025-08-23T08:19:00+00:00,1.0,open,Broad enthusiasts
USER-0265,ITEM-033,2025-08-23T09:12:00+00:00,1.0,open,New explorers
USER-0105,ITEM-020,2025-08-23T11:17:00+00:00,1.0,open,Broad enthusiasts
USER-0028,ITEM-049,2025-08-23T13:04:00+00:00,2.0,save,New explorers
USER-0137,ITEM-031,2025-08-23T14:11:00+00:00,1.0,open,Focused regulars
USER-0024,ITEM-067,2025-08-23T14:14:00+00:00,2.0,save,Broad enthusiasts
USER-0233,ITEM-013,2025-08-23T15:12:00+00:00,1.0,open,Focused regulars
USER-0051,ITEM-063,2025-08-23T15:18:00+00:00,1.0,open,Broad enthusiasts
USER-0063,ITEM-079,2025-08-23T16:19:00+00:00,1.0,open,Broad enthusiasts
USER-0027,ITEM-018,2025-08-23T18:15:00+00:00,1.0,open,Broad enthusiasts
USER-0075,ITEM-011,2025-08-23T18:18:00+00:00,2.0,save,Broad enthusiasts
USER-0168,ITEM-063,2025-08-23T19:19:00+00:00,2.0,save,Broad enthusiasts
USER-0197,ITEM-028,2025-08-23T20:12:00+00:00,3.0,complete,Focused regulars
USER-0302,ITEM-058,2025-08-23T20:19:00+00:00,1.0,open,Focused regulars
USER-0005,ITEM-040,2025-08-23T21:14:00+00:00,1.0,open,Focused regulars
USER-0203,ITEM-022,2025-08-23T21:24:00+00:00,1.0,open,Focused regulars
USER-0224,ITEM-037,2025-08-23T22:10:00+00:00,3.0,complete,Focused regulars
USER-0298,ITEM-067,2025-08-24T07:07:00+00:00,2.0,save,New explorers
USER-0071,ITEM-090,2025-08-24T07:08:00+00:00,2.0,save,Focused regulars
USER-0294,ITEM-018,2025-08-24T07:21:00+00:00,1.0,open,Broad enthusiasts
USER-0285,ITEM-037,2025-08-24T09:15:00+00:00,1.0,open,Broad enthusiasts
USER-0066,ITEM-010,2025-08-24T09:19:00+00:00,1.0,open,Broad enthusiasts
USER-0295,ITEM-083,2025-08-24T10:10:00+00:00,3.0,complete,New explorers
USER-0313,ITEM-084,2025-08-24T12:05:00+00:00,1.0,open,New explorers
USER-0254,ITEM-054,2025-08-24T12:14:00+00:00,1.0,open,Focused regulars
USER-0158,ITEM-045,2025-08-24T12:17:00+00:00,1.0,open,Focused regulars
USER-0016,ITEM-091,2025-08-24T13:10:00+00:00,1.0,open,New explorers
USER-0048,ITEM-082,2025-08-24T13:15:00+00:00,1.0,open,Broad enthusiasts
USER-0003,ITEM-084,2025-08-24T13:17:00+00:00,1.0,open,Broad enthusiasts
USER-0267,ITEM-054,2025-08-24T15:18:00+00:00,1.0,open,Broad enthusiasts
USER-0185,ITEM-033,2025-08-24T15:21:00+00:00,2.0,save,Focused regulars
USER-0207,ITEM-011,2025-08-24T16:15:00+00:00,1.0,open,Broad enthusiasts
USER-0132,ITEM-075,2025-08-24T16:21:00+00:00,1.0,open,Broad enthusiasts
USER-0076,ITEM-034,2025-08-24T19:08:00+00:00,1.0,open,New explorers
USER-0084,ITEM-072,2025-08-24T19:19:00+00:00,1.0,open,Broad enthusiasts
USER-0214,ITEM-054,2025-08-24T21:03:00+00:00,1.0,open,New explorers
USER-0143,ITEM-086,2025-08-24T21:13:00+00:00,3.0,complete,Focused regulars
USER-0165,ITEM-063,2025-08-24T21:24:00+00:00,1.0,open,Broad enthusiasts
USER-0196,ITEM-054,2025-08-24T22:11:00+00:00,1.0,open,New explorers
USER-0186,ITEM-027,2025-08-24T22:14:00+00:00,1.0,open,Broad enthusiasts
USER-0320,ITEM-041,2025-08-25T07:09:00+00:00,3.0,complete,Focused regulars
USER-0030,ITEM-027,2025-08-25T07:22:00+00:00,1.0,open,Broad enthusiasts
USER-0283,ITEM-028,2025-08-25T09:06:00+00:00,2.0,save,New explorers
USER-0188,ITEM-045,2025-08-25T10:15:00+00:00,3.0,complete,Focused regulars
USER-0206,ITEM-049,2025-08-25T10:19:00+00:00,1.0,open,Focused regulars
USER-0096,ITEM-014,2025-08-25T10:22:00+00:00,1.0,open,Broad enthusiasts
USER-0183,ITEM-039,2025-08-25T11:13:00+00:00,1.0,open,Broad enthusiasts
USER-0237,ITEM-037,2025-08-25T11:27:00+00:00,1.0,open,Broad enthusiasts
USER-0245,ITEM-033,2025-08-25T12:05:00+00:00,1.0,open,Focused regulars
USER-0233,ITEM-066,2025-08-25T12:13:00+00:00,1.0,open,Focused regulars
USER-0255,ITEM-094,2025-08-25T12:21:00+00:00,1.0,open,Broad enthusiasts
USER-0140,ITEM-052,2025-08-25T13:10:00+00:00,1.0,open,Focused regulars
USER-0021,ITEM-001,2025-08-25T14:14:00+00:00,1.0,open,Broad enthusiasts
USER-0231,ITEM-019,2025-08-25T14:18:00+00:00,1.0,open,Broad enthusiasts
USER-0044,ITEM-028,2025-08-25T15:11:00+00:00,1.0,open,Focused regulars
USER-0057,ITEM-060,2025-08-25T15:14:00+00:00,1.0,open,Broad enthusiasts
USER-0214,ITEM-079,2025-08-25T17:04:00+00:00,3.0,complete,New explorers
USER-0132,ITEM-096,2025-08-25T17:22:00+00:00,1.0,open,Broad enthusiasts
USER-0213,ITEM-043,2025-08-25T17:22:00+00:00,1.0,open,Broad enthusiasts
USER-0271,ITEM-046,2025-08-25T18:08:00+00:00,2.0,save,New explorers
USER-0277,ITEM-039,2025-08-25T18:12:00+00:00,1.0,open,New explorers
USER-0066,ITEM-072,2025-08-25T18:20:00+00:00,1.0,open,Broad enthusiasts
USER-0144,ITEM-005,2025-08-25T18:20:00+00:00,1.0,open,Broad enthusiasts
USER-0086,ITEM-063,2025-08-25T19:14:00+00:00,2.0,save,Focused regulars
USER-0228,ITEM-017,2025-08-25T19:15:00+00:00,2.0,save,Broad enthusiasts
USER-0018,ITEM-060,2025-08-25T19:21:00+00:00,1.0,open,Broad enthusiasts
USER-0207,ITEM-082,2025-08-25T22:16:00+00:00,2.0,save,Broad enthusiasts
USER-0238,ITEM-083,2025-08-26T09:07:00+00:00,1.0,open,New explorers
USER-0204,ITEM-078,2025-08-26T12:11:00+00:00,1.0,open,Broad enthusiasts
USER-0194,ITEM-002,2025-08-26T12:14:00+00:00,1.0,open,Focused regulars
USER-0305,ITEM-072,2025-08-26T13:08:00+00:00,1.0,open,Focused regulars
USER-0008,ITEM-093,2025-08-26T13:10:00+00:00,1.0,open,Focused regulars
USER-0177,ITEM-027,2025-08-26T13:13:00+00:00,1.0,open,Broad enthusiasts
USER-0224,ITEM-083,2025-08-26T14:11:00+00:00,1.0,open,Focused regulars
USER-0102,ITEM-056,2025-08-26T14:12:00+00:00,1.0,open,Broad enthusiasts
USER-0227,ITEM-037,2025-08-26T14:17:00+00:00,1.0,open,Focused regulars
USER-0246,ITEM-093,2025-08-26T15:13:00+00:00,1.0,open,Broad enthusiasts
USER-0283,ITEM-035,2025-08-26T16:07:00+00:00,1.0,open,New explorers
USER-0042,ITEM-064,2025-08-26T16:19:00+00:00,1.0,open,Broad enthusiasts
USER-0252,ITEM-063,2025-08-26T16:21:00+00:00,3.0,complete,Broad enthusiasts
USER-0121,ITEM-063,2025-08-26T17:12:00+00:00,1.0,open,New explorers
USER-0094,ITEM-063,2025-08-26T18:07:00+00:00,1.0,open,New explorers
USER-0005,ITEM-065,2025-08-26T18:15:00+00:00,1.0,open,Focused regulars
USER-0041,ITEM-069,2025-08-26T18:17:00+00:00,1.0,open,Focused regulars
USER-0138,ITEM-042,2025-08-26T21:16:00+00:00,3.0,complete,Broad enthusiasts
USER-0135,ITEM-084,2025-08-26T21:25:00+00:00,3.0,complete,Broad enthusiasts
USER-0057,ITEM-002,2025-08-26T22:15:00+00:00,1.0,open,Broad enthusiasts
USER-0289,ITEM-030,2025-08-27T08:08:00+00:00,1.0,open,New explorers
USER-0139,ITEM-082,2025-08-27T10:09:00+00:00,1.0,open,New explorers
USER-0186,ITEM-086,2025-08-27T10:15:00+00:00,1.0,open,Broad enthusiasts
USER-0213,ITEM-093,2025-08-27T10:23:00+00:00,3.0,complete,Broad enthusiasts
USER-0131,ITEM-040,2025-08-27T13:11:00+00:00,1.0,open,Focused regulars
USER-0174,ITEM-079,2025-08-27T14:16:00+00:00,1.0,open,Broad enthusiasts
USER-0024,ITEM-031,2025-08-27T16:15:00+00:00,1.0,open,Broad enthusiasts
USER-0315,ITEM-093,2025-08-27T16:21:00+00:00,1.0,open,Broad enthusiasts
USER-0080,ITEM-063,2025-08-27T16:23:00+00:00,2.0,save,Focused regulars
USER-0300,ITEM-040,2025-08-27T17:15:00+00:00,1.0,open,Broad enthusiasts
USER-0093,ITEM-069,2025-08-27T18:20:00+00:00,1.0,open,Broad enthusiasts
USER-0144,ITEM-027,2025-08-27T18:21:00+00:00,3.0,complete,Broad enthusiasts
USER-0018,ITEM-030,2025-08-27T19:22:00+00:00,1.0,open,Broad enthusiasts
USER-0294,ITEM-037,2025-08-27T20:22:00+00:00,1.0,open,Broad enthusiasts
USER-0005,ITEM-039,2025-08-27T21:16:00+00:00,1.0,open,Focused regulars
USER-0220,ITEM-052,2025-08-27T22:07:00+00:00,1.0,open,New explorers
USER-0277,ITEM-063,2025-08-27T22:13:00+00:00,2.0,save,New explorers
USER-0209,ITEM-091,2025-08-27T22:14:00+00:00,1.0,open,Focused regulars
USER-0049,ITEM-023,2025-08-28T07:09:00+00:00,1.0,open,New explorers
USER-0071,ITEM-076,2025-08-28T07:09:00+00:00,2.0,save,Focused regulars
USER-0173,ITEM-002,2025-08-28T08:14:00+00:00,3.0,complete,Focused regulars
USER-0175,ITEM-031,2025-08-28T10:08:00+00:00,1.0,open,New explorers
USER-0176,ITEM-033,2025-08-28T10:17:00+00:00,3.0,complete,Focused regulars
USER-0164,ITEM-033,2025-08-28T10:20:00+00:00,1.0,open,Focused regulars
USER-0157,ITEM-034,2025-08-28T13:09:00+00:00,1.0,open,New explorers
USER-0006,ITEM-002,2025-08-28T13:13:00+00:00,1.0,open,Broad enthusiasts
USER-0077,ITEM-069,2025-08-28T13:14:00+00:00,1.0,open,Focused regulars
USER-0138,ITEM-013,2025-08-28T13:17:00+00:00,1.0,open,Broad enthusiasts
USER-0193,ITEM-060,2025-08-28T14:08:00+00:00,2.0,save,New explorers
USER-0211,ITEM-031,2025-08-28T14:11:00+00:00,1.0,open,New explorers
USER-0092,ITEM-044,2025-08-28T14:18:00+00:00,2.0,save,Focused regulars
USER-0229,ITEM-081,2025-08-28T15:09:00+00:00,3.0,complete,New explorers
USER-0218,ITEM-052,2025-08-28T16:13:00+00:00,2.0,save,Focused regulars
USER-0273,ITEM-068,2025-08-28T16:18:00+00:00,1.0,open,Broad enthusiasts
USER-0274,ITEM-053,2025-08-28T17:05:00+00:00,1.0,open,New explorers
USER-0147,ITEM-047,2025-08-28T17:16:00+00:00,1.0,open,Broad enthusiasts
USER-0246,ITEM-084,2025-08-28T18:14:00+00:00,1.0,open,Broad enthusiasts
USER-0150,ITEM-083,2025-08-28T18:24:00+00:00,2.0,save,Broad enthusiasts
USER-0184,ITEM-053,2025-08-28T19:05:00+00:00,1.0,open,New explorers
USER-0309,ITEM-070,2025-08-28T19:13:00+00:00,3.0,complete,Broad enthusiasts
USER-0026,ITEM-055,2025-08-28T19:14:00+00:00,1.0,open,Focused regulars
USER-0254,ITEM-095,2025-08-28T21:15:00+00:00,1.0,open,Focused regulars
USER-0012,ITEM-014,2025-08-28T21:18:00+00:00,1.0,open,Broad enthusiasts
USER-0225,ITEM-064,2025-08-28T22:15:00+00:00,1.0,open,Broad enthusiasts
USER-0288,ITEM-077,2025-08-28T22:20:00+00:00,1.0,open,Broad enthusiasts
USER-0127,ITEM-067,2025-08-29T07:08:00+00:00,1.0,open,New explorers
USER-0250,ITEM-026,2025-08-29T08:05:00+00:00,1.0,open,New explorers
USER-0064,ITEM-045,2025-08-29T08:09:00+00:00,2.0,save,New explorers
USER-0027,ITEM-051,2025-08-29T08:16:00+00:00,1.0,open,Broad enthusiasts
USER-0311,ITEM-094,2025-08-29T10:08:00+00:00,2.0,save,Focused regulars
USER-0109,ITEM-039,2025-08-29T11:07:00+00:00,1.0,open,New explorers
USER-0232,ITEM-074,2025-08-29T11:11:00+00:00,1.0,open,New explorers
USER-0175,ITEM-056,2025-08-29T12:09:00+00:00,1.0,open,New explorers
USER-0287,ITEM-053,2025-08-29T13:08:00+00:00,1.0,open,Focused regulars
USER-0152,ITEM-089,2025-08-29T13:11:00+00:00,1.0,open,Focused regulars
USER-0264,ITEM-022,2025-08-29T13:19:00+00:00,1.0,open,Broad enthusiasts
USER-0179,ITEM-062,2025-08-29T15:11:00+00:00,1.0,open,Focused regulars
USER-0183,ITEM-041,2025-08-29T15:14:00+00:00,1.0,open,Broad enthusiasts
USER-0077,ITEM-055,2025-08-29T15:15:00+00:00,1.0,open,Focused regulars
USER-0269,ITEM-025,2025-08-29T15:16:00+00:00,1.0,open,Focused regulars
USER-0107,ITEM-079,2025-08-29T16:13:00+00:00,2.0,save,Focused regulars
USER-0242,ITEM-062,2025-08-29T17:13:00+00:00,2.0,save,Focused regulars
USER-0198,ITEM-002,2025-08-29T17:21:00+00:00,3.0,complete,Broad enthusiasts
USER-0074,ITEM-016,2025-08-29T18:18:00+00:00,2.0,save,Focused regulars
USER-0062,ITEM-020,2025-08-29T20:10:00+00:00,1.0,open,Focused regulars
USER-0168,ITEM-069,2025-08-29T21:20:00+00:00,1.0,open,Broad enthusiasts
USER-0104,ITEM-079,2025-08-30T07:17:00+00:00,1.0,open,Focused regulars
USER-0006,ITEM-004,2025-08-30T08:14:00+00:00,1.0,open,Broad enthusiasts
USER-0163,ITEM-018,2025-08-30T09:10:00+00:00,2.0,save,New explorers
USER-0188,ITEM-065,2025-08-30T09:16:00+00:00,3.0,complete,Focused regulars
USER-0217,ITEM-012,2025-08-30T12:08:00+00:00,1.0,open,New explorers
USER-0220,ITEM-081,2025-08-30T12:08:00+00:00,2.0,save,New explorers
USER-0288,ITEM-085,2025-08-30T12:21:00+00:00,2.0,save,Broad enthusiasts
USER-0204,ITEM-066,2025-08-30T13:12:00+00:00,1.0,open,Broad enthusiasts
USER-0266,ITEM-005,2025-08-30T13:21:00+00:00,3.0,complete,Focused regulars
USER-0096,ITEM-032,2025-08-30T13:23:00+00:00,1.0,open,Broad enthusiasts
USER-0234,ITEM-001,2025-08-30T13:26:00+00:00,2.0,save,Broad enthusiasts
USER-0034,ITEM-027,2025-08-30T14:08:00+00:00,2.0,save,New explorers
USER-0134,ITEM-013,2025-08-30T14:15:00+00:00,1.0,open,Focused regulars
USER-0255,ITEM-029,2025-08-30T14:22:00+00:00,1.0,open,Broad enthusiasts
USER-0117,ITEM-067,2025-08-30T15:12:00+00:00,1.0,open,Broad enthusiasts
USER-0307,ITEM-045,2025-08-30T15:13:00+00:00,1.0,open,New explorers
USER-0132,ITEM-018,2025-08-30T15:23:00+00:00,1.0,open,Broad enthusiasts
USER-0097,ITEM-062,2025-08-30T16:10:00+00:00,2.0,save,New explorers
USER-0212,ITEM-020,2025-08-30T16:10:00+00:00,1.0,open,Focused regulars
USER-0108,ITEM-077,2025-08-30T16:16:00+00:00,1.0,open,Broad enthusiasts
USER-0202,ITEM-084,2025-08-30T18:11:00+00:00,1.0,open,New explorers
USER-0166,ITEM-003,2025-08-30T19:11:00+00:00,1.0,open,New explorers
USER-0103,ITEM-039,2025-08-30T20:11:00+00:00,1.0,open,New explorers
USER-0281,ITEM-067,2025-08-30T20:15:00+00:00,1.0,open,Focused regulars
USER-0270,ITEM-041,2025-08-30T20:21:00+00:00,3.0,complete,Broad enthusiasts
USER-0135,ITEM-002,2025-08-30T20:26:00+00:00,1.0,open,Broad enthusiasts
USER-0214,ITEM-095,2025-08-30T21:05:00+00:00,2.0,save,New explorers
USER-0224,ITEM-004,2025-08-30T22:12:00+00:00,2.0,save,Focused regulars
USER-0101,ITEM-055,2025-08-30T22:13:00+00:00,3.0,complete,Focused regulars
USER-0171,ITEM-014,2025-08-30T22:25:00+00:00,2.0,save,Broad enthusiasts
USER-0043,ITEM-086,2025-08-31T07:07:00+00:00,2.0,save,New explorers
USER-0301,ITEM-018,2025-08-31T07:13:00+00:00,1.0,open,New explorers
USER-0053,ITEM-055,2025-08-31T08:09:00+00:00,2.0,save,Focused regulars
USER-0168,ITEM-047,2025-08-31T08:21:00+00:00,1.0,open,Broad enthusiasts
USER-0086,ITEM-083,2025-08-31T09:15:00+00:00,3.0,complete,Focused regulars
USER-0029,ITEM-054,2025-08-31T10:10:00+00:00,1.0,open,Focused regulars
USER-0251,ITEM-042,2025-08-31T10:12:00+00:00,1.0,open,Focused regulars
USER-0077,ITEM-086,2025-08-31T10:16:00+00:00,1.0,open,Focused regulars
USER-0281,ITEM-019,2025-08-31T10:16:00+00:00,1.0,open,Focused regulars
USER-0110,ITEM-055,2025-08-31T11:14:00+00:00,1.0,open,Focused regulars
USER-0070,ITEM-024,2025-08-31T12:06:00+00:00,3.0,complete,New explorers
USER-0297,ITEM-072,2025-08-31T15:28:00+00:00,1.0,open,Broad enthusiasts
USER-0124,ITEM-011,2025-08-31T16:09:00+00:00,2.0,save,New explorers
USER-0084,ITEM-052,2025-08-31T22:20:00+00:00,1.0,open,Broad enthusiasts
USER-0246,ITEM-082,2025-09-01T09:15:00+00:00,3.0,complete,Broad enthusiasts
USER-0087,ITEM-063,2025-09-01T09:19:00+00:00,1.0,open,Broad enthusiasts
USER-0279,ITEM-062,2025-09-01T09:19:00+00:00,1.0,open,Broad enthusiasts
USER-0080,ITEM-011,2025-09-01T09:24:00+00:00,2.0,save,Focused regulars
USER-0150,ITEM-017,2025-09-01T09:25:00+00:00,1.0,open,Broad enthusiasts
USER-0155,ITEM-056,2025-09-01T10:08:00+00:00,1.0,open,Focused regulars
USER-0320,ITEM-084,2025-09-01T11:10:00+00:00,1.0,open,Focused regulars
USER-0192,ITEM-028,2025-09-01T11:19:00+00:00,1.0,open,Broad enthusiasts
USER-0213,ITEM-062,2025-09-01T11:24:00+00:00,1.0,open,Broad enthusiasts
USER-0268,ITEM-044,2025-09-01T13:06:00+00:00,3.0,complete,New explorers
USER-0114,ITEM-028,2025-09-01T13:11:00+00:00,1.0,open,Broad enthusiasts
USER-0288,ITEM-075,2025-09-01T13:22:00+00:00,1.0,open,Broad enthusiasts
USER-0070,ITEM-083,2025-09-01T14:07:00+00:00,3.0,complete,New explorers
USER-0187,ITEM-011,2025-09-01T15:05:00+00:00,1.0,open,New explorers
USER-0112,ITEM-088,2025-09-01T15:09:00+00:00,1.0,open,New explorers
USER-0248,ITEM-007,2025-09-01T15:15:00+00:00,1.0,open,Focused regulars
USER-0147,ITEM-072,2025-09-01T15:17:00+00:00,1.0,open,Broad enthusiasts
USER-0266,ITEM-013,2025-09-01T15:22:00+00:00,1.0,open,Focused regulars
USER-0132,ITEM-032,2025-09-01T15:24:00+00:00,1.0,open,Broad enthusiasts
USER-0127,ITEM-007,2025-09-01T16:09:00+00:00,2.0,save,New explorers
USER-0169,ITEM-055,2025-09-01T17:06:00+00:00,2.0,save,New explorers
USER-0048,ITEM-060,2025-09-01T17:16:00+00:00,1.0,open,Broad enthusiasts
USER-0020,ITEM-094,2025-09-01T18:12:00+00:00,1.0,open,Focused regulars
USER-0245,ITEM-001,2025-09-01T19:06:00+00:00,2.0,save,Focused regulars
USER-0129,ITEM-064,2025-09-01T19:17:00+00:00,1.0,open,Broad enthusiasts
USER-0047,ITEM-086,2025-09-01T21:10:00+00:00,1.0,open,Focused regulars
USER-0060,ITEM-072,2025-09-01T22:16:00+00:00,3.0,complete,Broad enthusiasts
USER-0083,ITEM-055,2025-09-02T07:12:00+00:00,3.0,complete,Focused regulars
USER-0006,ITEM-071,2025-09-02T08:15:00+00:00,3.0,complete,Broad enthusiasts
USER-0053,ITEM-074,2025-09-02T09:10:00+00:00,1.0,open,Focused regulars
USER-0048,ITEM-056,2025-09-02T09:17:00+00:00,2.0,save,Broad enthusiasts
USER-0013,ITEM-069,2025-09-02T10:13:00+00:00,2.0,save,New explorers
USER-0238,ITEM-040,2025-09-02T11:08:00+00:00,1.0,open,New explorers
USER-0164,ITEM-048,2025-09-02T11:21:00+00:00,3.0,complete,Focused regulars
USER-0198,ITEM-081,2025-09-02T11:22:00+00:00,1.0,open,Broad enthusiasts
USER-0092,ITEM-061,2025-09-02T12:19:00+00:00,1.0,open,Focused regulars
USER-0148,ITEM-083,2025-09-02T14:08:00+00:00,1.0,open,New explorers
USER-0108,ITEM-048,2025-09-02T14:17:00+00:00,1.0,open,Broad enthusiasts
USER-0066,ITEM-044,2025-09-02T14:21:00+00:00,1.0,open,Broad enthusiasts
USER-0095,ITEM-086,2025-09-02T15:15:00+00:00,1.0,open,Focused regulars
USER-0260,ITEM-045,2025-09-02T15:17:00+00:00,2.0,save,Focused regulars
USER-0299,ITEM-063,2025-09-02T16:10:00+00:00,1.0,open,Focused regulars
USER-0191,ITEM-015,2025-09-02T17:15:00+00:00,1.0,open,Focused regulars
USER-0081,ITEM-080,2025-09-02T17:16:00+00:00,2.0,save,Broad enthusiasts
USER-0206,ITEM-063,2025-09-02T17:20:00+00:00,1.0,open,Focused regulars
USER-0026,ITEM-073,2025-09-02T18:15:00+00:00,1.0,open,Focused regulars
USER-0237,ITEM-093,2025-09-02T19:28:00+00:00,2.0,save,Broad enthusiasts
USER-0122,ITEM-033,2025-09-02T21:18:00+00:00,1.0,open,Focused regulars
USER-0261,ITEM-074,2025-09-02T21:21:00+00:00,1.0,open,Broad enthusiasts
USER-0203,ITEM-017,2025-09-03T08:25:00+00:00,1.0,open,Focused regulars
USER-0150,ITEM-068,2025-09-03T09:26:00+00:00,1.0,open,Broad enthusiasts
USER-0190,ITEM-003,2025-09-03T12:08:00+00:00,1.0,open,New explorers
USER-0105,ITEM-013,2025-09-03T12:18:00+00:00,2.0,save,Broad enthusiasts
USER-0084,ITEM-011,2025-09-03T12:21:00+00:00,1.0,open,Broad enthusiasts
USER-0122,ITEM-095,2025-09-03T13:19:00+00:00,2.0,save,Focused regulars
USER-0305,ITEM-016,2025-09-03T14:09:00+00:00,1.0,open,Focused regulars
USER-0173,ITEM-009,2025-09-03T14:15:00+00:00,1.0,open,Focused regulars
USER-0202,ITEM-014,2025-09-03T15:12:00+00:00,1.0,open,New explorers
USER-0128,ITEM-082,2025-09-03T15:13:00+00:00,1.0,open,Focused regulars
USER-0197,ITEM-095,2025-09-03T15:13:00+00:00,1.0,open,Focused regulars
USER-0143,ITEM-062,2025-09-03T15:14:00+00:00,2.0,save,Focused regulars
USER-0021,ITEM-051,2025-09-03T15:15:00+00:00,1.0,open,Broad enthusiasts
USER-0264,ITEM-017,2025-09-03T15:20:00+00:00,1.0,open,Broad enthusiasts
USER-0222,ITEM-020,2025-09-03T17:13:00+00:00,2.0,save,Broad enthusiasts
USER-0282,ITEM-055,2025-09-03T17:13:00+00:00,1.0,open,Broad enthusiasts
USER-0303,ITEM-006,2025-09-03T17:17:00+00:00,1.0,open,Broad enthusiasts
USER-0192,ITEM-086,2025-09-03T17:20:00+00:00,1.0,open,Broad enthusiasts
USER-0268,ITEM-069,2025-09-03T18:07:00+00:00,1.0,open,New explorers
USER-0007,ITEM-062,2025-09-03T18:12:00+00:00,1.0,open,New explorers
USER-0294,ITEM-053,2025-09-03T18:23:00+00:00,1.0,open,Broad enthusiasts
USER-0239,ITEM-086,2025-09-03T19:10:00+00:00,3.0,complete,Focused regulars
USER-0269,ITEM-095,2025-09-03T19:17:00+00:00,2.0,save,Focused regulars
USER-0283,ITEM-033,2025-09-03T20:08:00+00:00,1.0,open,New explorers
USER-0218,ITEM-011,2025-09-03T20:14:00+00:00,3.0,complete,Focused regulars
USER-0025,ITEM-092,2025-09-03T22:05:00+00:00,1.0,open,New explorers
USER-0204,ITEM-017,2025-09-03T22:13:00+00:00,1.0,open,Broad enthusiasts
USER-0050,ITEM-063,2025-09-03T22:16:00+00:00,1.0,open,Focused regulars
USER-0030,ITEM-052,2025-09-03T22:23:00+00:00,1.0,open,Broad enthusiasts
USER-0226,ITEM-029,2025-09-04T08:04:00+00:00,1.0,open,New explorers
USER-0287,ITEM-017,2025-09-04T08:09:00+00:00,1.0,open,Focused regulars
USER-0044,ITEM-090,2025-09-04T09:12:00+00:00,3.0,complete,Focused regulars
USER-0121,ITEM-087,2025-09-04T09:13:00+00:00,1.0,open,New explorers
USER-0269,ITEM-049,2025-09-04T09:18:00+00:00,3.0,complete,Focused regulars
USER-0251,ITEM-005,2025-09-04T10:13:00+00:00,1.0,open,Focused regulars
USER-0223,ITEM-053,2025-09-04T12:11:00+00:00,1.0,open,New explorers
USER-0020,ITEM-087,2025-09-04T12:13:00+00:00,1.0,open,Focused regulars
USER-0095,ITEM-067,2025-09-04T12:16:00+00:00,1.0,open,Focused regulars
USER-0302,ITEM-084,2025-09-04T12:20:00+00:00,1.0,open,Focused regulars
USER-0165,ITEM-051,2025-09-04T12:25:00+00:00,1.0,open,Broad enthusiasts
USER-0216,ITEM-092,2025-09-04T13:18:00+00:00,1.0,open,Broad enthusiasts
USER-0178,ITEM-068,2025-09-04T14:08:00+00:00,1.0,open,New explorers
USER-0064,ITEM-064,2025-09-04T14:10:00+00:00,1.0,open,New explorers
USER-0209,ITEM-060,2025-09-04T14:15:00+00:00,1.0,open,Focused regulars
USER-0104,ITEM-082,2025-09-04T14:18:00+00:00,1.0,open,Focused regulars
USER-0258,ITEM-074,2025-09-04T15:17:00+00:00,1.0,open,Broad enthusiasts
USER-0225,ITEM-040,2025-09-04T17:16:00+00:00,2.0,save,Broad enthusiasts
USER-0261,ITEM-016,2025-09-04T17:22:00+00:00,1.0,open,Broad enthusiasts
USER-0040,ITEM-082,2025-09-04T19:04:00+00:00,1.0,open,New explorers
USER-0089,ITEM-041,2025-09-04T19:11:00+00:00,2.0,save,Focused regulars
USER-0027,ITEM-060,2025-09-04T19:17:00+00:00,2.0,save,Broad enthusiasts
USER-0134,ITEM-061,2025-09-04T20:16:00+00:00,1.0,open,Focused regulars
USER-0133,ITEM-025,2025-09-04T22:08:00+00:00,1.0,open,New explorers
USER-0112,ITEM-041,2025-09-04T22:10:00+00:00,2.0,save,New explorers
USER-0124,ITEM-033,2025-09-04T22:10:00+00:00,1.0,open,New explorers
USER-0059,ITEM-014,2025-09-05T07:17:00+00:00,1.0,open,Focused regulars
USER-0178,ITEM-062,2025-09-05T08:09:00+00:00,1.0,open,New explorers
USER-0118,ITEM-083,2025-09-05T09:07:00+00:00,1.0,open,New explorers
USER-0245,ITEM-034,2025-09-05T09:07:00+00:00,1.0,open,Focused regulars
USER-0097,ITEM-044,2025-09-05T09:11:00+00:00,1.0,open,New explorers
USER-0071,ITEM-018,2025-09-05T11:10:00+00:00,2.0,save,Focused regulars
USER-0117,ITEM-063,2025-09-05T11:13:00+00:00,1.0,open,Broad enthusiasts
USER-0036,ITEM-093,2025-09-05T11:19:00+00:00,1.0,open,Broad enthusiasts
USER-0269,ITEM-064,2025-09-05T11:19:00+00:00,1.0,open,Focused regulars
USER-0037,ITEM-057,2025-09-05T12:08:00+00:00,2.0,save,New explorers
USER-0166,ITEM-038,2025-09-05T12:12:00+00:00,2.0,save,New explorers
USER-0116,ITEM-025,2025-09-05T13:10:00+00:00,1.0,open,Focused regulars
USER-0123,ITEM-079,2025-09-05T14:18:00+00:00,1.0,open,Broad enthusiasts
USER-0195,ITEM-012,2025-09-05T14:20:00+00:00,1.0,open,Broad enthusiasts
USER-0185,ITEM-064,2025-09-05T15:22:00+00:00,1.0,open,Focused regulars
USER-0080,ITEM-061,2025-09-05T15:25:00+00:00,1.0,open,Focused regulars
USER-0086,ITEM-013,2025-09-05T16:16:00+00:00,1.0,open,Focused regulars
USER-0288,ITEM-013,2025-09-05T16:23:00+00:00,2.0,save,Broad enthusiasts
USER-0085,ITEM-053,2025-09-05T17:06:00+00:00,1.0,open,New explorers
USER-0008,ITEM-060,2025-09-05T18:11:00+00:00,1.0,open,Focused regulars
USER-0047,ITEM-082,2025-09-05T18:11:00+00:00,1.0,open,Focused regulars
USER-0158,ITEM-008,2025-09-05T18:18:00+00:00,2.0,save,Focused regulars
USER-0122,ITEM-016,2025-09-05T18:20:00+00:00,1.0,open,Focused regulars
USER-0093,ITEM-016,2025-09-05T18:21:00+00:00,3.0,complete,Broad enthusiasts
USER-0162,ITEM-083,2025-09-05T18:23:00+00:00,1.0,open,Broad enthusiasts
USER-0108,ITEM-027,2025-09-05T19:18:00+00:00,3.0,complete,Broad enthusiasts
USER-0159,ITEM-044,2025-09-05T20:13:00+00:00,1.0,open,Broad enthusiasts
USER-0042,ITEM-019,2025-09-05T20:20:00+00:00,2.0,save,Broad enthusiasts
USER-0224,ITEM-031,2025-09-05T21:13:00+00:00,1.0,open,Focused regulars
USER-0009,ITEM-058,2025-09-05T21:24:00+00:00,2.0,save,Broad enthusiasts
USER-0102,ITEM-096,2025-09-05T22:13:00+00:00,3.0,complete,Broad enthusiasts
USER-0204,ITEM-065,2025-09-06T08:14:00+00:00,2.0,save,Broad enthusiasts
USER-0227,ITEM-026,2025-09-06T08:18:00+00:00,1.0,open,Focused regulars
USER-0122,ITEM-064,2025-09-06T09:21:00+00:00,2.0,save,Focused regulars
USER-0034,ITEM-082,2025-09-06T10:09:00+00:00,1.0,open,New explorers
USER-0287,ITEM-028,2025-09-06T10:10:00+00:00,1.0,open,Focused regulars
USER-0048,ITEM-026,2025-09-06T11:18:00+00:00,1.0,open,Broad enthusiasts
USER-0272,ITEM-039,2025-09-06T11:18:00+00:00,2.0,save,Focused regulars
USER-0014,ITEM-002,2025-09-06T13:07:00+00:00,1.0,open,Focused regulars
USER-0284,ITEM-020,2025-09-06T13:16:00+00:00,1.0,open,Focused regulars
USER-0054,ITEM-019,2025-09-06T17:22:00+00:00,1.0,open,Broad enthusiasts
USER-0247,ITEM-028,2025-09-06T18:05:00+00:00,1.0,open,New explorers
USER-0120,ITEM-020,2025-09-06T19:18:00+00:00,1.0,open,Broad enthusiasts
USER-0249,ITEM-095,2025-09-06T21:22:00+00:00,2.0,save,Broad enthusiasts
USER-0030,ITEM-077,2025-09-06T21:24:00+00:00,3.0,complete,Broad enthusiasts
USER-0237,ITEM-076,2025-09-06T21:29:00+00:00,2.0,save,Broad enthusiasts
USER-0179,ITEM-093,2025-09-07T07:12:00+00:00,1.0,open,Focused regulars
USER-0301,ITEM-059,2025-09-07T07:14:00+00:00,2.0,save,New explorers
USER-0100,ITEM-020,2025-09-07T08:11:00+00:00,1.0,open,New explorers
USER-0009,ITEM-076,2025-09-07T09:25:00+00:00,1.0,open,Broad enthusiasts
USER-0318,ITEM-032,2025-09-07T10:19:00+00:00,1.0,open,Broad enthusiasts
USER-0078,ITEM-052,2025-09-07T10:21:00+00:00,1.0,open,Broad enthusiasts
USER-0149,ITEM-020,2025-09-07T11:16:00+00:00,1.0,open,Focused regulars
USER-0247,ITEM-065,2025-09-07T12:06:00+00:00,1.0,open,New explorers
USER-0261,ITEM-026,2025-09-07T12:23:00+00:00,1.0,open,Broad enthusiasts
USER-0197,ITEM-039,2025-09-07T13:14:00+00:00,1.0,open,Focused regulars
USER-0057,ITEM-029,2025-09-07T13:16:00+00:00,2.0,save,Broad enthusiasts
USER-0116,ITEM-079,2025-09-07T14:11:00+00:00,2.0,save,Focused regulars
USER-0196,ITEM-016,2025-09-07T17:12:00+00:00,1.0,open,New explorers
USER-0052,ITEM-005,2025-09-07T18:13:00+00:00,1.0,open,New explorers
USER-0167,ITEM-083,2025-09-07T19:10:00+00:00,1.0,open,Focused regulars
USER-0014,ITEM-080,2025-09-07T20:08:00+00:00,1.0,open,Focused regulars
USER-0055,ITEM-019,2025-09-07T20:08:00+00:00,1.0,open,New explorers
USER-0210,ITEM-003,2025-09-07T20:22:00+00:00,1.0,open,Broad enthusiasts
USER-0045,ITEM-041,2025-09-07T21:14:00+00:00,2.0,save,Broad enthusiasts
USER-0117,ITEM-083,2025-09-07T21:14:00+00:00,1.0,open,Broad enthusiasts
USER-0230,ITEM-039,2025-09-07T22:11:00+00:00,1.0,open,Focused regulars
USER-0268,ITEM-082,2025-09-08T07:08:00+00:00,1.0,open,New explorers
USER-0262,ITEM-009,2025-09-08T08:11:00+00:00,1.0,open,New explorers
USER-0107,ITEM-001,2025-09-08T08:14:00+00:00,1.0,open,Focused regulars
USER-0191,ITEM-078,2025-09-08T08:16:00+00:00,1.0,open,Focused regulars
USER-0208,ITEM-052,2025-09-08T09:07:00+00:00,2.0,save,New explorers
USER-0110,ITEM-083,2025-09-08T09:15:00+00:00,1.0,open,Focused regulars
USER-0255,ITEM-013,2025-09-08T09:23:00+00:00,1.0,open,Broad enthusiasts
USER-0005,ITEM-024,2025-09-08T10:17:00+00:00,1.0,open,Focused regulars
USER-0031,ITEM-075,2025-09-08T11:08:00+00:00,1.0,open,New explorers
USER-0073,ITEM-045,2025-09-08T11:14:00+00:00,1.0,open,New explorers
USER-0315,ITEM-056,2025-09-08T11:22:00+00:00,1.0,open,Broad enthusiasts
USER-0045,ITEM-064,2025-09-08T12:15:00+00:00,2.0,save,Broad enthusiasts
USER-0138,ITEM-040,2025-09-08T12:18:00+00:00,1.0,open,Broad enthusiasts
USER-0288,ITEM-082,2025-09-08T13:24:00+00:00,1.0,open,Broad enthusiasts
USER-0051,ITEM-045,2025-09-08T15:19:00+00:00,1.0,open,Broad enthusiasts
USER-0079,ITEM-033,2025-09-08T16:07:00+00:00,3.0,complete,New explorers
USER-0277,ITEM-034,2025-09-08T16:14:00+00:00,2.0,save,New explorers
USER-0195,ITEM-067,2025-09-08T16:21:00+00:00,1.0,open,Broad enthusiasts
USER-0190,ITEM-067,2025-09-08T17:09:00+00:00,2.0,save,New explorers
USER-0009,ITEM-025,2025-09-08T17:26:00+00:00,1.0,open,Broad enthusiasts
USER-0294,ITEM-060,2025-09-08T18:24:00+00:00,3.0,complete,Broad enthusiasts
USER-0199,ITEM-005,2025-09-08T20:10:00+00:00,1.0,open,New explorers
USER-0064,ITEM-037,2025-09-08T20:11:00+00:00,1.0,open,New explorers
USER-0053,ITEM-034,2025-09-08T22:11:00+00:00,1.0,open,Focused regulars
USER-0166,ITEM-084,2025-09-08T22:13:00+00:00,1.0,open,New explorers
USER-0194,ITEM-087,2025-09-08T22:15:00+00:00,1.0,open,Focused regulars
USER-0074,ITEM-025,2025-09-09T07:19:00+00:00,1.0,open,Focused regulars
USER-0252,ITEM-033,2025-09-09T10:22:00+00:00,1.0,open,Broad enthusiasts
USER-0003,ITEM-058,2025-09-09T11:18:00+00:00,1.0,open,Broad enthusiasts
USER-0267,ITEM-086,2025-09-09T11:19:00+00:00,1.0,open,Broad enthusiasts
USER-0054,ITEM-031,2025-09-09T11:23:00+00:00,1.0,open,Broad enthusiasts
USER-0116,ITEM-056,2025-09-09T12:12:00+00:00,1.0,open,Focused regulars
USER-0024,ITEM-074,2025-09-09T12:16:00+00:00,1.0,open,Broad enthusiasts
USER-0210,ITEM-087,2025-09-09T12:23:00+00:00,1.0,open,Broad enthusiasts
USER-0122,ITEM-034,2025-09-09T14:22:00+00:00,1.0,open,Focused regulars
USER-0019,ITEM-021,2025-09-09T15:06:00+00:00,1.0,open,New explorers
USER-0042,ITEM-047,2025-09-09T15:21:00+00:00,2.0,save,Broad enthusiasts
USER-0049,ITEM-067,2025-09-09T16:10:00+00:00,3.0,complete,New explorers
USER-0281,ITEM-032,2025-09-09T16:17:00+00:00,1.0,open,Focused regulars
USER-0273,ITEM-016,2025-09-09T16:19:00+00:00,1.0,open,Broad enthusiasts
USER-0168,ITEM-072,2025-09-09T17:22:00+00:00,2.0,save,Broad enthusiasts
USER-0096,ITEM-081,2025-09-09T17:24:00+00:00,2.0,save,Broad enthusiasts
USER-0013,ITEM-031,2025-09-09T19:14:00+00:00,3.0,complete,New explorers
USER-0245,ITEM-045,2025-09-09T20:08:00+00:00,1.0,open,Focused regulars
USER-0244,ITEM-094,2025-09-09T20:13:00+00:00,2.0,save,New explorers
USER-0177,ITEM-033,2025-09-09T20:14:00+00:00,1.0,open,Broad enthusiasts
USER-0247,ITEM-067,2025-09-09T21:07:00+00:00,2.0,save,New explorers
USER-0004,ITEM-021,2025-09-09T22:07:00+00:00,1.0,open,New explorers
USER-0188,ITEM-021,2025-09-09T22:17:00+00:00,1.0,open,Focused regulars
USER-0165,ITEM-074,2025-09-09T22:26:00+00:00,2.0,save,Broad enthusiasts
USER-0115,ITEM-044,2025-09-10T08:09:00+00:00,3.0,complete,New explorers
USER-0245,ITEM-062,2025-09-10T08:09:00+00:00,1.0,open,Focused regulars
USER-0270,ITEM-032,2025-09-10T08:22:00+00:00,1.0,open,Broad enthusiasts
USER-0145,ITEM-049,2025-09-10T09:11:00+00:00,1.0,open,New explorers
USER-0193,ITEM-036,2025-09-10T10:09:00+00:00,1.0,open,New explorers
USER-0047,ITEM-088,2025-09-10T10:12:00+00:00,1.0,open,Focused regulars
USER-0119,ITEM-092,2025-09-10T10:18:00+00:00,1.0,open,Focused regulars
USER-0272,ITEM-035,2025-09-10T10:19:00+00:00,2.0,save,Focused regulars
USER-0087,ITEM-069,2025-09-10T10:20:00+00:00,1.0,open,Broad enthusiasts
USER-0158,ITEM-004,2025-09-10T11:19:00+00:00,1.0,open,Focused regulars
USER-0162,ITEM-086,2025-09-10T11:24:00+00:00,1.0,open,Broad enthusiasts
USER-0137,ITEM-010,2025-09-10T12:12:00+00:00,3.0,complete,Focused regulars
USER-0166,ITEM-063,2025-09-10T12:14:00+00:00,1.0,open,New explorers
USER-0013,ITEM-058,2025-09-10T12:15:00+00:00,1.0,open,New explorers
USER-0303,ITEM-080,2025-09-10T13:18:00+00:00,1.0,open,Broad enthusiasts
USER-0029,ITEM-095,2025-09-10T14:11:00+00:00,1.0,open,Focused regulars
USER-0224,ITEM-002,2025-09-10T14:14:00+00:00,3.0,complete,Focused regulars
USER-0176,ITEM-083,2025-09-10T14:18:00+00:00,2.0,save,Focused regulars
USER-0195,ITEM-052,2025-09-10T14:22:00+00:00,1.0,open,Broad enthusiasts
USER-0184,ITEM-094,2025-09-10T15:06:00+00:00,3.0,complete,New explorers
USER-0250,ITEM-082,2025-09-10T15:06:00+00:00,2.0,save,New explorers
USER-0114,ITEM-032,2025-09-10T15:12:00+00:00,1.0,open,Broad enthusiasts
USER-0062,ITEM-075,2025-09-10T16:11:00+00:00,1.0,open,Focused regulars
USER-0045,ITEM-063,2025-09-10T16:16:00+00:00,1.0,open,Broad enthusiasts
USER-0248,ITEM-040,2025-09-10T16:16:00+00:00,1.0,open,Focused regulars
USER-0267,ITEM-049,2025-09-10T16:20:00+00:00,2.0,save,Broad enthusiasts
USER-0020,ITEM-080,2025-09-10T18:14:00+00:00,1.0,open,Focused regulars
USER-0085,ITEM-064,2025-09-10T22:07:00+00:00,1.0,open,New explorers
USER-0125,ITEM-084,2025-09-10T22:10:00+00:00,1.0,open,Focused regulars
USER-0095,ITEM-032,2025-09-10T22:17:00+00:00,1.0,open,Focused regulars
USER-0110,ITEM-011,2025-09-11T07:16:00+00:00,2.0,save,Focused regulars
USER-0181,ITEM-045,2025-09-11T07:18:00+00:00,2.0,save,New explorers
USER-0068,ITEM-039,2025-09-11T07:21:00+00:00,1.0,open,Focused regulars
USER-0062,ITEM-023,2025-09-11T09:12:00+00:00,1.0,open,Focused regulars
USER-0225,ITEM-087,2025-09-11T09:17:00+00:00,3.0,complete,Broad enthusiasts
USER-0111,ITEM-093,2025-09-11T09:24:00+00:00,1.0,open,Broad enthusiasts
USER-0282,ITEM-079,2025-09-11T10:14:00+00:00,1.0,open,Broad enthusiasts
USER-0033,ITEM-081,2025-09-11T10:17:00+00:00,1.0,open,Broad enthusiasts
USER-0039,ITEM-027,2025-09-11T10:17:00+00:00,1.0,open,Broad enthusiasts
USER-0310,ITEM-033,2025-09-11T11:07:00+00:00,1.0,open,New explorers
USER-0019,ITEM-061,2025-09-11T12:07:00+00:00,2.0,save,New explorers
USER-0169,ITEM-007,2025-09-11T12:07:00+00:00,1.0,open,New explorers
USER-0205,ITEM-027,2025-09-11T13:07:00+00:00,1.0,open,New explorers
USER-0155,ITEM-060,2025-09-11T13:09:00+00:00,1.0,open,Focused regulars
USER-0250,ITEM-039,2025-09-11T14:07:00+00:00,1.0,open,New explorers
USER-0021,ITEM-094,2025-09-11T14:16:00+00:00,1.0,open,Broad enthusiasts
USER-0269,ITEM-052,2025-09-11T15:20:00+00:00,1.0,open,Focused regulars
USER-0043,ITEM-040,2025-09-11T16:08:00+00:00,2.0,save,New explorers
USER-0309,ITEM-020,2025-09-11T16:14:00+00:00,1.0,open,Broad enthusiasts
USER-0174,ITEM-062,2025-09-11T16:17:00+00:00,1.0,open,Broad enthusiasts
USER-0127,ITEM-002,2025-09-11T17:10:00+00:00,1.0,open,New explorers
USER-0236,ITEM-087,2025-09-11T20:10:00+00:00,1.0,open,Focused regulars
USER-0228,ITEM-074,2025-09-11T20:16:00+00:00,1.0,open,Broad enthusiasts
USER-0281,ITEM-016,2025-09-11T20:18:00+00:00,1.0,open,Focused regulars
USER-0091,ITEM-017,2025-09-11T21:10:00+00:00,2.0,save,New explorers
USER-0129,ITEM-087,2025-09-11T21:18:00+00:00,2.0,save,Broad enthusiasts
USER-0104,ITEM-016,2025-09-11T21:19:00+00:00,1.0,open,Focused regulars
USER-0283,ITEM-054,2025-09-11T22:09:00+00:00,1.0,open,New explorers
USER-0015,ITEM-054,2025-09-11T22:14:00+00:00,1.0,open,Broad enthusiasts
USER-0310,ITEM-079,2025-09-12T07:08:00+00:00,2.0,save,New explorers
USER-0071,ITEM-066,2025-09-12T07:11:00+00:00,2.0,save,Focused regulars
USER-0257,ITEM-046,2025-09-12T07:13:00+00:00,1.0,open,Focused regulars
USER-0021,ITEM-025,2025-09-12T07:17:00+00:00,1.0,open,Broad enthusiasts
USER-0132,ITEM-058,2025-09-12T07:25:00+00:00,1.0,open,Broad enthusiasts
USER-0246,ITEM-062,2025-09-12T08:16:00+00:00,2.0,save,Broad enthusiasts
USER-0093,ITEM-079,2025-09-12T08:22:00+00:00,1.0,open,Broad enthusiasts
USER-0193,ITEM-042,2025-09-12T09:10:00+00:00,1.0,open,New explorers
USER-0115,ITEM-091,2025-09-12T10:10:00+00:00,1.0,open,New explorers
USER-0202,ITEM-005,2025-09-12T10:13:00+00:00,3.0,complete,New explorers
USER-0177,ITEM-011,2025-09-12T12:15:00+00:00,2.0,save,Broad enthusiasts
USER-0290,ITEM-077,2025-09-12T12:17:00+00:00,1.0,open,Focused regulars
USER-0038,ITEM-088,2025-09-12T13:15:00+00:00,1.0,open,Focused regulars
USER-0284,ITEM-080,2025-09-12T13:17:00+00:00,1.0,open,Focused regulars
USER-0042,ITEM-011,2025-09-12T13:22:00+00:00,1.0,open,Broad enthusiasts
USER-0065,ITEM-039,2025-09-12T15:11:00+00:00,1.0,open,Focused regulars
USER-0056,ITEM-020,2025-09-12T16:18:00+00:00,1.0,open,Focused regulars
USER-0142,ITEM-048,2025-09-12T17:10:00+00:00,2.0,save,New explorers
USER-0143,ITEM-038,2025-09-12T17:15:00+00:00,1.0,open,Focused regulars
USER-0108,ITEM-028,2025-09-12T17:19:00+00:00,1.0,open,Broad enthusiasts
USER-0104,ITEM-084,2025-09-12T17:20:00+00:00,1.0,open,Focused regulars
USER-0220,ITEM-034,2025-09-12T18:09:00+00:00,1.0,open,New explorers
USER-0139,ITEM-033,2025-09-12T18:10:00+00:00,1.0,open,New explorers
USER-0057,ITEM-089,2025-09-12T19:17:00+00:00,1.0,open,Broad enthusiasts
USER-0261,ITEM-024,2025-09-12T19:24:00+00:00,1.0,open,Broad enthusiasts
USER-0162,ITEM-030,2025-09-12T19:25:00+00:00,1.0,open,Broad enthusiasts
USER-0308,ITEM-054,2025-09-12T20:11:00+00:00,1.0,open,Focused regulars
USER-0272,ITEM-079,2025-09-12T20:20:00+00:00,2.0,save,Focused regulars
USER-0011,ITEM-055,2025-09-12T21:13:00+00:00,3.0,complete,Focused regulars
USER-0158,ITEM-043,2025-09-12T21:20:00+00:00,2.0,save,Focused regulars
USER-0128,ITEM-020,2025-09-12T22:14:00+00:00,1.0,open,Focused regulars
USER-0267,ITEM-034,2025-09-12T22:21:00+00:00,2.0,save,Broad enthusiasts
USER-0178,ITEM-010,2025-09-13T07:10:00+00:00,3.0,complete,New explorers
USER-0111,ITEM-065,2025-09-13T08:25:00+00:00,1.0,open,Broad enthusiasts
USER-0206,ITEM-076,2025-09-13T09:21:00+00:00,2.0,save,Focused regulars
USER-0152,ITEM-019,2025-09-13T10:12:00+00:00,1.0,open,Focused regulars
USER-0039,ITEM-074,2025-09-13T11:18:00+00:00,1.0,open,Broad enthusiasts
USER-0244,ITEM-086,2025-09-13T12:14:00+00:00,1.0,open,New explorers
USER-0153,ITEM-086,2025-09-13T12:21:00+00:00,2.0,save,Broad enthusiasts
USER-0280,ITEM-039,2025-09-13T13:14:00+00:00,1.0,open,New explorers
USER-0267,ITEM-039,2025-09-13T13:22:00+00:00,2.0,save,Broad enthusiasts
USER-0314,ITEM-006,2025-09-13T14:12:00+00:00,2.0,save,Focused regulars
USER-0320,ITEM-014,2025-09-13T15:11:00+00:00,1.0,open,Focused regulars
USER-0089,ITEM-002,2025-09-13T15:12:00+00:00,1.0,open,Focused regulars
USER-0215,ITEM-050,2025-09-13T15:16:00+00:00,1.0,open,Focused regulars
USER-0067,ITEM-075,2025-09-13T15:17:00+00:00,2.0,save,New explorers
USER-0027,ITEM-064,2025-09-13T15:18:00+00:00,1.0,open,Broad enthusiasts
USER-0168,ITEM-051,2025-09-13T16:23:00+00:00,1.0,open,Broad enthusiasts
USER-0087,ITEM-080,2025-09-13T18:21:00+00:00,1.0,open,Broad enthusiasts
USER-0040,ITEM-013,2025-09-13T19:05:00+00:00,2.0,save,New explorers
USER-0278,ITEM-034,2025-09-13T19:11:00+00:00,3.0,complete,Focused regulars
USER-0170,ITEM-084,2025-09-13T19:14:00+00:00,1.0,open,Focused regulars
USER-0154,ITEM-093,2025-09-13T20:09:00+00:00,2.0,save,New explorers
USER-0112,ITEM-070,2025-09-13T20:11:00+00:00,1.0,open,New explorers
USER-0243,ITEM-009,2025-09-13T20:16:00+00:00,1.0,open,Broad enthusiasts
USER-0012,ITEM-060,2025-09-13T20:19:00+00:00,1.0,open,Broad enthusiasts
USER-0217,ITEM-052,2025-09-13T21:09:00+00:00,3.0,complete,New explorers
USER-0108,ITEM-016,2025-09-13T21:20:00+00:00,1.0,open,Broad enthusiasts
USER-0106,ITEM-032,2025-09-13T22:07:00+00:00,1.0,open,New explorers
USER-0053,ITEM-093,2025-09-14T08:12:00+00:00,1.0,open,Focused regulars
USER-0030,ITEM-015,2025-09-14T08:25:00+00:00,1.0,open,Broad enthusiasts
USER-0250,ITEM-079,2025-09-14T10:08:00+00:00,3.0,complete,New explorers
USER-0027,ITEM-022,2025-09-14T10:19:00+00:00,1.0,open,Broad enthusiasts
USER-0264,ITEM-006,2025-09-14T10:21:00+00:00,2.0,save,Broad enthusiasts
USER-0211,ITEM-058,2025-09-14T12:12:00+00:00,2.0,save,New explorers
USER-0021,ITEM-015,2025-09-14T13:18:00+00:00,1.0,open,Broad enthusiasts
USER-0187,ITEM-091,2025-09-14T14:06:00+00:00,1.0,open,New explorers
USER-0002,ITEM-086,2025-09-14T15:15:00+00:00,1.0,open,Focused regulars
USER-0138,ITEM-025,2025-09-14T15:19:00+00:00,1.0,open,Broad enthusiasts
USER-0270,ITEM-079,2025-09-14T15:23:00+00:00,2.0,save,Broad enthusiasts
USER-0117,ITEM-064,2025-09-14T16:15:00+00:00,1.0,open,Broad enthusiasts
USER-0008,ITEM-013,2025-09-14T17:12:00+00:00,1.0,open,Focused regulars
USER-0265,ITEM-081,2025-09-14T17:13:00+00:00,1.0,open,New explorers
USER-0108,ITEM-083,2025-09-14T17:21:00+00:00,2.0,save,Broad enthusiasts
USER-0043,ITEM-044,2025-09-14T18:09:00+00:00,1.0,open,New explorers
USER-0239,ITEM-044,2025-09-14T18:11:00+00:00,2.0,save,Focused regulars
USER-0290,ITEM-020,2025-09-14T18:18:00+00:00,2.0,save,Focused regulars
USER-0172,ITEM-049,2025-09-14T19:09:00+00:00,1.0,open,New explorers
USER-0283,ITEM-007,2025-09-14T19:10:00+00:00,1.0,open,New explorers
USER-0045,ITEM-031,2025-09-14T20:17:00+00:00,2.0,save,Broad enthusiasts
USER-0107,ITEM-062,2025-09-14T21:15:00+00:00,3.0,complete,Focused regulars
USER-0068,ITEM-012,2025-09-14T21:22:00+00:00,2.0,save,Focused regulars
USER-0283,ITEM-090,2025-09-15T07:11:00+00:00,1.0,open,New explorers
USER-0282,ITEM-017,2025-09-15T07:15:00+00:00,3.0,complete,Broad enthusiasts
USER-0100,ITEM-070,2025-09-15T08:12:00+00:00,1.0,open,New explorers
USER-0308,ITEM-047,2025-09-15T08:12:00+00:00,3.0,complete,Focused regulars
USER-0069,ITEM-053,2025-09-15T08:16:00+00:00,1.0,open,Broad enthusiasts
USER-0231,ITEM-053,2025-09-15T08:19:00+00:00,2.0,save,Broad enthusiasts
USER-0014,ITEM-023,2025-09-15T09:09:00+00:00,1.0,open,Focused regulars
USER-0096,ITEM-083,2025-09-15T09:25:00+00:00,1.0,open,Broad enthusiasts
USER-0076,ITEM-005,2025-09-15T10:09:00+00:00,1.0,open,New explorers
USER-0214,ITEM-082,2025-09-15T11:06:00+00:00,3.0,complete,New explorers
USER-0186,ITEM-016,2025-09-15T11:16:00+00:00,1.0,open,Broad enthusiasts
USER-0166,ITEM-016,2025-09-15T12:15:00+00:00,2.0,save,New explorers
USER-0185,ITEM-048,2025-09-15T13:23:00+00:00,1.0,open,Focused regulars
USER-0280,ITEM-064,2025-09-15T14:15:00+00:00,1.0,open,New explorers
USER-0101,ITEM-079,2025-09-15T15:14:00+00:00,1.0,open,Focused regulars
USER-0137,ITEM-067,2025-09-15T16:13:00+00:00,1.0,open,Focused regulars
USER-0248,ITEM-027,2025-09-15T16:17:00+00:00,1.0,open,Focused regulars
USER-0127,ITEM-093,2025-09-15T17:11:00+00:00,1.0,open,New explorers
USER-0079,ITEM-063,2025-09-15T18:08:00+00:00,1.0,open,New explorers
USER-0087,ITEM-008,2025-09-15T18:22:00+00:00,3.0,complete,Broad enthusiasts
USER-0254,ITEM-033,2025-09-15T19:16:00+00:00,2.0,save,Focused regulars
USER-0285,ITEM-003,2025-09-15T19:16:00+00:00,1.0,open,Broad enthusiasts
USER-0090,ITEM-067,2025-09-15T19:18:00+00:00,1.0,open,Broad enthusiasts
USER-0192,ITEM-045,2025-09-15T19:21:00+00:00,1.0,open,Broad enthusiasts
USER-0002,ITEM-039,2025-09-15T20:16:00+00:00,2.0,save,Focused regulars
USER-0109,ITEM-073,2025-09-15T21:08:00+00:00,2.0,save,New explorers
USER-0145,ITEM-028,2025-09-16T07:12:00+00:00,1.0,open,New explorers
USER-0255,ITEM-060,2025-09-16T07:24:00+00:00,3.0,complete,Broad enthusiasts
USER-0196,ITEM-011,2025-09-16T08:13:00+00:00,1.0,open,New explorers
USER-0182,ITEM-039,2025-09-16T08:14:00+00:00,3.0,complete,Focused regulars
USER-0126,ITEM-044,2025-09-16T09:12:00+00:00,2.0,save,Broad enthusiasts
USER-0170,ITEM-064,2025-09-16T09:15:00+00:00,1.0,open,Focused regulars
USER-0054,ITEM-087,2025-09-16T09:24:00+00:00,2.0,save,Broad enthusiasts
USER-0175,ITEM-033,2025-09-16T11:10:00+00:00,2.0,save,New explorers
USER-0062,ITEM-028,2025-09-16T12:13:00+00:00,1.0,open,Focused regulars
USER-0243,ITEM-060,2025-09-16T12:17:00+00:00,1.0,open,Broad enthusiasts
USER-0225,ITEM-033,2025-09-16T13:18:00+00:00,1.0,open,Broad enthusiasts
USER-0210,ITEM-083,2025-09-16T15:24:00+00:00,1.0,open,Broad enthusiasts
USER-0169,ITEM-092,2025-09-16T16:08:00+00:00,2.0,save,New explorers
USER-0111,ITEM-063,2025-09-16T16:26:00+00:00,2.0,save,Broad enthusiasts
USER-0150,ITEM-029,2025-09-16T16:27:00+00:00,3.0,complete,Broad enthusiasts
USER-0116,ITEM-004,2025-09-16T17:13:00+00:00,1.0,open,Focused regulars
USER-0179,ITEM-037,2025-09-16T17:13:00+00:00,1.0,open,Focused regulars
USER-0269,ITEM-087,2025-09-16T18:21:00+00:00,1.0,open,Focused regulars
USER-0216,ITEM-095,2025-09-16T19:19:00+00:00,1.0,open,Broad enthusiasts
USER-0285,ITEM-012,2025-09-16T21:17:00+00:00,3.0,complete,Broad enthusiasts
USER-0292,ITEM-018,2025-09-16T22:07:00+00:00,3.0,complete,New explorers
USER-0259,ITEM-080,2025-09-16T22:09:00+00:00,1.0,open,New explorers
USER-0128,ITEM-037,2025-09-16T22:15:00+00:00,2.0,save,Focused regulars
USER-0059,ITEM-085,2025-09-16T22:18:00+00:00,1.0,open,Focused regulars
USER-0234,ITEM-024,2025-09-16T22:27:00+00:00,1.0,open,Broad enthusiasts
USER-0092,ITEM-068,2025-09-17T07:20:00+00:00,3.0,complete,Focused regulars
USER-0209,ITEM-052,2025-09-17T08:16:00+00:00,1.0,open,Focused regulars
USER-0174,ITEM-074,2025-09-17T09:18:00+00:00,2.0,save,Broad enthusiasts
USER-0017,ITEM-070,2025-09-17T10:13:00+00:00,1.0,open,Focused regulars
USER-0309,ITEM-029,2025-09-17T10:15:00+00:00,2.0,save,Broad enthusiasts
USER-0047,ITEM-052,2025-09-17T11:13:00+00:00,1.0,open,Focused regulars
USER-0194,ITEM-026,2025-09-17T11:16:00+00:00,1.0,open,Focused regulars
USER-0315,ITEM-087,2025-09-17T11:23:00+00:00,3.0,complete,Broad enthusiasts
USER-0027,ITEM-041,2025-09-17T12:20:00+00:00,3.0,complete,Broad enthusiasts
USER-0123,ITEM-027,2025-09-17T13:19:00+00:00,1.0,open,Broad enthusiasts
USER-0126,ITEM-084,2025-09-17T14:13:00+00:00,1.0,open,Broad enthusiasts
USER-0280,ITEM-038,2025-09-17T14:16:00+00:00,2.0,save,New explorers
USER-0023,ITEM-002,2025-09-17T15:13:00+00:00,2.0,save,Focused regulars
USER-0016,ITEM-040,2025-09-17T16:11:00+00:00,2.0,save,New explorers
USER-0170,ITEM-093,2025-09-17T17:16:00+00:00,2.0,save,Focused regulars
USER-0081,ITEM-056,2025-09-17T17:17:00+00:00,2.0,save,Broad enthusiasts
USER-0187,ITEM-092,2025-09-17T18:07:00+00:00,3.0,complete,New explorers
USER-0311,ITEM-062,2025-09-17T19:09:00+00:00,1.0,open,Focused regulars
USER-0171,ITEM-032,2025-09-17T19:26:00+00:00,3.0,complete,Broad enthusiasts
USER-0002,ITEM-005,2025-09-17T20:17:00+00:00,1.0,open,Focused regulars
USER-0050,ITEM-093,2025-09-17T21:17:00+00:00,1.0,open,Focused regulars
USER-0080,ITEM-023,2025-09-17T21:26:00+00:00,1.0,open,Focused regulars
USER-0219,ITEM-028,2025-09-17T22:09:00+00:00,1.0,open,Broad enthusiasts
USER-0192,ITEM-093,2025-09-17T22:22:00+00:00,2.0,save,Broad enthusiasts
USER-0030,ITEM-063,2025-09-17T22:26:00+00:00,3.0,complete,Broad enthusiasts
USER-0259,ITEM-016,2025-09-18T08:10:00+00:00,3.0,complete,New explorers
USER-0198,ITEM-043,2025-09-18T09:23:00+00:00,2.0,save,Broad enthusiasts
USER-0154,ITEM-094,2025-09-18T11:10:00+00:00,1.0,open,New explorers
USER-0010,ITEM-064,2025-09-18T12:09:00+00:00,2.0,save,New explorers
USER-0310,ITEM-012,2025-09-18T12:09:00+00:00,3.0,complete,New explorers
USER-0163,ITEM-066,2025-09-18T13:11:00+00:00,2.0,save,New explorers
USER-0266,ITEM-076,2025-09-18T14:23:00+00:00,2.0,save,Focused regulars
USER-0141,ITEM-013,2025-09-18T15:14:00+00:00,1.0,open,Broad enthusiasts
USER-0315,ITEM-033,2025-09-18T15:24:00+00:00,1.0,open,Broad enthusiasts
USER-0040,ITEM-031,2025-09-18T16:06:00+00:00,1.0,open,New explorers
USER-0193,ITEM-084,2025-09-18T16:11:00+00:00,2.0,save,New explorers
USER-0177,ITEM-021,2025-09-18T16:16:00+00:00,3.0,complete,Broad enthusiasts
USER-0138,ITEM-049,2025-09-18T16:20:00+00:00,1.0,open,Broad enthusiasts
USER-0301,ITEM-071,2025-09-18T17:15:00+00:00,1.0,open,New explorers
USER-0189,ITEM-072,2025-09-18T17:16:00+00:00,1.0,open,Broad enthusiasts
USER-0246,ITEM-024,2025-09-18T17:17:00+00:00,3.0,complete,Broad enthusiasts
USER-0257,ITEM-079,2025-09-18T18:14:00+00:00,3.0,complete,Focused regulars
USER-0069,ITEM-027,2025-09-18T19:17:00+00:00,2.0,save,Broad enthusiasts
USER-0194,ITEM-004,2025-09-18T19:17:00+00:00,3.0,complete,Focused regulars
USER-0029,ITEM-065,2025-09-18T21:12:00+00:00,3.0,complete,Focused regulars
USER-0228,ITEM-049,2025-09-18T21:17:00+00:00,2.0,save,Broad enthusiasts
USER-0225,ITEM-011,2025-09-18T21:19:00+00:00,1.0,open,Broad enthusiasts
USER-0157,ITEM-084,2025-09-19T07:10:00+00:00,2.0,save,New explorers
USER-0109,ITEM-021,2025-09-19T08:09:00+00:00,1.0,open,New explorers
USER-0045,ITEM-013,2025-09-19T08:18:00+00:00,2.0,save,Broad enthusiasts
USER-0301,ITEM-010,2025-09-19T09:16:00+00:00,1.0,open,New explorers
USER-0156,ITEM-032,2025-09-19T09:20:00+00:00,1.0,open,Broad enthusiasts
USER-0196,ITEM-064,2025-09-19T11:14:00+00:00,1.0,open,New explorers
USER-0024,ITEM-081,2025-09-19T11:17:00+00:00,1.0,open,Broad enthusiasts
USER-0189,ITEM-021,2025-09-19T11:17:00+00:00,1.0,open,Broad enthusiasts
USER-0065,ITEM-087,2025-09-19T12:12:00+00:00,2.0,save,Focused regulars
USER-0170,ITEM-010,2025-09-19T12:17:00+00:00,1.0,open,Focused regulars
USER-0291,ITEM-049,2025-09-19T12:20:00+00:00,1.0,open,Broad enthusiasts
USER-0270,ITEM-081,2025-09-19T12:24:00+00:00,2.0,save,Broad enthusiasts
USER-0250,ITEM-052,2025-09-19T13:09:00+00:00,1.0,open,New explorers
USER-0183,ITEM-079,2025-09-19T13:15:00+00:00,1.0,open,Broad enthusiasts
USER-0042,ITEM-069,2025-09-19T13:23:00+00:00,1.0,open,Broad enthusiasts
USER-0229,ITEM-042,2025-09-19T15:10:00+00:00,1.0,open,New explorers
USER-0224,ITEM-079,2025-09-19T15:15:00+00:00,1.0,open,Focused regulars
USER-0094,ITEM-059,2025-09-19T16:08:00+00:00,3.0,complete,New explorers
USER-0265,ITEM-034,2025-09-19T16:14:00+00:00,1.0,open,New explorers
USER-0063,ITEM-008,2025-09-19T17:20:00+00:00,1.0,open,Broad enthusiasts
USER-0216,ITEM-020,2025-09-19T19:20:00+00:00,1.0,open,Broad enthusiasts
USER-0038,ITEM-010,2025-09-19T20:16:00+00:00,1.0,open,Focused regulars
USER-0238,ITEM-005,2025-09-19T22:09:00+00:00,1.0,open,New explorers
USER-0153,ITEM-043,2025-09-19T22:22:00+00:00,1.0,open,Broad enthusiasts
USER-0058,ITEM-044,2025-09-20T07:13:00+00:00,1.0,open,New explorers
USER-0038,ITEM-070,2025-09-20T07:17:00+00:00,2.0,save,Focused regulars
USER-0060,ITEM-037,2025-09-20T07:17:00+00:00,1.0,open,Broad enthusiasts
USER-0168,ITEM-062,2025-09-20T07:24:00+00:00,1.0,open,Broad enthusiasts
USER-0232,ITEM-065,2025-09-20T08:12:00+00:00,1.0,open,New explorers
USER-0196,ITEM-005,2025-09-20T09:15:00+00:00,1.0,open,New explorers
USER-0086,ITEM-002,2025-09-20T10:17:00+00:00,1.0,open,Focused regulars
USER-0194,ITEM-014,2025-09-20T10:18:00+00:00,1.0,open,Focused regulars
USER-0176,ITEM-011,2025-09-20T10:19:00+00:00,2.0,save,Focused regulars
USER-0211,ITEM-026,2025-09-20T11:13:00+00:00,3.0,complete,New explorers
USER-0171,ITEM-048,2025-09-20T11:27:00+00:00,1.0,open,Broad enthusiasts
USER-0080,ITEM-033,2025-09-20T12:27:00+00:00,1.0,open,Focused regulars
USER-0161,ITEM-061,2025-09-20T13:14:00+00:00,1.0,open,Focused regulars
USER-0302,ITEM-028,2025-09-20T15:21:00+00:00,3.0,complete,Focused regulars
USER-0052,ITEM-072,2025-09-20T16:14:00+00:00,3.0,complete,New explorers
USER-0140,ITEM-086,2025-09-20T17:11:00+00:00,2.0,save,Focused regulars
USER-0008,ITEM-044,2025-09-20T17:13:00+00:00,1.0,open,Focused regulars
USER-0273,ITEM-012,2025-09-20T17:20:00+00:00,1.0,open,Broad enthusiasts
USER-0169,ITEM-016,2025-09-20T18:09:00+00:00,1.0,open,New explorers
USER-0155,ITEM-005,2025-09-20T18:10:00+00:00,1.0,open,Focused regulars
USER-0151,ITEM-052,2025-09-20T19:11:00+00:00,1.0,open,New explorers
USER-0240,ITEM-008,2025-09-20T21:21:00+00:00,3.0,complete,Broad enthusiasts
USER-0012,ITEM-086,2025-09-20T22:20:00+00:00,1.0,open,Broad enthusiasts
USER-0112,ITEM-031,2025-09-21T07:12:00+00:00,1.0,open,New explorers
USER-0155,ITEM-002,2025-09-21T08:11:00+00:00,1.0,open,Focused regulars
USER-0119,ITEM-049,2025-09-21T08:19:00+00:00,1.0,open,Focused regulars
USER-0073,ITEM-007,2025-09-21T09:15:00+00:00,1.0,open,New explorers
USER-0270,ITEM-038,2025-09-21T11:25:00+00:00,1.0,open,Broad enthusiasts
USER-0083,ITEM-070,2025-09-21T14:13:00+00:00,2.0,save,Focused regulars
USER-0093,ITEM-070,2025-09-21T14:23:00+00:00,1.0,open,Broad enthusiasts
USER-0169,ITEM-087,2025-09-21T15:10:00+00:00,3.0,complete,New explorers
USER-0116,ITEM-003,2025-09-21T15:14:00+00:00,1.0,open,Focused regulars
USER-0226,ITEM-037,2025-09-21T17:05:00+00:00,1.0,open,New explorers
USER-0289,ITEM-067,2025-09-21T17:09:00+00:00,1.0,open,New explorers
USER-0278,ITEM-024,2025-09-21T17:12:00+00:00,1.0,open,Focused regulars
USER-0024,ITEM-033,2025-09-21T17:18:00+00:00,1.0,open,Broad enthusiasts
USER-0084,ITEM-093,2025-09-21T17:22:00+00:00,2.0,save,Broad enthusiasts
USER-0212,ITEM-092,2025-09-21T18:11:00+00:00,1.0,open,Focused regulars
USER-0108,ITEM-039,2025-09-21T18:22:00+00:00,1.0,open,Broad enthusiasts
USER-0159,ITEM-067,2025-09-21T19:14:00+00:00,1.0,open,Broad enthusiasts
USER-0306,ITEM-064,2025-09-21T19:17:00+00:00,2.0,save,Broad enthusiasts
USER-0288,ITEM-057,2025-09-21T20:25:00+00:00,1.0,open,Broad enthusiasts
USER-0297,ITEM-052,2025-09-21T20:29:00+00:00,1.0,open,Broad enthusiasts
USER-0235,ITEM-074,2025-09-21T21:13:00+00:00,1.0,open,New explorers
USER-0213,ITEM-070,2025-09-21T21:25:00+00:00,1.0,open,Broad enthusiasts
USER-0016,ITEM-059,2025-09-21T22:12:00+00:00,1.0,open,New explorers
USER-0182,ITEM-028,2025-09-21T22:15:00+00:00,1.0,open,Focused regulars
USER-0031,ITEM-089,2025-09-22T08:09:00+00:00,2.0,save,New explorers
USER-0085,ITEM-002,2025-09-22T09:08:00+00:00,1.0,open,New explorers
USER-0083,ITEM-072,2025-09-22T09:14:00+00:00,1.0,open,Focused regulars
USER-0080,ITEM-035,2025-09-22T09:28:00+00:00,1.0,open,Focused regulars
USER-0069,ITEM-011,2025-09-22T10:18:00+00:00,3.0,complete,Broad enthusiasts
USER-0219,ITEM-033,2025-09-22T11:10:00+00:00,2.0,save,Broad enthusiasts
USER-0059,ITEM-009,2025-09-22T11:19:00+00:00,2.0,save,Focused regulars
USER-0174,ITEM-070,2025-09-22T11:19:00+00:00,1.0,open,Broad enthusiasts
USER-0184,ITEM-077,2025-09-22T12:07:00+00:00,1.0,open,New explorers
USER-0282,ITEM-086,2025-09-22T12:16:00+00:00,1.0,open,Broad enthusiasts
USER-0141,ITEM-082,2025-09-22T13:15:00+00:00,1.0,open,Broad enthusiasts
USER-0104,ITEM-067,2025-09-22T13:21:00+00:00,2.0,save,Focused regulars
USER-0079,ITEM-067,2025-09-22T15:09:00+00:00,2.0,save,New explorers
USER-0063,ITEM-012,2025-09-22T15:21:00+00:00,1.0,open,Broad enthusiasts
USER-0045,ITEM-066,2025-09-22T17:19:00+00:00,1.0,open,Broad enthusiasts
USER-0216,ITEM-043,2025-09-22T19:21:00+00:00,1.0,open,Broad enthusiasts
USER-0186,ITEM-032,2025-09-22T20:17:00+00:00,3.0,complete,Broad enthusiasts
USER-0235,ITEM-063,2025-09-22T21:14:00+00:00,2.0,save,New explorers
USER-0020,ITEM-008,2025-09-22T21:15:00+00:00,1.0,open,Focused regulars
USER-0005,ITEM-015,2025-09-22T21:18:00+00:00,3.0,complete,Focused regulars
USER-0261,ITEM-088,2025-09-22T21:25:00+00:00,2.0,save,Broad enthusiasts
USER-0014,ITEM-071,2025-09-22T22:10:00+00:00,1.0,open,Focused regulars
USER-0136,ITEM-037,2025-09-22T22:15:00+00:00,1.0,open,New explorers
USER-0255,ITEM-063,2025-09-22T22:25:00+00:00,1.0,open,Broad enthusiasts
USER-0220,ITEM-011,2025-09-23T07:10:00+00:00,1.0,open,New explorers
USER-0301,ITEM-013,2025-09-23T07:17:00+00:00,1.0,open,New explorers
USER-0060,ITEM-086,2025-09-23T07:18:00+00:00,1.0,open,Broad enthusiasts
USER-0212,ITEM-031,2025-09-23T09:12:00+00:00,2.0,save,Focused regulars
USER-0126,ITEM-083,2025-09-23T09:14:00+00:00,1.0,open,Broad enthusiasts
USER-0286,ITEM-044,2025-09-23T11:07:00+00:00,1.0,open,New explorers
USER-0147,ITEM-056,2025-09-23T11:18:00+00:00,1.0,open,Broad enthusiasts
USER-0130,ITEM-095,2025-09-23T13:09:00+00:00,1.0,open,New explorers
USER-0123,ITEM-087,2025-09-23T14:20:00+00:00,3.0,complete,Broad enthusiasts
USER-0100,ITEM-017,2025-09-23T15:13:00+00:00,3.0,complete,New explorers
USER-0201,ITEM-017,2025-09-23T15:14:00+00:00,2.0,save,Broad enthusiasts
USER-0124,ITEM-067,2025-09-23T16:11:00+00:00,2.0,save,New explorers
USER-0109,ITEM-015,2025-09-23T19:10:00+00:00,2.0,save,New explorers
USER-0310,ITEM-028,2025-09-23T19:10:00+00:00,1.0,open,New explorers
USER-0045,ITEM-011,2025-09-23T19:20:00+00:00,1.0,open,Broad enthusiasts
USER-0297,ITEM-050,2025-09-23T19:30:00+00:00,1.0,open,Broad enthusiasts
USER-0048,ITEM-080,2025-09-23T20:19:00+00:00,1.0,open,Broad enthusiasts
USER-0057,ITEM-071,2025-09-23T21:18:00+00:00,1.0,open,Broad enthusiasts
USER-0140,ITEM-067,2025-09-23T22:12:00+00:00,1.0,open,Focused regulars
USER-0008,ITEM-039,2025-09-24T07:14:00+00:00,1.0,open,Focused regulars
USER-0268,ITEM-032,2025-09-24T08:09:00+00:00,3.0,complete,New explorers
USER-0045,ITEM-005,2025-09-24T09:21:00+00:00,1.0,open,Broad enthusiasts
USER-0070,ITEM-026,2025-09-24T11:08:00+00:00,1.0,open,New explorers
USER-0278,ITEM-080,2025-09-24T13:13:00+00:00,1.0,open,Focused regulars
USER-0179,ITEM-063,2025-09-24T13:14:00+00:00,1.0,open,Focused regulars
USER-0305,ITEM-040,2025-09-24T14:10:00+00:00,2.0,save,Focused regulars
USER-0236,ITEM-090,2025-09-24T14:11:00+00:00,1.0,open,Focused regulars
USER-0293,ITEM-063,2025-09-24T14:13:00+00:00,2.0,save,Focused regulars
USER-0050,ITEM-041,2025-09-24T14:18:00+00:00,1.0,open,Focused regulars
USER-0246,ITEM-090,2025-09-24T15:18:00+00:00,2.0,save,Broad enthusiasts
USER-0169,ITEM-037,2025-09-24T16:11:00+00:00,1.0,open,New explorers
USER-0182,ITEM-011,2025-09-24T16:16:00+00:00,1.0,open,Focused regulars
USER-0041,ITEM-039,2025-09-24T16:18:00+00:00,1.0,open,Focused regulars
USER-0110,ITEM-062,2025-09-24T17:17:00+00:00,3.0,complete,Focused regulars
USER-0152,ITEM-046,2025-09-24T19:13:00+00:00,3.0,complete,Focused regulars
USER-0116,ITEM-055,2025-09-24T20:15:00+00:00,1.0,open,Focused regulars
USER-0177,ITEM-014,2025-09-24T20:17:00+00:00,2.0,save,Broad enthusiasts
USER-0031,ITEM-016,2025-09-24T21:10:00+00:00,1.0,open,New explorers
USER-0215,ITEM-061,2025-09-24T21:17:00+00:00,3.0,complete,Focused regulars
USER-0231,ITEM-059,2025-09-24T21:20:00+00:00,3.0,complete,Broad enthusiasts
USER-0063,ITEM-080,2025-09-24T21:22:00+00:00,1.0,open,Broad enthusiasts
USER-0201,ITEM-045,2025-09-24T22:15:00+00:00,2.0,save,Broad enthusiasts
USER-0224,ITEM-034,2025-09-24T22:16:00+00:00,1.0,open,Focused regulars
USER-0072,ITEM-059,2025-09-24T22:25:00+00:00,1.0,open,Broad enthusiasts
USER-0119,ITEM-070,2025-09-25T09:20:00+00:00,1.0,open,Focused regulars
USER-0076,ITEM-064,2025-09-25T11:10:00+00:00,2.0,save,New explorers
USER-0007,ITEM-019,2025-09-25T11:13:00+00:00,1.0,open,New explorers
USER-0209,ITEM-025,2025-09-25T11:17:00+00:00,1.0,open,Focused regulars
USER-0098,ITEM-072,2025-09-25T12:17:00+00:00,2.0,save,Focused regulars
USER-0104,ITEM-037,2025-09-25T12:22:00+00:00,1.0,open,Focused regulars
USER-0063,ITEM-011,2025-09-25T13:23:00+00:00,2.0,save,Broad enthusiasts
USER-0249,ITEM-026,2025-09-25T13:23:00+00:00,1.0,open,Broad enthusiasts
USER-0229,ITEM-090,2025-09-25T14:11:00+00:00,3.0,complete,New explorers
USER-0102,ITEM-088,2025-09-25T14:14:00+00:00,1.0,open,Broad enthusiasts
USER-0143,ITEM-029,2025-09-25T14:16:00+00:00,3.0,complete,Focused regulars
USER-0186,ITEM-044,2025-09-25T14:18:00+00:00,1.0,open,Broad enthusiasts
USER-0094,ITEM-011,2025-09-25T15:09:00+00:00,1.0,open,New explorers
USER-0281,ITEM-079,2025-09-25T15:19:00+00:00,2.0,save,Focused regulars
USER-0251,ITEM-063,2025-09-25T16:14:00+00:00,2.0,save,Focused regulars
USER-0015,ITEM-017,2025-09-25T16:15:00+00:00,2.0,save,Broad enthusiasts
USER-0288,ITEM-054,2025-09-25T16:26:00+00:00,1.0,open,Broad enthusiasts
USER-0080,ITEM-060,2025-09-25T16:29:00+00:00,1.0,open,Focused regulars
USER-0019,ITEM-042,2025-09-25T17:08:00+00:00,2.0,save,New explorers
USER-0287,ITEM-084,2025-09-25T18:11:00+00:00,1.0,open,Focused regulars
USER-0095,ITEM-010,2025-09-25T18:18:00+00:00,1.0,open,Focused regulars
USER-0301,ITEM-090,2025-09-25T18:18:00+00:00,1.0,open,New explorers
USER-0037,ITEM-037,2025-09-25T19:09:00+00:00,1.0,open,New explorers
USER-0258,ITEM-086,2025-09-25T19:18:00+00:00,1.0,open,Broad enthusiasts
USER-0308,ITEM-017,2025-09-25T20:13:00+00:00,1.0,open,Focused regulars
USER-0174,ITEM-047,2025-09-25T20:20:00+00:00,1.0,open,Broad enthusiasts
USER-0108,ITEM-076,2025-09-25T20:23:00+00:00,1.0,open,Broad enthusiasts
USER-0103,ITEM-010,2025-09-25T21:12:00+00:00,1.0,open,New explorers
USER-0023,ITEM-031,2025-09-25T22:14:00+00:00,3.0,complete,Focused regulars
USER-0021,ITEM-086,2025-09-25T22:19:00+00:00,1.0,open,Broad enthusiasts
USER-0231,ITEM-070,2025-09-26T07:21:00+00:00,1.0,open,Broad enthusiasts
USER-0176,ITEM-061,2025-09-26T08:20:00+00:00,1.0,open,Focused regulars
USER-0189,ITEM-041,2025-09-26T09:18:00+00:00,2.0,save,Broad enthusiasts
USER-0093,ITEM-087,2025-09-26T09:24:00+00:00,3.0,complete,Broad enthusiasts
USER-0152,ITEM-049,2025-09-26T10:14:00+00:00,3.0,complete,Focused regulars
USER-0298,ITEM-072,2025-09-26T11:08:00+00:00,1.0,open,New explorers
USER-0307,ITEM-018,2025-09-26T11:14:00+00:00,1.0,open,New explorers
USER-0169,ITEM-004,2025-09-26T12:12:00+00:00,3.0,complete,New explorers
USER-0201,ITEM-046,2025-09-26T12:16:00+00:00,2.0,save,Broad enthusiasts
USER-0221,ITEM-002,2025-09-26T13:08:00+00:00,1.0,open,Focused regulars
USER-0065,ITEM-052,2025-09-26T14:13:00+00:00,1.0,open,Focused regulars
USER-0120,ITEM-025,2025-09-26T14:19:00+00:00,2.0,save,Broad enthusiasts
USER-0087,ITEM-056,2025-09-26T14:23:00+00:00,3.0,complete,Broad enthusiasts
USER-0080,ITEM-064,2025-09-26T17:30:00+00:00,3.0,complete,Focused regulars
USER-0136,ITEM-086,2025-09-26T19:16:00+00:00,1.0,open,New explorers
USER-0149,ITEM-044,2025-09-26T19:17:00+00:00,3.0,complete,Focused regulars
USER-0260,ITEM-042,2025-09-26T19:18:00+00:00,1.0,open,Focused regulars
USER-0264,ITEM-030,2025-09-26T19:22:00+00:00,3.0,complete,Broad enthusiasts
USER-0259,ITEM-042,2025-09-26T22:11:00+00:00,2.0,save,New explorers
USER-0252,ITEM-086,2025-09-26T22:23:00+00:00,1.0,open,Broad enthusiasts
USER-0040,ITEM-070,2025-09-27T07:07:00+00:00,1.0,open,New explorers
USER-0314,ITEM-063,2025-09-27T07:13:00+00:00,1.0,open,Focused regulars
USER-0217,ITEM-061,2025-09-27T08:10:00+00:00,1.0,open,New explorers
USER-0243,ITEM-084,2025-09-27T08:18:00+00:00,3.0,complete,Broad enthusiasts
USER-0056,ITEM-042,2025-09-27T08:19:00+00:00,1.0,open,Focused regulars
USER-0261,ITEM-036,2025-09-27T08:26:00+00:00,3.0,complete,Broad enthusiasts
USER-0142,ITEM-045,2025-09-27T09:11:00+00:00,2.0,save,New explorers
USER-0050,ITEM-047,2025-09-27T11:19:00+00:00,1.0,open,Focused regulars
USER-0274,ITEM-037,2025-09-27T12:06:00+00:00,1.0,open,New explorers
USER-0136,ITEM-063,2025-09-27T12:17:00+00:00,3.0,complete,New explorers
USER-0198,ITEM-083,2025-09-27T12:24:00+00:00,1.0,open,Broad enthusiasts
USER-0270,ITEM-073,2025-09-27T12:26:00+00:00,1.0,open,Broad enthusiasts
USER-0194,ITEM-032,2025-09-27T15:19:00+00:00,3.0,complete,Focused regulars
USER-0254,ITEM-017,2025-09-27T16:17:00+00:00,2.0,save,Focused regulars
USER-0188,ITEM-063,2025-09-27T16:18:00+00:00,1.0,open,Focused regulars
USER-0311,ITEM-086,2025-09-27T17:10:00+00:00,2.0,save,Focused regulars
USER-0212,ITEM-061,2025-09-27T17:13:00+00:00,1.0,open,Focused regulars
USER-0028,ITEM-017,2025-09-27T19:05:00+00:00,2.0,save,New explorers
USER-0263,ITEM-049,2025-09-27T19:18:00+00:00,3.0,complete,Focused regulars
USER-0105,ITEM-057,2025-09-27T19:19:00+00:00,3.0,complete,Broad enthusiasts
USER-0030,ITEM-071,2025-09-27T20:27:00+00:00,1.0,open,Broad enthusiasts
USER-0128,ITEM-064,2025-09-27T22:16:00+00:00,2.0,save,Focused regulars
USER-0136,ITEM-032,2025-09-28T07:18:00+00:00,1.0,open,New explorers
USER-0129,ITEM-054,2025-09-28T08:19:00+00:00,2.0,save,Broad enthusiasts
USER-0046,ITEM-089,2025-09-28T10:07:00+00:00,1.0,open,New explorers
USER-0166,ITEM-034,2025-09-28T10:16:00+00:00,1.0,open,New explorers
USER-0149,ITEM-059,2025-09-28T12:18:00+00:00,1.0,open,Focused regulars
USER-0189,ITEM-084,2025-09-28T12:19:00+00:00,1.0,open,Broad enthusiasts
USER-0251,ITEM-079,2025-09-28T13:15:00+00:00,2.0,save,Focused regulars
USER-0224,ITEM-062,2025-09-28T13:17:00+00:00,3.0,complete,Focused regulars
USER-0070,ITEM-060,2025-09-28T14:09:00+00:00,1.0,open,New explorers
USER-0023,ITEM-066,2025-09-28T14:15:00+00:00,2.0,save,Focused regulars
USER-0116,ITEM-093,2025-09-28T14:16:00+00:00,1.0,open,Focused regulars
USER-0207,ITEM-095,2025-09-28T14:17:00+00:00,2.0,save,Broad enthusiasts
USER-0236,ITEM-004,2025-09-28T15:12:00+00:00,2.0,save,Focused regulars
USER-0299,ITEM-087,2025-09-28T16:11:00+00:00,1.0,open,Focused regulars
USER-0301,ITEM-055,2025-09-28T18:19:00+00:00,2.0,save,New explorers
USER-0138,ITEM-041,2025-09-28T18:21:00+00:00,1.0,open,Broad enthusiasts
USER-0313,ITEM-040,2025-09-28T19:06:00+00:00,2.0,save,New explorers
USER-0282,ITEM-095,2025-09-28T19:17:00+00:00,2.0,save,Broad enthusiasts
USER-0045,ITEM-087,2025-09-28T19:22:00+00:00,1.0,open,Broad enthusiasts
USER-0168,ITEM-060,2025-09-28T19:25:00+00:00,1.0,open,Broad enthusiasts
USER-0074,ITEM-052,2025-09-28T20:20:00+00:00,1.0,open,Focused regulars
USER-0294,ITEM-028,2025-09-28T20:25:00+00:00,1.0,open,Broad enthusiasts
USER-0174,ITEM-083,2025-09-28T21:21:00+00:00,3.0,complete,Broad enthusiasts
USER-0057,ITEM-049,2025-09-28T22:19:00+00:00,1.0,open,Broad enthusiasts
USER-0004,ITEM-064,2025-09-29T07:08:00+00:00,2.0,save,New explorers
USER-0077,ITEM-062,2025-09-29T08:17:00+00:00,1.0,open,Focused regulars
USER-0033,ITEM-005,2025-09-29T09:18:00+00:00,2.0,save,Broad enthusiasts
USER-0096,ITEM-077,2025-09-29T09:26:00+00:00,2.0,save,Broad enthusiasts
USER-0016,ITEM-042,2025-09-29T10:13:00+00:00,1.0,open,New explorers
USER-0090,ITEM-045,2025-09-29T10:19:00+00:00,3.0,complete,Broad enthusiasts
USER-0109,ITEM-071,2025-09-29T11:11:00+00:00,1.0,open,New explorers
USER-0300,ITEM-013,2025-09-29T11:16:00+00:00,1.0,open,Broad enthusiasts
USER-0110,ITEM-018,2025-09-29T11:18:00+00:00,3.0,complete,Focused regulars
USER-0069,ITEM-079,2025-09-29T11:19:00+00:00,1.0,open,Broad enthusiasts
USER-0045,ITEM-050,2025-09-29T12:23:00+00:00,2.0,save,Broad enthusiasts
USER-0189,ITEM-053,2025-09-29T14:20:00+00:00,1.0,open,Broad enthusiasts
USER-0017,ITEM-039,2025-09-29T15:14:00+00:00,1.0,open,Focused regulars
USER-0166,ITEM-027,2025-09-29T15:17:00+00:00,3.0,complete,New explorers
USER-0219,ITEM-052,2025-09-29T17:11:00+00:00,2.0,save,Broad enthusiasts
USER-0239,ITEM-004,2025-09-29T17:12:00+00:00,1.0,open,Focused regulars
USER-0003,ITEM-081,2025-09-29T17:19:00+00:00,1.0,open,Broad enthusiasts
USER-0043,ITEM-017,2025-09-29T18:10:00+00:00,1.0,open,New explorers
USER-0013,ITEM-045,2025-09-29T18:16:00+00:00,2.0,save,New explorers
USER-0160,ITEM-021,2025-09-29T19:09:00+00:00,3.0,complete,New explorers
USER-0173,ITEM-036,2025-09-29T19:16:00+00:00,1.0,open,Focused regulars
USER-0260,ITEM-064,2025-09-29T19:19:00+00:00,2.0,save,Focused regulars
USER-0082,ITEM-037,2025-09-29T21:05:00+00:00,1.0,open,New explorers
USER-0317,ITEM-036,2025-09-29T22:09:00+00:00,1.0,open,Focused regulars
USER-0047,ITEM-043,2025-09-29T22:14:00+00:00,1.0,open,Focused regulars
USER-0292,ITEM-017,2025-09-30T07:08:00+00:00,1.0,open,New explorers
USER-0031,ITEM-064,2025-09-30T07:11:00+00:00,1.0,open,New explorers
USER-0101,ITEM-057,2025-09-30T07:15:00+00:00,1.0,open,Focused regulars
USER-0146,ITEM-040,2025-09-30T07:18:00+00:00,1.0,open,Focused regulars
USER-0105,ITEM-011,2025-09-30T08:20:00+00:00,1.0,open,Broad enthusiasts
USER-0229,ITEM-033,2025-09-30T09:12:00+00:00,1.0,open,New explorers
USER-0239,ITEM-014,2025-09-30T09:13:00+00:00,2.0,save,Focused regulars
USER-0041,ITEM-028,2025-09-30T09:19:00+00:00,1.0,open,Focused regulars
USER-0180,ITEM-014,2025-09-30T10:18:00+00:00,2.0,save,Broad enthusiasts
USER-0129,ITEM-017,2025-09-30T10:20:00+00:00,3.0,complete,Broad enthusiasts
USER-0237,ITEM-005,2025-09-30T14:30:00+00:00,1.0,open,Broad enthusiasts
USER-0296,ITEM-046,2025-09-30T15:14:00+00:00,1.0,open,Focused regulars
USER-0002,ITEM-070,2025-09-30T15:18:00+00:00,3.0,complete,Focused regulars
USER-0114,ITEM-093,2025-09-30T16:13:00+00:00,1.0,open,Broad enthusiasts
USER-0078,ITEM-001,2025-09-30T17:22:00+00:00,2.0,save,Broad enthusiasts
USER-0215,ITEM-017,2025-09-30T19:18:00+00:00,2.0,save,Focused regulars
USER-0225,ITEM-054,2025-09-30T21:20:00+00:00,2.0,save,Broad enthusiasts
USER-0279,ITEM-046,2025-09-30T22:20:00+00:00,1.0,open,Broad enthusiasts
USER-0054,ITEM-049,2025-09-30T22:25:00+00:00,1.0,open,Broad enthusiasts
USER-0004,ITEM-015,2025-10-01T08:09:00+00:00,1.0,open,New explorers
USER-0125,ITEM-040,2025-10-01T08:11:00+00:00,3.0,complete,Focused regulars
USER-0053,ITEM-014,2025-10-01T08:13:00+00:00,3.0,complete,Focused regulars
USER-0171,ITEM-030,2025-10-01T09:28:00+00:00,1.0,open,Broad enthusiasts
USER-0116,ITEM-042,2025-10-01T12:17:00+00:00,1.0,open,Focused regulars
USER-0243,ITEM-044,2025-10-01T12:19:00+00:00,2.0,save,Broad enthusiasts
USER-0021,ITEM-045,2025-10-01T12:20:00+00:00,1.0,open,Broad enthusiasts
USER-0048,ITEM-029,2025-10-01T12:20:00+00:00,2.0,save,Broad enthusiasts
USER-0092,ITEM-054,2025-10-01T13:21:00+00:00,1.0,open,Focused regulars
USER-0291,ITEM-043,2025-10-01T13:21:00+00:00,3.0,complete,Broad enthusiasts
USER-0093,ITEM-067,2025-10-01T13:25:00+00:00,1.0,open,Broad enthusiasts
USER-0132,ITEM-024,2025-10-01T13:26:00+00:00,1.0,open,Broad enthusiasts
USER-0257,ITEM-023,2025-10-01T14:15:00+00:00,2.0,save,Focused regulars
USER-0086,ITEM-087,2025-10-01T14:18:00+00:00,2.0,save,Focused regulars
USER-0122,ITEM-013,2025-10-01T14:23:00+00:00,3.0,complete,Focused regulars
USER-0067,ITEM-035,2025-10-01T15:18:00+00:00,2.0,save,New explorers
USER-0225,ITEM-073,2025-10-01T15:21:00+00:00,3.0,complete,Broad enthusiasts
USER-0271,ITEM-055,2025-10-01T16:09:00+00:00,1.0,open,New explorers
USER-0315,ITEM-090,2025-10-01T16:25:00+00:00,3.0,complete,Broad enthusiasts
USER-0081,ITEM-054,2025-10-01T17:18:00+00:00,3.0,complete,Broad enthusiasts
USER-0072,ITEM-042,2025-10-01T17:26:00+00:00,1.0,open,Broad enthusiasts
USER-0039,ITEM-085,2025-10-01T19:19:00+00:00,1.0,open,Broad enthusiasts
USER-0143,ITEM-074,2025-10-01T21:17:00+00:00,1.0,open,Focused regulars
USER-0181,ITEM-086,2025-10-01T21:19:00+00:00,2.0,save,New explorers
USER-0087,ITEM-064,2025-10-01T21:24:00+00:00,2.0,save,Broad enthusiasts
USER-0223,ITEM-070,2025-10-01T22:12:00+00:00,1.0,open,New explorers
USER-0197,ITEM-014,2025-10-01T22:15:00+00:00,1.0,open,Focused regulars
USER-0090,ITEM-086,2025-10-01T22:20:00+00:00,1.0,open,Broad enthusiasts
USER-0174,ITEM-096,2025-10-01T22:22:00+00:00,2.0,save,Broad enthusiasts
USER-0179,ITEM-049,2025-10-02T07:15:00+00:00,2.0,save,Focused regulars
USER-0263,ITEM-074,2025-10-02T07:19:00+00:00,2.0,save,Focused regulars
USER-0291,ITEM-048,2025-10-02T07:22:00+00:00,3.0,complete,Broad enthusiasts
USER-0282,ITEM-083,2025-10-02T08:18:00+00:00,1.0,open,Broad enthusiasts
USER-0097,ITEM-046,2025-10-02T09:12:00+00:00,3.0,complete,New explorers
USER-0244,ITEM-038,2025-10-02T10:15:00+00:00,1.0,open,New explorers
USER-0009,ITEM-072,2025-10-02T12:27:00+00:00,2.0,save,Broad enthusiasts
USER-0224,ITEM-029,2025-10-02T13:18:00+00:00,1.0,open,Focused regulars
USER-0136,ITEM-092,2025-10-02T13:19:00+00:00,1.0,open,New explorers
USER-0305,ITEM-008,2025-10-02T14:11:00+00:00,2.0,save,Focused regulars
USER-0033,ITEM-066,2025-10-02T16:19:00+00:00,1.0,open,Broad enthusiasts
USER-0110,ITEM-012,2025-10-02T16:19:00+00:00,1.0,open,Focused regulars
USER-0191,ITEM-039,2025-10-02T17:17:00+00:00,1.0,open,Focused regulars
USER-0177,ITEM-064,2025-10-02T18:18:00+00:00,1.0,open,Broad enthusiasts
USER-0310,ITEM-039,2025-10-02T20:11:00+00:00,2.0,save,New explorers
USER-0198,ITEM-079,2025-10-02T21:25:00+00:00,1.0,open,Broad enthusiasts
USER-0202,ITEM-086,2025-10-02T22:14:00+00:00,2.0,save,New explorers
USER-0027,ITEM-053,2025-10-02T22:21:00+00:00,2.0,save,Broad enthusiasts
USER-0030,ITEM-062,2025-10-02T22:28:00+00:00,1.0,open,Broad enthusiasts
USER-0205,ITEM-025,2025-10-03T07:08:00+00:00,1.0,open,New explorers
USER-0298,ITEM-039,2025-10-03T07:09:00+00:00,1.0,open,New explorers
USER-0076,ITEM-011,2025-10-03T07:11:00+00:00,1.0,open,New explorers
USER-0145,ITEM-055,2025-10-03T08:13:00+00:00,1.0,open,New explorers
USER-0153,ITEM-062,2025-10-03T08:23:00+00:00,3.0,complete,Broad enthusiasts
USER-0117,ITEM-095,2025-10-03T09:16:00+00:00,2.0,save,Broad enthusiasts
USER-0297,ITEM-062,2025-10-03T09:31:00+00:00,3.0,complete,Broad enthusiasts
USER-0219,ITEM-084,2025-10-03T13:12:00+00:00,1.0,open,Broad enthusiasts
USER-0189,ITEM-005,2025-10-03T14:21:00+00:00,1.0,open,Broad enthusiasts
USER-0229,ITEM-031,2025-10-03T15:13:00+00:00,1.0,open,New explorers
USER-0039,ITEM-066,2025-10-03T15:20:00+00:00,1.0,open,Broad enthusiasts
USER-0054,ITEM-079,2025-10-03T17:26:00+00:00,1.0,open,Broad enthusiasts
USER-0110,ITEM-091,2025-10-03T18:20:00+00:00,1.0,open,Focused regulars
USER-0087,ITEM-028,2025-10-03T18:25:00+00:00,2.0,save,Broad enthusiasts
USER-0246,ITEM-042,2025-10-03T20:19:00+00:00,1.0,open,Broad enthusiasts
USER-0240,ITEM-017,2025-10-03T20:22:00+00:00,1.0,open,Broad enthusiasts
USER-0093,ITEM-075,2025-10-03T21:26:00+00:00,2.0,save,Broad enthusiasts
USER-0135,ITEM-094,2025-10-03T21:27:00+00:00,1.0,open,Broad enthusiasts
USER-0271,ITEM-019,2025-10-03T22:10:00+00:00,1.0,open,New explorers
USER-0031,ITEM-024,2025-10-03T22:12:00+00:00,3.0,complete,New explorers
USER-0083,ITEM-084,2025-10-03T22:15:00+00:00,3.0,complete,Focused regulars
USER-0319,ITEM-042,2025-10-04T07:09:00+00:00,1.0,open,New explorers
USER-0010,ITEM-040,2025-10-04T07:10:00+00:00,2.0,save,New explorers
USER-0243,ITEM-055,2025-10-04T07:20:00+00:00,3.0,complete,Broad enthusiasts
USER-0204,ITEM-060,2025-10-04T08:15:00+00:00,1.0,open,Broad enthusiasts
USER-0281,ITEM-081,2025-10-04T08:20:00+00:00,3.0,complete,Focused regulars
USER-0119,ITEM-007,2025-10-04T08:21:00+00:00,1.0,open,Focused regulars
USER-0054,ITEM-054,2025-10-04T08:27:00+00:00,1.0,open,Broad enthusiasts
USER-0122,ITEM-063,2025-10-04T09:24:00+00:00,2.0,save,Focused regulars
USER-0099,ITEM-033,2025-10-04T10:17:00+00:00,2.0,save,Broad enthusiasts
USER-0238,ITEM-078,2025-10-04T11:10:00+00:00,2.0,save,New explorers
USER-0096,ITEM-074,2025-10-04T11:27:00+00:00,2.0,save,Broad enthusiasts
USER-0022,ITEM-038,2025-10-04T12:12:00+00:00,1.0,open,New explorers
USER-0101,ITEM-094,2025-10-04T12:16:00+00:00,2.0,save,Focused regulars
USER-0205,ITEM-013,2025-10-04T13:09:00+00:00,1.0,open,New explorers
USER-0115,ITEM-082,2025-10-04T13:11:00+00:00,1.0,open,New explorers
USER-0236,ITEM-065,2025-10-04T13:13:00+00:00,1.0,open,Focused regulars
USER-0081,ITEM-021,2025-10-04T13:19:00+00:00,1.0,open,Broad enthusiasts
USER-0079,ITEM-011,2025-10-04T14:10:00+00:00,1.0,open,New explorers
USER-0116,ITEM-015,2025-10-04T17:18:00+00:00,2.0,save,Focused regulars
USER-0005,ITEM-027,2025-10-04T18:19:00+00:00,1.0,open,Focused regulars
USER-0176,ITEM-082,2025-10-04T18:21:00+00:00,1.0,open,Focused regulars
USER-0266,ITEM-052,2025-10-04T18:24:00+00:00,1.0,open,Focused regulars
USER-0237,ITEM-089,2025-10-04T18:31:00+00:00,1.0,open,Broad enthusiasts
USER-0031,ITEM-062,2025-10-04T19:13:00+00:00,1.0,open,New explorers
USER-0268,ITEM-028,2025-10-04T20:10:00+00:00,2.0,save,New explorers
USER-0147,ITEM-089,2025-10-04T22:19:00+00:00,3.0,complete,Broad enthusiasts
USER-0120,ITEM-064,2025-10-04T22:20:00+00:00,1.0,open,Broad enthusiasts
USER-0028,ITEM-034,2025-10-05T09:06:00+00:00,1.0,open,New explorers
USER-0055,ITEM-060,2025-10-05T09:09:00+00:00,2.0,save,New explorers
USER-0062,ITEM-016,2025-10-05T09:14:00+00:00,1.0,open,Focused regulars
USER-0296,ITEM-062,2025-10-05T09:15:00+00:00,1.0,open,Focused regulars
USER-0132,ITEM-091,2025-10-05T11:27:00+00:00,2.0,save,Broad enthusiasts
USER-0304,ITEM-061,2025-10-05T12:09:00+00:00,1.0,open,New explorers
USER-0024,ITEM-027,2025-10-05T12:19:00+00:00,1.0,open,Broad enthusiasts
USER-0234,ITEM-071,2025-10-05T12:28:00+00:00,2.0,save,Broad enthusiasts
USER-0061,ITEM-066,2025-10-05T13:08:00+00:00,1.0,open,New explorers
USER-0133,ITEM-067,2025-10-05T13:09:00+00:00,3.0,complete,New explorers
USER-0159,ITEM-092,2025-10-05T13:15:00+00:00,1.0,open,Broad enthusiasts
USER-0209,ITEM-015,2025-10-05T13:18:00+00:00,1.0,open,Focused regulars
USER-0093,ITEM-002,2025-10-05T13:27:00+00:00,1.0,open,Broad enthusiasts
USER-0309,ITEM-093,2025-10-05T14:16:00+00:00,1.0,open,Broad enthusiasts
USER-0051,ITEM-042,2025-10-05T14:20:00+00:00,1.0,open,Broad enthusiasts
USER-0220,ITEM-094,2025-10-05T15:11:00+00:00,2.0,save,New explorers
USER-0008,ITEM-086,2025-10-05T15:15:00+00:00,1.0,open,Focused regulars
USER-0141,ITEM-028,2025-10-05T15:16:00+00:00,1.0,open,Broad enthusiasts
USER-0030,ITEM-004,2025-10-05T15:29:00+00:00,1.0,open,Broad enthusiasts
USER-0117,ITEM-070,2025-10-05T16:17:00+00:00,1.0,open,Broad enthusiasts
USER-0042,ITEM-074,2025-10-05T16:24:00+00:00,3.0,complete,Broad enthusiasts
USER-0212,ITEM-008,2025-10-05T17:14:00+00:00,3.0,complete,Focused regulars
USER-0021,ITEM-039,2025-10-05T20:21:00+00:00,1.0,open,Broad enthusiasts
USER-0178,ITEM-082,2025-10-05T21:11:00+00:00,1.0,open,New explorers
USER-0179,ITEM-087,2025-10-05T21:16:00+00:00,1.0,open,Focused regulars
USER-0276,ITEM-043,2025-10-05T22:16:00+00:00,1.0,open,Broad enthusiasts
USER-0258,ITEM-077,2025-10-05T22:19:00+00:00,1.0,open,Broad enthusiasts
USER-0144,ITEM-057,2025-10-05T22:22:00+00:00,1.0,open,Broad enthusiasts
USER-0295,ITEM-068,2025-10-06T07:11:00+00:00,1.0,open,New explorers
USER-0066,ITEM-041,2025-10-06T07:22:00+00:00,1.0,open,Broad enthusiasts
USER-0096,ITEM-061,2025-10-06T09:28:00+00:00,1.0,open,Broad enthusiasts
USER-0145,ITEM-052,2025-10-06T11:14:00+00:00,1.0,open,New explorers
USER-0059,ITEM-064,2025-10-06T11:20:00+00:00,1.0,open,Focused regulars
USER-0263,ITEM-008,2025-10-06T11:20:00+00:00,1.0,open,Focused regulars
USER-0108,ITEM-017,2025-10-06T12:24:00+00:00,1.0,open,Broad enthusiasts
USER-0258,ITEM-065,2025-10-06T13:20:00+00:00,2.0,save,Broad enthusiasts
USER-0317,ITEM-034,2025-10-06T14:10:00+00:00,3.0,complete,Focused regulars
USER-0134,ITEM-005,2025-10-06T14:17:00+00:00,2.0,save,Focused regulars
USER-0098,ITEM-093,2025-10-06T14:18:00+00:00,1.0,open,Focused regulars
USER-0181,ITEM-033,2025-10-06T14:20:00+00:00,1.0,open,New explorers
USER-0141,ITEM-005,2025-10-06T16:17:00+00:00,1.0,open,Broad enthusiasts
USER-0024,ITEM-086,2025-10-06T16:20:00+00:00,1.0,open,Broad enthusiasts
USER-0107,ITEM-058,2025-10-06T17:16:00+00:00,1.0,open,Focused regulars
USER-0257,ITEM-066,2025-10-06T17:16:00+00:00,1.0,open,Focused regulars
USER-0105,ITEM-027,2025-10-06T17:21:00+00:00,1.0,open,Broad enthusiasts
USER-0206,ITEM-031,2025-10-06T17:22:00+00:00,1.0,open,Focused regulars
USER-0191,ITEM-060,2025-10-06T18:18:00+00:00,1.0,open,Focused regulars
USER-0254,ITEM-086,2025-10-06T18:18:00+00:00,1.0,open,Focused regulars
USER-0306,ITEM-086,2025-10-06T18:18:00+00:00,1.0,open,Broad enthusiasts
USER-0104,ITEM-087,2025-10-06T18:23:00+00:00,3.0,complete,Focused regulars
USER-0113,ITEM-093,2025-10-06T20:18:00+00:00,2.0,save,Focused regulars
USER-0032,ITEM-060,2025-10-06T21:14:00+00:00,3.0,complete,Focused regulars
USER-0243,ITEM-034,2025-10-06T21:21:00+00:00,1.0,open,Broad enthusiasts
USER-0261,ITEM-048,2025-10-06T21:27:00+00:00,3.0,complete,Broad enthusiasts
USER-0097,ITEM-067,2025-10-06T22:13:00+00:00,1.0,open,New explorers
USER-0065,ITEM-063,2025-10-06T22:14:00+00:00,1.0,open,Focused regulars
USER-0233,ITEM-038,2025-10-07T07:14:00+00:00,1.0,open,Focused regulars
USER-0152,ITEM-072,2025-10-07T07:15:00+00:00,2.0,save,Focused regulars
USER-0278,ITEM-035,2025-10-07T08:14:00+00:00,1.0,open,Focused regulars
USER-0223,ITEM-039,2025-10-07T09:13:00+00:00,1.0,open,New explorers
USER-0097,ITEM-038,2025-10-07T09:14:00+00:00,3.0,complete,New explorers
USER-0204,ITEM-024,2025-10-07T09:16:00+00:00,2.0,save,Broad enthusiasts
USER-0117,ITEM-021,2025-10-07T09:18:00+00:00,1.0,open,Broad enthusiasts
USER-0215,ITEM-051,2025-10-07T09:19:00+00:00,1.0,open,Focused regulars
USER-0213,ITEM-006,2025-10-07T09:26:00+00:00,1.0,open,Broad enthusiasts
USER-0294,ITEM-044,2025-10-07T09:26:00+00:00,1.0,open,Broad enthusiasts
USER-0311,ITEM-012,2025-10-07T11:11:00+00:00,1.0,open,Focused regulars
USER-0098,ITEM-070,2025-10-07T11:19:00+00:00,1.0,open,Focused regulars
USER-0147,ITEM-028,2025-10-07T11:20:00+00:00,2.0,save,Broad enthusiasts
USER-0268,ITEM-051,2025-10-07T12:11:00+00:00,2.0,save,New explorers
USER-0029,ITEM-028,2025-10-07T12:13:00+00:00,1.0,open,Focused regulars
USER-0271,ITEM-049,2025-10-07T13:11:00+00:00,1.0,open,New explorers
USER-0116,ITEM-086,2025-10-07T13:19:00+00:00,1.0,open,Focused regulars
USER-0131,ITEM-092,2025-10-07T14:12:00+00:00,1.0,open,Focused regulars
USER-0031,ITEM-048,2025-10-07T14:14:00+00:00,2.0,save,New explorers
USER-0210,ITEM-079,2025-10-07T14:25:00+00:00,1.0,open,Broad enthusiasts
USER-0126,ITEM-004,2025-10-07T16:15:00+00:00,2.0,save,Broad enthusiasts
USER-0315,ITEM-029,2025-10-07T17:26:00+00:00,1.0,open,Broad enthusiasts
USER-0099,ITEM-063,2025-10-07T19:18:00+00:00,2.0,save,Broad enthusiasts
USER-0195,ITEM-074,2025-10-07T19:23:00+00:00,1.0,open,Broad enthusiasts
USER-0054,ITEM-030,2025-10-07T19:28:00+00:00,2.0,save,Broad enthusiasts
USER-0046,ITEM-035,2025-10-07T20:08:00+00:00,3.0,complete,New explorers
USER-0137,ITEM-033,2025-10-07T20:14:00+00:00,1.0,open,Focused regulars
USER-0222,ITEM-082,2025-10-07T20:14:00+00:00,1.0,open,Broad enthusiasts
USER-0279,ITEM-049,2025-10-07T21:21:00+00:00,2.0,save,Broad enthusiasts
USER-0153,ITEM-040,2025-10-07T21:24:00+00:00,1.0,open,Broad enthusiasts
USER-0135,ITEM-025,2025-10-07T21:28:00+00:00,1.0,open,Broad enthusiasts
USER-0298,ITEM-011,2025-10-07T22:10:00+00:00,1.0,open,New explorers
USER-0186,ITEM-063,2025-10-07T22:19:00+00:00,1.0,open,Broad enthusiasts
USER-0119,ITEM-057,2025-10-07T22:22:00+00:00,1.0,open,Focused regulars
USER-0242,ITEM-082,2025-10-08T07:14:00+00:00,3.0,complete,Focused regulars
USER-0314,ITEM-070,2025-10-08T08:14:00+00:00,1.0,open,Focused regulars
USER-0005,ITEM-030,2025-10-08T08:20:00+00:00,1.0,open,Focused regulars
USER-0186,ITEM-094,2025-10-08T09:20:00+00:00,1.0,open,Broad enthusiasts
USER-0305,ITEM-096,2025-10-08T11:12:00+00:00,2.0,save,Focused regulars
USER-0042,ITEM-035,2025-10-08T11:25:00+00:00,3.0,complete,Broad enthusiasts
USER-0060,ITEM-067,2025-10-08T12:19:00+00:00,2.0,save,Broad enthusiasts
USER-0036,ITEM-086,2025-10-08T12:20:00+00:00,1.0,open,Broad enthusiasts
USER-0272,ITEM-021,2025-10-08T12:21:00+00:00,1.0,open,Focused regulars
USER-0277,ITEM-062,2025-10-08T16:15:00+00:00,1.0,open,New explorers
USER-0138,ITEM-063,2025-10-08T16:22:00+00:00,2.0,save,Broad enthusiasts
USER-0274,ITEM-082,2025-10-08T17:07:00+00:00,1.0,open,New explorers
USER-0008,ITEM-067,2025-10-08T17:16:00+00:00,1.0,open,Focused regulars
USER-0248,ITEM-057,2025-10-08T18:18:00+00:00,3.0,complete,Focused regulars
USER-0072,ITEM-080,2025-10-08T18:27:00+00:00,2.0,save,Broad enthusiasts
USER-0184,ITEM-025,2025-10-08T19:08:00+00:00,1.0,open,New explorers
USER-0124,ITEM-002,2025-10-08T19:12:00+00:00,1.0,open,New explorers
USER-0192,ITEM-005,2025-10-08T19:23:00+00:00,1.0,open,Broad enthusiasts
USER-0132,ITEM-014,2025-10-08T19:28:00+00:00,1.0,open,Broad enthusiasts
USER-0085,ITEM-082,2025-10-08T21:09:00+00:00,1.0,open,New explorers
USER-0170,ITEM-004,2025-10-08T21:18:00+00:00,1.0,open,Focused regulars
USER-0320,ITEM-055,2025-10-08T22:12:00+00:00,1.0,open,Focused regulars
USER-0257,ITEM-021,2025-10-08T22:17:00+00:00,3.0,complete,Focused regulars
USER-0216,ITEM-062,2025-10-08T22:22:00+00:00,1.0,open,Broad enthusiasts
USER-0171,ITEM-085,2025-10-09T07:29:00+00:00,3.0,complete,Broad enthusiasts
USER-0253,ITEM-093,2025-10-09T08:10:00+00:00,3.0,complete,New explorers
USER-0209,ITEM-010,2025-10-09T08:19:00+00:00,1.0,open,Focused regulars
USER-0014,ITEM-070,2025-10-09T11:11:00+00:00,1.0,open,Focused regulars
USER-0107,ITEM-064,2025-10-09T11:17:00+00:00,1.0,open,Focused regulars
USER-0090,ITEM-013,2025-10-09T11:21:00+00:00,1.0,open,Broad enthusiasts
USER-0234,ITEM-021,2025-10-09T12:29:00+00:00,1.0,open,Broad enthusiasts
USER-0155,ITEM-034,2025-10-09T13:12:00+00:00,1.0,open,Focused regulars
USER-0211,ITEM-044,2025-10-09T13:14:00+00:00,1.0,open,New explorers
USER-0258,ITEM-062,2025-10-09T13:21:00+00:00,1.0,open,Broad enthusiasts
USER-0183,ITEM-082,2025-10-09T14:16:00+00:00,1.0,open,Broad enthusiasts
USER-0273,ITEM-023,2025-10-09T15:21:00+00:00,2.0,save,Broad enthusiasts
USER-0276,ITEM-030,2025-10-09T16:17:00+00:00,2.0,save,Broad enthusiasts
USER-0074,ITEM-071,2025-10-09T18:21:00+00:00,2.0,save,Focused regulars
USER-0102,ITEM-057,2025-10-09T19:15:00+00:00,1.0,open,Broad enthusiasts
USER-0180,ITEM-005,2025-10-09T20:19:00+00:00,2.0,save,Broad enthusiasts
USER-0181,ITEM-002,2025-10-09T21:21:00+00:00,1.0,open,New explorers
USER-0108,ITEM-072,2025-10-09T21:25:00+00:00,1.0,open,Broad enthusiasts
USER-0186,ITEM-070,2025-10-09T22:21:00+00:00,1.0,open,Broad enthusiasts
USER-0117,ITEM-092,2025-10-10T07:19:00+00:00,2.0,save,Broad enthusiasts
USER-0021,ITEM-072,2025-10-10T07:22:00+00:00,1.0,open,Broad enthusiasts
USER-0120,ITEM-052,2025-10-10T08:21:00+00:00,2.0,save,Broad enthusiasts
USER-0138,ITEM-036,2025-10-10T08:23:00+00:00,3.0,complete,Broad enthusiasts
USER-0140,ITEM-064,2025-10-10T10:13:00+00:00,1.0,open,Focused regulars
USER-0024,ITEM-066,2025-10-10T10:21:00+00:00,1.0,open,Broad enthusiasts
USER-0025,ITEM-025,2025-10-10T12:06:00+00:00,2.0,save,New explorers
USER-0058,ITEM-038,2025-10-10T12:14:00+00:00,1.0,open,New explorers
USER-0075,ITEM-002,2025-10-10T12:19:00+00:00,1.0,open,Broad enthusiasts
USER-0126,ITEM-082,2025-10-10T13:16:00+00:00,1.0,open,Broad enthusiasts
USER-0249,ITEM-015,2025-10-10T13:24:00+00:00,1.0,open,Broad enthusiasts
USER-0112,ITEM-034,2025-10-10T14:13:00+00:00,1.0,open,New explorers
USER-0171,ITEM-028,2025-10-10T14:30:00+00:00,1.0,open,Broad enthusiasts
USER-0031,ITEM-008,2025-10-10T15:15:00+00:00,1.0,open,New explorers
USER-0118,ITEM-026,2025-10-10T17:08:00+00:00,1.0,open,New explorers
USER-0145,ITEM-033,2025-10-10T17:15:00+00:00,1.0,open,New explorers
USER-0265,ITEM-027,2025-10-10T17:15:00+00:00,1.0,open,New explorers
USER-0101,ITEM-044,2025-10-10T17:17:00+00:00,1.0,open,Focused regulars
USER-0276,ITEM-027,2025-10-10T18:18:00+00:00,1.0,open,Broad enthusiasts
USER-0195,ITEM-015,2025-10-10T18:24:00+00:00,1.0,open,Broad enthusiasts
USER-0111,ITEM-013,2025-10-10T18:27:00+00:00,3.0,complete,Broad enthusiasts
USER-0304,ITEM-063,2025-10-10T19:10:00+00:00,2.0,save,New explorers
USER-0105,ITEM-078,2025-10-10T19:22:00+00:00,1.0,open,Broad enthusiasts
USER-0090,ITEM-060,2025-10-10T20:22:00+00:00,1.0,open,Broad enthusiasts
USER-0001,ITEM-018,2025-10-10T21:12:00+00:00,3.0,complete,New explorers
USER-0209,ITEM-045,2025-10-10T21:20:00+00:00,1.0,open,Focused regulars
USER-0012,ITEM-075,2025-10-10T21:21:00+00:00,2.0,save,Broad enthusiasts
USER-0237,ITEM-036,2025-10-10T21:32:00+00:00,3.0,complete,Broad enthusiasts
USER-0023,ITEM-023,2025-10-11T07:16:00+00:00,3.0,complete,Focused regulars
USER-0057,ITEM-094,2025-10-11T08:20:00+00:00,1.0,open,Broad enthusiasts
USER-0012,ITEM-056,2025-10-11T10:22:00+00:00,1.0,open,Broad enthusiasts
USER-0150,ITEM-086,2025-10-11T10:28:00+00:00,1.0,open,Broad enthusiasts
USER-0040,ITEM-016,2025-10-11T11:08:00+00:00,2.0,save,New explorers
USER-0021,ITEM-017,2025-10-11T13:23:00+00:00,1.0,open,Broad enthusiasts
USER-0058,ITEM-005,2025-10-11T14:15:00+00:00,1.0,open,New explorers
USER-0015,ITEM-040,2025-10-11T14:16:00+00:00,2.0,save,Broad enthusiasts
USER-0064,ITEM-087,2025-10-11T16:12:00+00:00,3.0,complete,New explorers
USER-0299,ITEM-091,2025-10-11T17:12:00+00:00,1.0,open,Focused regulars
USER-0168,ITEM-027,2025-10-11T18:26:00+00:00,1.0,open,Broad enthusiasts
USER-0218,ITEM-066,2025-10-11T20:15:00+00:00,1.0,open,Focused regulars
USER-0002,ITEM-080,2025-10-11T20:19:00+00:00,1.0,open,Focused regulars
USER-0099,ITEM-046,2025-10-11T20:19:00+00:00,1.0,open,Broad enthusiasts
USER-0136,ITEM-095,2025-10-11T20:20:00+00:00,2.0,save,New explorers
USER-0041,ITEM-087,2025-10-11T21:20:00+00:00,1.0,open,Focused regulars
USER-0205,ITEM-034,2025-10-11T22:10:00+00:00,2.0,save,New explorers
USER-0095,ITEM-074,2025-10-11T22:19:00+00:00,3.0,complete,Focused regulars
USER-0250,ITEM-062,2025-10-12T08:10:00+00:00,1.0,open,New explorers
USER-0311,ITEM-037,2025-10-12T09:12:00+00:00,3.0,complete,Focused regulars
USER-0164,ITEM-086,2025-10-12T09:22:00+00:00,1.0,open,Focused regulars
USER-0204,ITEM-093,2025-10-12T12:17:00+00:00,1.0,open,Broad enthusiasts
USER-0240,ITEM-050,2025-10-12T12:23:00+00:00,1.0,open,Broad enthusiasts
USER-0100,ITEM-011,2025-10-12T14:14:00+00:00,1.0,open,New explorers
USER-0259,ITEM-095,2025-10-12T15:12:00+00:00,1.0,open,New explorers
USER-0180,ITEM-074,2025-10-12T15:20:00+00:00,1.0,open,Broad enthusiasts
USER-0245,ITEM-013,2025-10-12T16:10:00+00:00,3.0,complete,Focused regulars
USER-0017,ITEM-063,2025-10-12T19:15:00+00:00,1.0,open,Focused regulars
USER-0273,ITEM-074,2025-10-12T19:22:00+00:00,2.0,save,Broad enthusiasts
USER-0065,ITEM-003,2025-10-12T21:15:00+00:00,3.0,complete,Focused regulars
USER-0206,ITEM-077,2025-10-12T21:23:00+00:00,2.0,save,Focused regulars
USER-0108,ITEM-036,2025-10-12T21:26:00+00:00,1.0,open,Broad enthusiasts
USER-0213,ITEM-032,2025-10-13T07:27:00+00:00,1.0,open,Broad enthusiasts
USER-0261,ITEM-052,2025-10-13T07:28:00+00:00,1.0,open,Broad enthusiasts
USER-0222,ITEM-004,2025-10-13T08:15:00+00:00,3.0,complete,Broad enthusiasts
USER-0183,ITEM-083,2025-10-13T08:17:00+00:00,1.0,open,Broad enthusiasts
USER-0309,ITEM-064,2025-10-13T08:17:00+00:00,2.0,save,Broad enthusiasts
USER-0249,ITEM-042,2025-10-13T09:25:00+00:00,1.0,open,Broad enthusiasts
USER-0039,ITEM-070,2025-10-13T10:21:00+00:00,2.0,save,Broad enthusiasts
USER-0162,ITEM-046,2025-10-13T10:26:00+00:00,1.0,open,Broad enthusiasts
USER-0199,ITEM-041,2025-10-13T12:11:00+00:00,1.0,open,New explorers
USER-0153,ITEM-025,2025-10-13T12:25:00+00:00,1.0,open,Broad enthusiasts
USER-0060,ITEM-010,2025-10-13T15:20:00+00:00,1.0,open,Broad enthusiasts
USER-0132,ITEM-052,2025-10-13T16:29:00+00:00,2.0,save,Broad enthusiasts
USER-0224,ITEM-006,2025-10-13T18:19:00+00:00,3.0,complete,Focused regulars
USER-0301,ITEM-067,2025-10-13T19:20:00+00:00,2.0,save,New explorers
USER-0048,ITEM-002,2025-10-13T19:21:00+00:00,1.0,open,Broad enthusiasts
USER-0108,ITEM-053,2025-10-13T19:27:00+00:00,1.0,open,Broad enthusiasts
USER-0204,ITEM-062,2025-10-13T20:18:00+00:00,1.0,open,Broad enthusiasts
USER-0286,ITEM-086,2025-10-13T21:08:00+00:00,3.0,complete,New explorers
USER-0077,ITEM-013,2025-10-13T21:18:00+00:00,3.0,complete,Focused regulars
USER-0022,ITEM-067,2025-10-13T22:13:00+00:00,1.0,open,New explorers
USER-0023,ITEM-070,2025-10-14T07:17:00+00:00,1.0,open,Focused regulars
USER-0309,ITEM-017,2025-10-14T07:18:00+00:00,1.0,open,Broad enthusiasts
USER-0272,ITEM-026,2025-10-14T07:22:00+00:00,1.0,open,Focused regulars
USER-0297,ITEM-074,2025-10-14T07:32:00+00:00,2.0,save,Broad enthusiasts
USER-0043,ITEM-006,2025-10-14T09:11:00+00:00,1.0,open,New explorers
USER-0128,ITEM-005,2025-10-14T12:17:00+00:00,1.0,open,Focused regulars
USER-0262,ITEM-023,2025-10-14T13:12:00+00:00,1.0,open,New explorers
USER-0100,ITEM-029,2025-10-14T13:15:00+00:00,1.0,open,New explorers
USER-0171,ITEM-093,2025-10-14T13:31:00+00:00,1.0,open,Broad enthusiasts
USER-0257,ITEM-004,2025-10-14T15:18:00+00:00,1.0,open,Focused regulars
USER-0054,ITEM-078,2025-10-14T16:29:00+00:00,1.0,open,Broad enthusiasts
USER-0159,ITEM-064,2025-10-14T17:16:00+00:00,1.0,open,Broad enthusiasts
USER-0164,ITEM-083,2025-10-14T17:23:00+00:00,1.0,open,Focused regulars
USER-0061,ITEM-016,2025-10-14T18:09:00+00:00,1.0,open,New explorers
USER-0177,ITEM-086,2025-10-14T18:19:00+00:00,3.0,complete,Broad enthusiasts
USER-0138,ITEM-046,2025-10-14T18:24:00+00:00,2.0,save,Broad enthusiasts
USER-0155,ITEM-085,2025-10-14T19:13:00+00:00,1.0,open,Focused regulars
USER-0110,ITEM-057,2025-10-14T20:21:00+00:00,3.0,complete,Focused regulars
USER-0176,ITEM-012,2025-10-14T21:22:00+00:00,1.0,open,Focused regulars
USER-0280,ITEM-020,2025-10-15T08:17:00+00:00,1.0,open,New explorers
USER-0114,ITEM-015,2025-10-15T09:14:00+00:00,1.0,open,Broad enthusiasts
USER-0149,ITEM-004,2025-10-15T11:19:00+00:00,1.0,open,Focused regulars
USER-0106,ITEM-057,2025-10-15T12:08:00+00:00,1.0,open,New explorers
USER-0115,ITEM-055,2025-10-15T12:12:00+00:00,2.0,save,New explorers
USER-0177,ITEM-005,2025-10-15T13:20:00+00:00,1.0,open,Broad enthusiasts
USER-0242,ITEM-079,2025-10-15T14:15:00+00:00,1.0,open,Focused regulars
USER-0015,ITEM-064,2025-10-15T14:17:00+00:00,1.0,open,Broad enthusiasts
USER-0168,ITEM-020,2025-10-15T14:27:00+00:00,2.0,save,Broad enthusiasts
USER-0225,ITEM-042,2025-10-15T15:22:00+00:00,2.0,save,Broad enthusiasts
USER-0080,ITEM-004,2025-10-15T15:31:00+00:00,2.0,save,Focused regulars
USER-0282,ITEM-047,2025-10-15T16:19:00+00:00,2.0,save,Broad enthusiasts
USER-0292,ITEM-028,2025-10-15T17:09:00+00:00,2.0,save,New explorers
USER-0084,ITEM-051,2025-10-15T17:23:00+00:00,1.0,open,Broad enthusiasts
USER-0179,ITEM-060,2025-10-15T19:17:00+00:00,3.0,complete,Focused regulars
USER-0306,ITEM-036,2025-10-15T19:19:00+00:00,1.0,open,Broad enthusiasts
USER-0291,ITEM-029,2025-10-15T19:23:00+00:00,1.0,open,Broad enthusiasts
USER-0062,ITEM-049,2025-10-15T20:15:00+00:00,1.0,open,Focused regulars
USER-0297,ITEM-084,2025-10-15T20:33:00+00:00,1.0,open,Broad enthusiasts
USER-0187,ITEM-013,2025-10-15T21:08:00+00:00,1.0,open,New explorers
USER-0175,ITEM-037,2025-10-15T21:11:00+00:00,1.0,open,New explorers
USER-0077,ITEM-049,2025-10-15T21:19:00+00:00,1.0,open,Focused regulars
USER-0195,ITEM-006,2025-10-15T21:25:00+00:00,1.0,open,Broad enthusiasts
USER-0090,ITEM-061,2025-10-15T22:23:00+00:00,1.0,open,Broad enthusiasts
USER-0288,ITEM-066,2025-10-16T09:27:00+00:00,1.0,open,Broad enthusiasts
USER-0274,ITEM-033,2025-10-16T11:08:00+00:00,1.0,open,New explorers
USER-0294,ITEM-036,2025-10-16T11:27:00+00:00,1.0,open,Broad enthusiasts
USER-0180,ITEM-049,2025-10-16T12:21:00+00:00,2.0,save,Broad enthusiasts
USER-0189,ITEM-017,2025-10-16T13:22:00+00:00,3.0,complete,Broad enthusiasts
USER-0252,ITEM-064,2025-10-16T13:24:00+00:00,3.0,complete,Broad enthusiasts
USER-0121,ITEM-017,2025-10-16T14:14:00+00:00,2.0,save,New explorers
USER-0137,ITEM-087,2025-10-16T14:15:00+00:00,1.0,open,Focused regulars
USER-0313,ITEM-011,2025-10-16T15:07:00+00:00,1.0,open,New explorers
USER-0154,ITEM-064,2025-10-16T16:11:00+00:00,1.0,open,New explorers
USER-0162,ITEM-080,2025-10-16T16:27:00+00:00,1.0,open,Broad enthusiasts
USER-0009,ITEM-037,2025-10-16T16:28:00+00:00,2.0,save,Broad enthusiasts
USER-0239,ITEM-058,2025-10-16T17:14:00+00:00,2.0,save,Focused regulars
USER-0166,ITEM-089,2025-10-16T17:18:00+00:00,1.0,open,New explorers
USER-0264,ITEM-082,2025-10-16T17:23:00+00:00,1.0,open,Broad enthusiasts
USER-0079,ITEM-021,2025-10-16T18:11:00+00:00,3.0,complete,New explorers
USER-0141,ITEM-075,2025-10-16T19:18:00+00:00,3.0,complete,Broad enthusiasts
USER-0184,ITEM-044,2025-10-16T20:09:00+00:00,1.0,open,New explorers
USER-0006,ITEM-092,2025-10-16T20:16:00+00:00,1.0,open,Broad enthusiasts
USER-0058,ITEM-001,2025-10-16T20:16:00+00:00,1.0,open,New explorers
USER-0081,ITEM-032,2025-10-16T20:20:00+00:00,1.0,open,Broad enthusiasts
USER-0243,ITEM-001,2025-10-16T20:22:00+00:00,2.0,save,Broad enthusiasts
USER-0279,ITEM-039,2025-10-16T20:22:00+00:00,1.0,open,Broad enthusiasts
USER-0093,ITEM-042,2025-10-16T20:28:00+00:00,1.0,open,Broad enthusiasts
USER-0295,ITEM-080,2025-10-16T22:12:00+00:00,2.0,save,New explorers
USER-0123,ITEM-070,2025-10-16T22:21:00+00:00,1.0,open,Broad enthusiasts
USER-0302,ITEM-072,2025-10-16T22:22:00+00:00,1.0,open,Focused regulars
USER-0134,ITEM-016,2025-10-17T07:18:00+00:00,1.0,open,Focused regulars
USER-0244,ITEM-005,2025-10-17T08:16:00+00:00,1.0,open,New explorers
USER-0062,ITEM-062,2025-10-17T09:16:00+00:00,1.0,open,Focused regulars
USER-0240,ITEM-027,2025-10-17T10:24:00+00:00,1.0,open,Broad enthusiasts
USER-0024,ITEM-020,2025-10-17T11:22:00+00:00,1.0,open,Broad enthusiasts
USER-0093,ITEM-082,2025-10-17T11:29:00+00:00,1.0,open,Broad enthusiasts
USER-0068,ITEM-064,2025-10-17T12:23:00+00:00,1.0,open,Focused regulars
USER-0185,ITEM-095,2025-10-17T14:24:00+00:00,2.0,save,Focused regulars
USER-0043,ITEM-005,2025-10-17T15:12:00+00:00,1.0,open,New explorers
USER-0101,ITEM-006,2025-10-17T15:18:00+00:00,1.0,open,Focused regulars
USER-0273,ITEM-011,2025-10-17T16:23:00+00:00,1.0,open,Broad enthusiasts
USER-0180,ITEM-048,2025-10-17T17:22:00+00:00,1.0,open,Broad enthusiasts
USER-0203,ITEM-014,2025-10-17T17:26:00+00:00,1.0,open,Focused regulars
USER-0120,ITEM-070,2025-10-17T18:22:00+00:00,1.0,open,Broad enthusiasts
USER-0303,ITEM-084,2025-10-17T19:19:00+00:00,1.0,open,Broad enthusiasts
USER-0082,ITEM-079,2025-10-17T20:06:00+00:00,2.0,save,New explorers
USER-0206,ITEM-034,2025-10-17T21:24:00+00:00,1.0,open,Focused regulars
USER-0050,ITEM-086,2025-10-17T22:20:00+00:00,1.0,open,Focused regulars
USER-0168,ITEM-046,2025-10-17T22:28:00+00:00,1.0,open,Broad enthusiasts
USER-0294,ITEM-067,2025-10-17T22:28:00+00:00,1.0,open,Broad enthusiasts
USER-0309,ITEM-042,2025-10-18T07:19:00+00:00,1.0,open,Broad enthusiasts
USER-0147,ITEM-065,2025-10-18T07:21:00+00:00,1.0,open,Broad enthusiasts
USER-0279,ITEM-093,2025-10-18T07:23:00+00:00,2.0,save,Broad enthusiasts
USER-0286,ITEM-025,2025-10-18T09:09:00+00:00,1.0,open,New explorers
USER-0261,ITEM-079,2025-10-18T09:29:00+00:00,2.0,save,Broad enthusiasts
USER-0244,ITEM-064,2025-10-18T10:17:00+00:00,3.0,complete,New explorers
USER-0278,ITEM-053,2025-10-18T11:15:00+00:00,1.0,open,Focused regulars
USER-0215,ITEM-001,2025-10-18T11:20:00+00:00,2.0,save,Focused regulars
USER-0285,ITEM-079,2025-10-18T12:18:00+00:00,1.0,open,Broad enthusiasts
USER-0226,ITEM-079,2025-10-18T13:06:00+00:00,1.0,open,New explorers
USER-0066,ITEM-005,2025-10-18T13:23:00+00:00,2.0,save,Broad enthusiasts
USER-0250,ITEM-018,2025-10-18T14:11:00+00:00,1.0,open,New explorers
USER-0034,ITEM-034,2025-10-18T15:10:00+00:00,2.0,save,New explorers
USER-0093,ITEM-058,2025-10-18T15:30:00+00:00,1.0,open,Broad enthusiasts
USER-0307,ITEM-005,2025-10-18T16:15:00+00:00,2.0,save,New explorers
USER-0140,ITEM-048,2025-10-18T19:14:00+00:00,1.0,open,Focused regulars
USER-0095,ITEM-042,2025-10-18T19:20:00+00:00,1.0,open,Focused regulars
USER-0224,ITEM-033,2025-10-18T20:20:00+00:00,1.0,open,Focused regulars
USER-0258,ITEM-014,2025-10-18T20:22:00+00:00,1.0,open,Broad enthusiasts
USER-0108,ITEM-005,2025-10-18T20:28:00+00:00,1.0,open,Broad enthusiasts
USER-0310,ITEM-026,2025-10-18T21:12:00+00:00,1.0,open,New explorers
USER-0003,ITEM-025,2025-10-18T21:20:00+00:00,1.0,open,Broad enthusiasts
USER-0060,ITEM-026,2025-10-18T21:21:00+00:00,1.0,open,Broad enthusiasts
USER-0292,ITEM-010,2025-10-18T22:10:00+00:00,1.0,open,New explorers
USER-0188,ITEM-037,2025-10-18T22:19:00+00:00,1.0,open,Focused regulars
USER-0037,ITEM-030,2025-10-19T07:10:00+00:00,1.0,open,New explorers
USER-0309,ITEM-075,2025-10-19T07:20:00+00:00,2.0,save,Broad enthusiasts
USER-0216,ITEM-052,2025-10-19T07:23:00+00:00,2.0,save,Broad enthusiasts
USER-0250,ITEM-016,2025-10-19T08:12:00+00:00,1.0,open,New explorers
USER-0218,ITEM-037,2025-10-19T08:16:00+00:00,1.0,open,Focused regulars
USER-0130,ITEM-040,2025-10-19T09:10:00+00:00,1.0,open,New explorers
USER-0102,ITEM-074,2025-10-19T09:16:00+00:00,1.0,open,Broad enthusiasts
USER-0039,ITEM-093,2025-10-19T09:22:00+00:00,3.0,complete,Broad enthusiasts
USER-0294,ITEM-064,2025-10-19T09:29:00+00:00,1.0,open,Broad enthusiasts
USER-0112,ITEM-017,2025-10-19T10:14:00+00:00,1.0,open,New explorers
USER-0132,ITEM-003,2025-10-19T10:30:00+00:00,3.0,complete,Broad enthusiasts
USER-0033,ITEM-055,2025-10-19T11:20:00+00:00,1.0,open,Broad enthusiasts
USER-0021,ITEM-064,2025-10-19T11:24:00+00:00,1.0,open,Broad enthusiasts
USER-0042,ITEM-012,2025-10-19T12:26:00+00:00,1.0,open,Broad enthusiasts
USER-0077,ITEM-053,2025-10-19T13:20:00+00:00,2.0,save,Focused regulars
USER-0121,ITEM-028,2025-10-19T14:15:00+00:00,1.0,open,New explorers
USER-0234,ITEM-079,2025-10-19T15:30:00+00:00,2.0,save,Broad enthusiasts
USER-0271,ITEM-087,2025-10-19T16:12:00+00:00,2.0,save,New explorers
USER-0043,ITEM-037,2025-10-19T16:13:00+00:00,1.0,open,New explorers
USER-0159,ITEM-037,2025-10-19T16:17:00+00:00,3.0,complete,Broad enthusiasts
USER-0034,ITEM-086,2025-10-19T17:11:00+00:00,2.0,save,New explorers
USER-0277,ITEM-082,2025-10-19T17:16:00+00:00,1.0,open,New explorers
USER-0257,ITEM-076,2025-10-19T17:19:00+00:00,1.0,open,Focused regulars
USER-0171,ITEM-042,2025-10-19T17:32:00+00:00,1.0,open,Broad enthusiasts
USER-0285,ITEM-028,2025-10-19T18:19:00+00:00,1.0,open,Broad enthusiasts
USER-0045,ITEM-002,2025-10-19T18:24:00+00:00,1.0,open,Broad enthusiasts
USER-0099,ITEM-050,2025-10-19T19:20:00+00:00,2.0,save,Broad enthusiasts
USER-0024,ITEM-026,2025-10-19T19:23:00+00:00,2.0,save,Broad enthusiasts
USER-0133,ITEM-014,2025-10-19T20:10:00+00:00,2.0,save,New explorers
USER-0075,ITEM-087,2025-10-19T20:20:00+00:00,1.0,open,Broad enthusiasts
USER-0095,ITEM-013,2025-10-19T21:21:00+00:00,1.0,open,Focused regulars
USER-0291,ITEM-015,2025-10-19T21:24:00+00:00,3.0,complete,Broad enthusiasts
USER-0145,ITEM-064,2025-10-20T08:16:00+00:00,1.0,open,New explorers
USER-0009,ITEM-094,2025-10-20T08:29:00+00:00,1.0,open,Broad enthusiasts
USER-0104,ITEM-083,2025-10-20T09:24:00+00:00,1.0,open,Focused regulars
USER-0316,ITEM-014,2025-10-20T10:09:00+00:00,2.0,save,New explorers
USER-0039,ITEM-054,2025-10-20T10:23:00+00:00,1.0,open,Broad enthusiasts
USER-0264,ITEM-036,2025-10-20T10:24:00+00:00,2.0,save,Broad enthusiasts
USER-0206,ITEM-054,2025-10-20T10:25:00+00:00,1.0,open,Focused regulars
USER-0189,ITEM-044,2025-10-20T11:23:00+00:00,3.0,complete,Broad enthusiasts
USER-0310,ITEM-084,2025-10-20T12:13:00+00:00,1.0,open,New explorers
USER-0021,ITEM-044,2025-10-20T12:25:00+00:00,1.0,open,Broad enthusiasts
USER-0266,ITEM-037,2025-10-20T14:25:00+00:00,1.0,open,Focused regulars
USER-0103,ITEM-055,2025-10-20T15:13:00+00:00,2.0,save,New explorers
USER-0188,ITEM-044,2025-10-20T15:20:00+00:00,3.0,complete,Focused regulars
USER-0209,ITEM-021,2025-10-20T16:21:00+00:00,1.0,open,Focused regulars
USER-0258,ITEM-079,2025-10-20T16:23:00+00:00,1.0,open,Broad enthusiasts
USER-0193,ITEM-065,2025-10-20T17:12:00+00:00,1.0,open,New explorers
USER-0122,ITEM-092,2025-10-20T18:25:00+00:00,2.0,save,Focused regulars
USER-0038,ITEM-022,2025-10-20T21:18:00+00:00,2.0,save,Focused regulars
USER-0113,ITEM-062,2025-10-20T22:19:00+00:00,1.0,open,Focused regulars
USER-0146,ITEM-084,2025-10-21T07:19:00+00:00,2.0,save,Focused regulars
USER-0119,ITEM-011,2025-10-21T08:23:00+00:00,2.0,save,Focused regulars
USER-0275,ITEM-002,2025-10-21T10:09:00+00:00,3.0,complete,Focused regulars
USER-0226,ITEM-074,2025-10-21T11:07:00+00:00,1.0,open,New explorers
USER-0126,ITEM-033,2025-10-21T12:17:00+00:00,2.0,save,Broad enthusiasts
USER-0300,ITEM-093,2025-10-21T12:17:00+00:00,1.0,open,Broad enthusiasts
USER-0101,ITEM-021,2025-10-21T12:19:00+00:00,1.0,open,Focused regulars
USER-0170,ITEM-031,2025-10-21T12:19:00+00:00,1.0,open,Focused regulars
USER-0189,ITEM-063,2025-10-21T13:24:00+00:00,1.0,open,Broad enthusiasts
USER-0319,ITEM-079,2025-10-21T14:10:00+00:00,2.0,save,New explorers
USER-0039,ITEM-010,2025-10-21T14:24:00+00:00,1.0,open,Broad enthusiasts
USER-0113,ITEM-056,2025-10-21T15:20:00+00:00,2.0,save,Focused regulars
USER-0045,ITEM-084,2025-10-21T15:25:00+00:00,1.0,open,Broad enthusiasts
USER-0315,ITEM-048,2025-10-21T15:27:00+00:00,1.0,open,Broad enthusiasts
USER-0303,ITEM-021,2025-10-21T17:20:00+00:00,1.0,open,Broad enthusiasts
USER-0162,ITEM-087,2025-10-21T18:28:00+00:00,1.0,open,Broad enthusiasts
USER-0069,ITEM-045,2025-10-21T19:20:00+00:00,1.0,open,Broad enthusiasts
USER-0123,ITEM-077,2025-10-21T20:22:00+00:00,2.0,save,Broad enthusiasts
USER-0311,ITEM-092,2025-10-21T21:13:00+00:00,1.0,open,Focused regulars
USER-0004,ITEM-056,2025-10-22T08:10:00+00:00,3.0,complete,New explorers
USER-0021,ITEM-041,2025-10-22T08:26:00+00:00,1.0,open,Broad enthusiasts
USER-0165,ITEM-037,2025-10-22T08:27:00+00:00,3.0,complete,Broad enthusiasts
USER-0007,ITEM-027,2025-10-22T09:14:00+00:00,2.0,save,New explorers
USER-0016,ITEM-019,2025-10-22T09:14:00+00:00,2.0,save,New explorers
USER-0188,ITEM-030,2025-10-22T09:21:00+00:00,1.0,open,Focused regulars
USER-0246,ITEM-094,2025-10-22T11:20:00+00:00,3.0,complete,Broad enthusiasts
USER-0225,ITEM-069,2025-10-22T11:23:00+00:00,2.0,save,Broad enthusiasts
USER-0240,ITEM-048,2025-10-22T12:25:00+00:00,1.0,open,Broad enthusiasts
USER-0184,ITEM-020,2025-10-22T14:10:00+00:00,2.0,save,New explorers
USER-0008,ITEM-083,2025-10-22T15:17:00+00:00,1.0,open,Focused regulars
USER-0120,ITEM-087,2025-10-22T15:23:00+00:00,1.0,open,Broad enthusiasts
USER-0131,ITEM-017,2025-10-22T16:13:00+00:00,1.0,open,Focused regulars
USER-0113,ITEM-058,2025-10-22T16:21:00+00:00,2.0,save,Focused regulars
USER-0027,ITEM-052,2025-10-22T16:22:00+00:00,1.0,open,Broad enthusiasts
USER-0068,ITEM-037,2025-10-22T16:24:00+00:00,1.0,open,Focused regulars
USER-0090,ITEM-070,2025-10-22T16:24:00+00:00,1.0,open,Broad enthusiasts
USER-0192,ITEM-044,2025-10-22T16:24:00+00:00,1.0,open,Broad enthusiasts
USER-0163,ITEM-027,2025-10-22T17:12:00+00:00,1.0,open,New explorers
USER-0062,ITEM-060,2025-10-22T18:17:00+00:00,1.0,open,Focused regulars
USER-0203,ITEM-058,2025-10-22T18:27:00+00:00,1.0,open,Focused regulars
USER-0102,ITEM-064,2025-10-22T20:17:00+00:00,1.0,open,Broad enthusiasts
USER-0207,ITEM-034,2025-10-22T20:18:00+00:00,1.0,open,Broad enthusiasts
USER-0273,ITEM-035,2025-10-22T20:24:00+00:00,1.0,open,Broad enthusiasts
USER-0294,ITEM-092,2025-10-22T20:30:00+00:00,1.0,open,Broad enthusiasts
USER-0003,ITEM-094,2025-10-22T21:21:00+00:00,1.0,open,Broad enthusiasts
USER-0060,ITEM-025,2025-10-22T21:22:00+00:00,2.0,save,Broad enthusiasts
USER-0039,ITEM-059,2025-10-22T22:25:00+00:00,2.0,save,Broad enthusiasts
USER-0150,ITEM-005,2025-10-22T22:29:00+00:00,1.0,open,Broad enthusiasts
USER-0275,ITEM-018,2025-10-23T07:10:00+00:00,2.0,save,Focused regulars
USER-0255,ITEM-095,2025-10-23T08:26:00+00:00,3.0,complete,Broad enthusiasts
USER-0218,ITEM-012,2025-10-23T09:17:00+00:00,1.0,open,Focused regulars
USER-0236,ITEM-052,2025-10-23T10:14:00+00:00,1.0,open,Focused regulars
USER-0307,ITEM-052,2025-10-23T10:16:00+00:00,2.0,save,New explorers
USER-0031,ITEM-058,2025-10-23T13:16:00+00:00,1.0,open,New explorers
USER-0189,ITEM-012,2025-10-23T13:25:00+00:00,2.0,save,Broad enthusiasts
USER-0320,ITEM-061,2025-10-23T14:13:00+00:00,2.0,save,Focused regulars
USER-0293,ITEM-027,2025-10-23T14:14:00+00:00,1.0,open,Focused regulars
USER-0027,ITEM-025,2025-10-23T15:23:00+00:00,1.0,open,Broad enthusiasts
USER-0054,ITEM-038,2025-10-23T15:30:00+00:00,2.0,save,Broad enthusiasts
USER-0131,ITEM-015,2025-10-23T16:14:00+00:00,1.0,open,Focused regulars
USER-0282,ITEM-029,2025-10-23T16:20:00+00:00,1.0,open,Broad enthusiasts
USER-0286,ITEM-043,2025-10-23T17:10:00+00:00,1.0,open,New explorers
USER-0268,ITEM-083,2025-10-23T17:12:00+00:00,1.0,open,New explorers
USER-0062,ITEM-033,2025-10-23T17:18:00+00:00,2.0,save,Focused regulars
USER-0291,ITEM-064,2025-10-23T17:25:00+00:00,1.0,open,Broad enthusiasts
USER-0145,ITEM-017,2025-10-23T18:17:00+00:00,3.0,complete,New explorers
USER-0201,ITEM-006,2025-10-23T19:17:00+00:00,1.0,open,Broad enthusiasts
USER-0285,ITEM-072,2025-10-23T19:20:00+00:00,2.0,save,Broad enthusiasts
USER-0297,ITEM-076,2025-10-23T19:34:00+00:00,1.0,open,Broad enthusiasts
USER-0164,ITEM-042,2025-10-23T20:24:00+00:00,2.0,save,Focused regulars
USER-0025,ITEM-062,2025-10-23T22:07:00+00:00,1.0,open,New explorers
USER-0180,ITEM-064,2025-10-23T22:23:00+00:00,1.0,open,Broad enthusiasts
USER-0039,ITEM-052,2025-10-23T22:26:00+00:00,1.0,open,Broad enthusiasts
USER-0232,ITEM-075,2025-10-24T07:13:00+00:00,1.0,open,New explorers
USER-0182,ITEM-080,2025-10-24T07:17:00+00:00,1.0,open,Focused regulars
USER-0215,ITEM-020,2025-10-24T07:21:00+00:00,1.0,open,Focused regulars
USER-0189,ITEM-056,2025-10-24T07:26:00+00:00,1.0,open,Broad enthusiasts
USER-0099,ITEM-039,2025-10-24T08:21:00+00:00,2.0,save,Broad enthusiasts
USER-0153,ITEM-031,2025-10-24T09:26:00+00:00,1.0,open,Broad enthusiasts
USER-0047,ITEM-056,2025-10-24T10:15:00+00:00,3.0,complete,Focused regulars
USER-0132,ITEM-035,2025-10-24T12:31:00+00:00,2.0,save,Broad enthusiasts
USER-0156,ITEM-085,2025-10-24T14:21:00+00:00,1.0,open,Broad enthusiasts
USER-0016,ITEM-010,2025-10-24T15:15:00+00:00,1.0,open,New explorers
USER-0135,ITEM-042,2025-10-24T15:29:00+00:00,1.0,open,Broad enthusiasts
USER-0152,ITEM-041,2025-10-24T16:16:00+00:00,2.0,save,Focused regulars
USER-0092,ITEM-030,2025-10-24T16:22:00+00:00,1.0,open,Focused regulars
USER-0308,ITEM-041,2025-10-24T18:14:00+00:00,1.0,open,Focused regulars
USER-0175,ITEM-064,2025-10-24T19:12:00+00:00,1.0,open,New explorers
USER-0257,ITEM-031,2025-10-24T20:20:00+00:00,2.0,save,Focused regulars
USER-0219,ITEM-036,2025-10-24T21:13:00+00:00,3.0,complete,Broad enthusiasts
USER-0240,ITEM-079,2025-10-24T21:26:00+00:00,2.0,save,Broad enthusiasts
USER-0172,ITEM-048,2025-10-24T22:10:00+00:00,1.0,open,New explorers
USER-0021,ITEM-062,2025-10-25T08:27:00+00:00,1.0,open,Broad enthusiasts
USER-0140,ITEM-013,2025-10-25T12:15:00+00:00,3.0,complete,Focused regulars
USER-0087,ITEM-079,2025-10-25T13:26:00+00:00,3.0,complete,Broad enthusiasts
USER-0278,ITEM-047,2025-10-25T14:16:00+00:00,1.0,open,Focused regulars
USER-0059,ITEM-076,2025-10-25T14:21:00+00:00,1.0,open,Focused regulars
USER-0265,ITEM-071,2025-10-25T15:16:00+00:00,1.0,open,New explorers
USER-0303,ITEM-073,2025-10-25T16:21:00+00:00,1.0,open,Broad enthusiasts
USER-0160,ITEM-024,2025-10-25T17:10:00+00:00,1.0,open,New explorers
USER-0259,ITEM-081,2025-10-25T17:13:00+00:00,3.0,complete,New explorers
USER-0103,ITEM-064,2025-10-25T17:14:00+00:00,1.0,open,New explorers
USER-0126,ITEM-096,2025-10-25T17:18:00+00:00,1.0,open,Broad enthusiasts
USER-0306,ITEM-028,2025-10-25T17:20:00+00:00,1.0,open,Broad enthusiasts
USER-0119,ITEM-043,2025-10-25T17:24:00+00:00,2.0,save,Focused regulars
USER-0082,ITEM-017,2025-10-25T20:07:00+00:00,1.0,open,New explorers
USER-0152,ITEM-052,2025-10-25T20:17:00+00:00,2.0,save,Focused regulars
USER-0134,ITEM-044,2025-10-25T20:19:00+00:00,2.0,save,Focused regulars
USER-0080,ITEM-053,2025-10-25T20:32:00+00:00,3.0,complete,Focused regulars
USER-0287,ITEM-039,2025-10-25T21:12:00+00:00,1.0,open,Focused regulars
USER-0045,ITEM-072,2025-10-25T21:26:00+00:00,2.0,save,Broad enthusiasts
USER-0128,ITEM-060,2025-10-26T07:18:00+00:00,1.0,open,Focused regulars
USER-0054,ITEM-069,2025-10-26T07:31:00+00:00,1.0,open,Broad enthusiasts
USER-0244,ITEM-026,2025-10-26T08:18:00+00:00,1.0,open,New explorers
USER-0095,ITEM-069,2025-10-26T08:22:00+00:00,3.0,complete,Focused regulars
USER-0105,ITEM-089,2025-10-26T09:23:00+00:00,3.0,complete,Broad enthusiasts
USER-0112,ITEM-057,2025-10-26T10:15:00+00:00,2.0,save,New explorers
USER-0316,ITEM-034,2025-10-26T11:10:00+00:00,1.0,open,New explorers
USER-0071,ITEM-074,2025-10-26T11:12:00+00:00,1.0,open,Focused regulars
USER-0094,ITEM-047,2025-10-26T12:10:00+00:00,1.0,open,New explorers
USER-0290,ITEM-042,2025-10-26T12:19:00+00:00,1.0,open,Focused regulars
USER-0123,ITEM-047,2025-10-26T12:23:00+00:00,1.0,open,Broad enthusiasts
USER-0067,ITEM-014,2025-10-26T14:19:00+00:00,1.0,open,New explorers
USER-0248,ITEM-013,2025-10-26T14:19:00+00:00,2.0,save,Focused regulars
USER-0068,ITEM-094,2025-10-26T14:25:00+00:00,1.0,open,Focused regulars
USER-0058,ITEM-036,2025-10-26T15:17:00+00:00,1.0,open,New explorers
USER-0216,ITEM-077,2025-10-26T16:24:00+00:00,1.0,open,Broad enthusiasts
USER-0026,ITEM-078,2025-10-26T17:16:00+00:00,1.0,open,Focused regulars
USER-0062,ITEM-054,2025-10-26T17:19:00+00:00,1.0,open,Focused regulars
USER-0225,ITEM-052,2025-10-26T17:24:00+00:00,1.0,open,Broad enthusiasts
USER-0271,ITEM-005,2025-10-26T18:13:00+00:00,2.0,save,New explorers
USER-0180,ITEM-082,2025-10-26T18:24:00+00:00,1.0,open,Broad enthusiasts
USER-0064,ITEM-039,2025-10-26T19:13:00+00:00,1.0,open,New explorers
USER-0284,ITEM-086,2025-10-26T19:18:00+00:00,1.0,open,Focused regulars
USER-0198,ITEM-010,2025-10-26T20:26:00+00:00,1.0,open,Broad enthusiasts
USER-0275,ITEM-046,2025-10-26T22:11:00+00:00,3.0,complete,Focused regulars
USER-0060,ITEM-029,2025-10-26T22:23:00+00:00,1.0,open,Broad enthusiasts
USER-0011,ITEM-052,2025-10-27T07:14:00+00:00,1.0,open,Focused regulars
USER-0012,ITEM-024,2025-10-27T07:23:00+00:00,1.0,open,Broad enthusiasts
USER-0213,ITEM-066,2025-10-27T07:28:00+00:00,1.0,open,Broad enthusiasts
USER-0080,ITEM-049,2025-10-27T07:33:00+00:00,1.0,open,Focused regulars
USER-0293,ITEM-062,2025-10-27T08:15:00+00:00,1.0,open,Focused regulars
USER-0050,ITEM-066,2025-10-27T08:21:00+00:00,1.0,open,Focused regulars
USER-0304,ITEM-034,2025-10-27T10:11:00+00:00,2.0,save,New explorers
USER-0141,ITEM-018,2025-10-27T10:19:00+00:00,1.0,open,Broad enthusiasts
USER-0058,ITEM-012,2025-10-27T11:18:00+00:00,1.0,open,New explorers
USER-0158,ITEM-095,2025-10-27T12:21:00+00:00,1.0,open,Focused regulars
USER-0046,ITEM-034,2025-10-27T13:09:00+00:00,3.0,complete,New explorers
USER-0161,ITEM-032,2025-10-27T13:15:00+00:00,3.0,complete,Focused regulars
USER-0065,ITEM-060,2025-10-27T13:16:00+00:00,1.0,open,Focused regulars
USER-0101,ITEM-019,2025-10-27T13:20:00+00:00,3.0,complete,Focused regulars
USER-0123,ITEM-026,2025-10-27T13:24:00+00:00,1.0,open,Broad enthusiasts
USER-0189,ITEM-086,2025-10-27T13:27:00+00:00,1.0,open,Broad enthusiasts
USER-0252,ITEM-021,2025-10-27T14:25:00+00:00,1.0,open,Broad enthusiasts
USER-0021,ITEM-063,2025-10-27T14:28:00+00:00,1.0,open,Broad enthusiasts
USER-0288,ITEM-037,2025-10-27T14:28:00+00:00,1.0,open,Broad enthusiasts
USER-0030,ITEM-093,2025-10-27T14:30:00+00:00,1.0,open,Broad enthusiasts
USER-0131,ITEM-041,2025-10-27T15:15:00+00:00,1.0,open,Focused regulars
USER-0212,ITEM-086,2025-10-27T15:15:00+00:00,1.0,open,Focused regulars
USER-0195,ITEM-031,2025-10-27T16:26:00+00:00,1.0,open,Broad enthusiasts
USER-0075,ITEM-034,2025-10-27T17:21:00+00:00,1.0,open,Broad enthusiasts
USER-0129,ITEM-024,2025-10-27T17:21:00+00:00,3.0,complete,Broad enthusiasts
USER-0316,ITEM-006,2025-10-27T18:11:00+00:00,3.0,complete,New explorers
USER-0004,ITEM-093,2025-10-27T20:11:00+00:00,2.0,save,New explorers
USER-0244,ITEM-063,2025-10-27T20:19:00+00:00,1.0,open,New explorers
USER-0093,ITEM-023,2025-10-27T20:31:00+00:00,3.0,complete,Broad enthusiasts
USER-0294,ITEM-015,2025-10-27T21:31:00+00:00,1.0,open,Broad enthusiasts
USER-0249,ITEM-052,2025-10-27T22:26:00+00:00,1.0,open,Broad enthusiasts
USER-0089,ITEM-070,2025-10-28T07:13:00+00:00,1.0,open,Focused regulars
USER-0304,ITEM-042,2025-10-28T08:12:00+00:00,1.0,open,New explorers
USER-0016,ITEM-011,2025-10-28T08:16:00+00:00,1.0,open,New explorers
USER-0299,ITEM-054,2025-10-28T11:13:00+00:00,2.0,save,Focused regulars
USER-0071,ITEM-045,2025-10-28T12:13:00+00:00,3.0,complete,Focused regulars
USER-0316,ITEM-008,2025-10-28T14:12:00+00:00,1.0,open,New explorers
USER-0107,ITEM-044,2025-10-28T14:18:00+00:00,1.0,open,Focused regulars
USER-0172,ITEM-074,2025-10-28T15:11:00+00:00,1.0,open,New explorers
USER-0129,ITEM-028,2025-10-28T15:22:00+00:00,2.0,save,Broad enthusiasts
USER-0231,ITEM-077,2025-10-28T16:22:00+00:00,1.0,open,Broad enthusiasts
USER-0018,ITEM-059,2025-10-28T16:23:00+00:00,1.0,open,Broad enthusiasts
USER-0021,ITEM-004,2025-10-28T16:29:00+00:00,1.0,open,Broad enthusiasts
USER-0122,ITEM-065,2025-10-28T17:26:00+00:00,2.0,save,Focused regulars
USER-0224,ITEM-060,2025-10-28T18:21:00+00:00,3.0,complete,Focused regulars
USER-0167,ITEM-049,2025-10-28T19:11:00+00:00,2.0,save,Focused regulars
USER-0201,ITEM-041,2025-10-28T19:18:00+00:00,3.0,complete,Broad enthusiasts
USER-0035,ITEM-060,2025-10-28T19:19:00+00:00,1.0,open,Focused regulars
USER-0117,ITEM-028,2025-10-28T19:20:00+00:00,3.0,complete,Broad enthusiasts
USER-0238,ITEM-018,2025-10-28T20:11:00+00:00,2.0,save,New explorers
USER-0044,ITEM-025,2025-10-28T20:13:00+00:00,1.0,open,Focused regulars
USER-0309,ITEM-002,2025-10-28T20:21:00+00:00,2.0,save,Broad enthusiasts
USER-0127,ITEM-015,2025-10-28T21:12:00+00:00,1.0,open,New explorers
USER-0308,ITEM-095,2025-10-28T21:15:00+00:00,1.0,open,Focused regulars
USER-0063,ITEM-058,2025-10-28T21:24:00+00:00,3.0,complete,Broad enthusiasts
USER-0186,ITEM-093,2025-10-28T22:22:00+00:00,1.0,open,Broad enthusiasts
USER-0219,ITEM-068,2025-10-29T07:14:00+00:00,1.0,open,Broad enthusiasts
USER-0222,ITEM-043,2025-10-29T07:16:00+00:00,1.0,open,Broad enthusiasts
USER-0241,ITEM-042,2025-10-29T10:06:00+00:00,1.0,open,New explorers
USER-0262,ITEM-049,2025-10-29T11:13:00+00:00,2.0,save,New explorers
USER-0089,ITEM-050,2025-10-29T12:14:00+00:00,3.0,complete,Focused regulars
USER-0294,ITEM-038,2025-10-29T13:32:00+00:00,1.0,open,Broad enthusiasts
USER-0019,ITEM-026,2025-10-29T15:09:00+00:00,1.0,open,New explorers
USER-0032,ITEM-044,2025-10-29T16:15:00+00:00,1.0,open,Focused regulars
USER-0315,ITEM-095,2025-10-29T16:28:00+00:00,3.0,complete,Broad enthusiasts
USER-0108,ITEM-032,2025-10-29T17:29:00+00:00,1.0,open,Broad enthusiasts
USER-0127,ITEM-024,2025-10-29T18:13:00+00:00,1.0,open,New explorers
USER-0260,ITEM-063,2025-10-29T18:20:00+00:00,1.0,open,Focused regulars
USER-0059,ITEM-093,2025-10-29T18:22:00+00:00,1.0,open,Focused regulars
USER-0147,ITEM-009,2025-10-29T19:22:00+00:00,3.0,complete,Broad enthusiasts
USER-0119,ITEM-093,2025-10-29T19:25:00+00:00,1.0,open,Focused regulars
USER-0060,ITEM-007,2025-10-29T20:24:00+00:00,1.0,open,Broad enthusiasts
USER-0254,ITEM-031,2025-10-29T22:19:00+00:00,1.0,open,Focused regulars
USER-0288,ITEM-069,2025-10-29T22:29:00+00:00,1.0,open,Broad enthusiasts
USER-0041,ITEM-017,2025-10-30T07:21:00+00:00,2.0,save,Focused regulars
USER-0106,ITEM-034,2025-10-30T08:09:00+00:00,1.0,open,New explorers
USER-0038,ITEM-062,2025-10-30T08:19:00+00:00,2.0,save,Focused regulars
USER-0174,ITEM-080,2025-10-30T08:23:00+00:00,1.0,open,Broad enthusiasts
USER-0060,ITEM-049,2025-10-30T08:25:00+00:00,1.0,open,Broad enthusiasts
USER-0266,ITEM-062,2025-10-30T08:26:00+00:00,1.0,open,Focused regulars
USER-0059,ITEM-060,2025-10-30T09:23:00+00:00,3.0,complete,Focused regulars
USER-0256,ITEM-003,2025-10-30T13:09:00+00:00,1.0,open,New explorers
USER-0242,ITEM-022,2025-10-30T13:16:00+00:00,1.0,open,Focused regulars
USER-0006,ITEM-044,2025-10-30T13:17:00+00:00,3.0,complete,Broad enthusiasts
USER-0027,ITEM-026,2025-10-30T13:24:00+00:00,1.0,open,Broad enthusiasts
USER-0011,ITEM-043,2025-10-30T14:15:00+00:00,1.0,open,Focused regulars
USER-0290,ITEM-084,2025-10-30T14:20:00+00:00,2.0,save,Focused regulars
USER-0257,ITEM-094,2025-10-30T14:21:00+00:00,1.0,open,Focused regulars
USER-0063,ITEM-060,2025-10-30T14:25:00+00:00,1.0,open,Broad enthusiasts
USER-0171,ITEM-066,2025-10-30T14:33:00+00:00,1.0,open,Broad enthusiasts
USER-0303,ITEM-067,2025-10-30T17:22:00+00:00,1.0,open,Broad enthusiasts
USER-0018,ITEM-051,2025-10-30T17:24:00+00:00,2.0,save,Broad enthusiasts
USER-0212,ITEM-064,2025-10-30T18:16:00+00:00,1.0,open,Focused regulars
USER-0138,ITEM-014,2025-10-30T18:25:00+00:00,1.0,open,Broad enthusiasts
USER-0084,ITEM-078,2025-10-30T19:24:00+00:00,3.0,complete,Broad enthusiasts
USER-0198,ITEM-045,2025-10-30T20:27:00+00:00,1.0,open,Broad enthusiasts
USER-0277,ITEM-002,2025-10-30T21:17:00+00:00,1.0,open,New explorers
USER-0119,ITEM-004,2025-10-30T22:26:00+00:00,1.0,open,Focused regulars
USER-0058,ITEM-051,2025-10-31T07:19:00+00:00,3.0,complete,New explorers
USER-0059,ITEM-079,2025-10-31T07:24:00+00:00,3.0,complete,Focused regulars
USER-0264,ITEM-049,2025-10-31T09:25:00+00:00,1.0,open,Broad enthusiasts
USER-0092,ITEM-083,2025-10-31T10:23:00+00:00,2.0,save,Focused regulars
USER-0168,ITEM-064,2025-10-31T10:29:00+00:00,1.0,open,Broad enthusiasts
USER-0040,ITEM-064,2025-10-31T13:09:00+00:00,1.0,open,New explorers
USER-0154,ITEM-003,2025-10-31T13:12:00+00:00,1.0,open,New explorers
USER-0201,ITEM-064,2025-10-31T13:19:00+00:00,1.0,open,Broad enthusiasts
USER-0224,ITEM-013,2025-10-31T13:22:00+00:00,1.0,open,Focused regulars
USER-0256,ITEM-090,2025-10-31T14:10:00+00:00,2.0,save,New explorers
USER-0235,ITEM-021,2025-10-31T16:15:00+00:00,1.0,open,New explorers
USER-0204,ITEM-070,2025-10-31T16:19:00+00:00,1.0,open,Broad enthusiasts
USER-0312,ITEM-044,2025-10-31T17:12:00+00:00,1.0,open,Broad enthusiasts
USER-0214,ITEM-049,2025-10-31T18:07:00+00:00,2.0,save,New explorers
USER-0176,ITEM-090,2025-10-31T19:23:00+00:00,1.0,open,Focused regulars
USER-0012,ITEM-046,2025-10-31T19:24:00+00:00,1.0,open,Broad enthusiasts
USER-0226,ITEM-024,2025-10-31T20:08:00+00:00,1.0,open,New explorers
USER-0260,ITEM-053,2025-10-31T20:21:00+00:00,1.0,open,Focused regulars
USER-0152,ITEM-084,2025-10-31T21:18:00+00:00,2.0,save,Focused regulars
USER-0039,ITEM-086,2025-10-31T22:27:00+00:00,1.0,open,Broad enthusiasts
USER-0102,ITEM-065,2025-11-01T08:18:00+00:00,1.0,open,Broad enthusiasts
USER-0057,ITEM-079,2025-11-01T08:21:00+00:00,2.0,save,Broad enthusiasts
USER-0156,ITEM-092,2025-11-01T09:22:00+00:00,1.0,open,Broad enthusiasts
USER-0181,ITEM-093,2025-11-01T10:22:00+00:00,1.0,open,New explorers
USER-0300,ITEM-069,2025-11-01T11:18:00+00:00,2.0,save,Broad enthusiasts
USER-0111,ITEM-064,2025-11-01T11:28:00+00:00,1.0,open,Broad enthusiasts
USER-0116,ITEM-019,2025-11-01T13:20:00+00:00,1.0,open,Focused regulars
USER-0267,ITEM-018,2025-11-01T13:23:00+00:00,1.0,open,Broad enthusiasts
USER-0051,ITEM-077,2025-11-01T14:21:00+00:00,2.0,save,Broad enthusiasts
USER-0240,ITEM-088,2025-11-01T15:27:00+00:00,1.0,open,Broad enthusiasts
USER-0211,ITEM-063,2025-11-01T16:15:00+00:00,1.0,open,New explorers
USER-0117,ITEM-054,2025-11-01T16:21:00+00:00,1.0,open,Broad enthusiasts
USER-0174,ITEM-086,2025-11-01T16:24:00+00:00,3.0,complete,Broad enthusiasts
USER-0141,ITEM-088,2025-11-01T17:20:00+00:00,1.0,open,Broad enthusiasts
USER-0215,ITEM-052,2025-11-01T18:22:00+00:00,1.0,open,Focused regulars
USER-0272,ITEM-082,2025-11-01T18:23:00+00:00,1.0,open,Focused regulars
USER-0153,ITEM-064,2025-11-01T18:27:00+00:00,1.0,open,Broad enthusiasts
USER-0200,ITEM-027,2025-11-01T20:18:00+00:00,1.0,open,Focused regulars
USER-0050,ITEM-022,2025-11-01T20:22:00+00:00,1.0,open,Focused regulars
USER-0190,ITEM-036,2025-11-01T21:10:00+00:00,1.0,open,New explorers
USER-0010,ITEM-037,2025-11-02T08:11:00+00:00,2.0,save,New explorers
USER-0263,ITEM-061,2025-11-02T13:21:00+00:00,1.0,open,Focused regulars
USER-0277,ITEM-027,2025-11-02T15:18:00+00:00,1.0,open,New explorers
USER-0084,ITEM-022,2025-11-02T15:25:00+00:00,1.0,open,Broad enthusiasts
USER-0183,ITEM-016,2025-11-02T16:18:00+00:00,2.0,save,Broad enthusiasts
USER-0041,ITEM-009,2025-11-02T16:22:00+00:00,1.0,open,Focused regulars
USER-0288,ITEM-007,2025-11-02T16:30:00+00:00,1.0,open,Broad enthusiasts
USER-0101,ITEM-084,2025-11-02T17:21:00+00:00,1.0,open,Focused regulars
USER-0285,ITEM-026,2025-11-02T17:21:00+00:00,1.0,open,Broad enthusiasts
USER-0247,ITEM-073,2025-11-02T18:08:00+00:00,2.0,save,New explorers
USER-0316,ITEM-016,2025-11-02T20:13:00+00:00,2.0,save,New explorers
USER-0185,ITEM-040,2025-11-02T20:25:00+00:00,2.0,save,Focused regulars
USER-0104,ITEM-020,2025-11-02T21:25:00+00:00,1.0,open,Focused regulars
USER-0281,ITEM-082,2025-11-02T22:21:00+00:00,2.0,save,Focused regulars
USER-0180,ITEM-039,2025-11-02T22:25:00+00:00,2.0,save,Broad enthusiasts
USER-0074,ITEM-042,2025-11-03T07:22:00+00:00,1.0,open,Focused regulars
USER-0123,ITEM-043,2025-11-03T07:25:00+00:00,1.0,open,Broad enthusiasts
USER-0298,ITEM-082,2025-11-03T09:11:00+00:00,3.0,complete,New explorers
USER-0075,ITEM-072,2025-11-03T09:22:00+00:00,2.0,save,Broad enthusiasts
USER-0259,ITEM-027,2025-11-03T10:14:00+00:00,3.0,complete,New explorers
USER-0285,ITEM-016,2025-11-03T10:22:00+00:00,1.0,open,Broad enthusiasts
USER-0042,ITEM-093,2025-11-03T10:27:00+00:00,1.0,open,Broad enthusiasts
USER-0088,ITEM-027,2025-11-03T12:14:00+00:00,1.0,open,New explorers
USER-0318,ITEM-090,2025-11-03T13:20:00+00:00,1.0,open,Broad enthusiasts
USER-0030,ITEM-085,2025-11-03T14:31:00+00:00,2.0,save,Broad enthusiasts
USER-0173,ITEM-054,2025-11-03T16:17:00+00:00,1.0,open,Focused regulars
USER-0121,ITEM-052,2025-11-03T17:16:00+00:00,1.0,open,New explorers
USER-0126,ITEM-011,2025-11-03T17:19:00+00:00,3.0,complete,Broad enthusiasts
USER-0213,ITEM-061,2025-11-03T17:29:00+00:00,1.0,open,Broad enthusiasts
USER-0040,ITEM-037,2025-11-03T18:10:00+00:00,1.0,open,New explorers
USER-0238,ITEM-069,2025-11-03T18:12:00+00:00,1.0,open,New explorers
USER-0233,ITEM-080,2025-11-03T19:15:00+00:00,2.0,save,Focused regulars
USER-0170,ITEM-024,2025-11-03T19:20:00+00:00,1.0,open,Focused regulars
USER-0036,ITEM-084,2025-11-03T19:21:00+00:00,2.0,save,Broad enthusiasts
USER-0187,ITEM-003,2025-11-03T20:09:00+00:00,1.0,open,New explorers
USER-0084,ITEM-030,2025-11-03T21:26:00+00:00,2.0,save,Broad enthusiasts
USER-0001,ITEM-074,2025-11-03T22:13:00+00:00,2.0,save,New explorers
USER-0103,ITEM-079,2025-11-03T22:15:00+00:00,1.0,open,New explorers
USER-0006,ITEM-080,2025-11-04T07:18:00+00:00,1.0,open,Broad enthusiasts
USER-0249,ITEM-027,2025-11-04T07:27:00+00:00,1.0,open,Broad enthusiasts
USER-0085,ITEM-042,2025-11-04T08:10:00+00:00,1.0,open,New explorers
USER-0033,ITEM-044,2025-11-04T09:21:00+00:00,1.0,open,Broad enthusiasts
USER-0203,ITEM-080,2025-11-04T09:28:00+00:00,1.0,open,Focused regulars
USER-0300,ITEM-064,2025-11-04T10:19:00+00:00,1.0,open,Broad enthusiasts
USER-0014,ITEM-021,2025-11-04T11:12:00+00:00,1.0,open,Focused regulars
USER-0096,ITEM-060,2025-11-04T13:29:00+00:00,2.0,save,Broad enthusiasts
USER-0125,ITEM-004,2025-11-04T14:12:00+00:00,1.0,open,Focused regulars
USER-0041,ITEM-011,2025-11-04T15:23:00+00:00,1.0,open,Focused regulars
USER-0016,ITEM-079,2025-11-04T16:17:00+00:00,1.0,open,New explorers
USER-0162,ITEM-049,2025-11-04T16:29:00+00:00,1.0,open,Broad enthusiasts
USER-0239,ITEM-017,2025-11-04T17:15:00+00:00,2.0,save,Focused regulars
USER-0273,ITEM-006,2025-11-04T17:25:00+00:00,1.0,open,Broad enthusiasts
USER-0241,ITEM-080,2025-11-04T18:07:00+00:00,1.0,open,New explorers
USER-0278,ITEM-002,2025-11-04T18:17:00+00:00,2.0,save,Focused regulars
USER-0309,ITEM-065,2025-11-04T18:22:00+00:00,1.0,open,Broad enthusiasts
USER-0264,ITEM-066,2025-11-04T20:26:00+00:00,1.0,open,Broad enthusiasts
USER-0104,ITEM-062,2025-11-04T21:26:00+00:00,1.0,open,Focused regulars
USER-0301,ITEM-086,2025-11-04T22:21:00+00:00,1.0,open,New explorers
USER-0289,ITEM-016,2025-11-05T08:10:00+00:00,1.0,open,New explorers
USER-0235,ITEM-082,2025-11-05T09:16:00+00:00,2.0,save,New explorers
USER-0201,ITEM-093,2025-11-05T09:20:00+00:00,1.0,open,Broad enthusiasts
USER-0096,ITEM-057,2025-11-05T09:30:00+00:00,3.0,complete,Broad enthusiasts
USER-0187,ITEM-060,2025-11-05T13:10:00+00:00,3.0,complete,New explorers
USER-0101,ITEM-063,2025-11-05T13:22:00+00:00,1.0,open,Focused regulars
USER-0143,ITEM-065,2025-11-05T14:18:00+00:00,1.0,open,Focused regulars
USER-0304,ITEM-027,2025-11-05T15:13:00+00:00,1.0,open,New explorers
USER-0228,ITEM-084,2025-11-05T15:18:00+00:00,2.0,save,Broad enthusiasts
USER-0168,ITEM-035,2025-11-05T15:30:00+00:00,1.0,open,Broad enthusiasts
USER-0236,ITEM-034,2025-11-05T17:15:00+00:00,1.0,open,Focused regulars
USER-0314,ITEM-091,2025-11-05T17:15:00+00:00,2.0,save,Focused regulars
USER-0280,ITEM-094,2025-11-05T17:18:00+00:00,1.0,open,New explorers
USER-0166,ITEM-011,2025-11-05T17:19:00+00:00,1.0,open,New explorers
USER-0036,ITEM-062,2025-11-05T17:22:00+00:00,3.0,complete,Broad enthusiasts
USER-0233,ITEM-067,2025-11-05T18:16:00+00:00,1.0,open,Focused regulars
USER-0084,ITEM-080,2025-11-05T18:27:00+00:00,2.0,save,Broad enthusiasts
USER-0059,ITEM-018,2025-11-05T19:25:00+00:00,1.0,open,Focused regulars
USER-0051,ITEM-066,2025-11-05T20:22:00+00:00,1.0,open,Broad enthusiasts
USER-0105,ITEM-014,2025-11-05T20:24:00+00:00,1.0,open,Broad enthusiasts
USER-0303,ITEM-065,2025-11-05T21:23:00+00:00,1.0,open,Broad enthusiasts
USER-0135,ITEM-068,2025-11-05T22:30:00+00:00,2.0,save,Broad enthusiasts
USER-0148,ITEM-087,2025-11-06T07:09:00+00:00,1.0,open,New explorers
USER-0020,ITEM-034,2025-11-06T07:16:00+00:00,1.0,open,Focused regulars
USER-0095,ITEM-082,2025-11-06T08:23:00+00:00,1.0,open,Focused regulars
USER-0081,ITEM-012,2025-11-06T09:21:00+00:00,3.0,complete,Broad enthusiasts
USER-0138,ITEM-035,2025-11-06T09:26:00+00:00,1.0,open,Broad enthusiasts
USER-0009,ITEM-096,2025-11-06T09:30:00+00:00,2.0,save,Broad enthusiasts
USER-0008,ITEM-063,2025-11-06T11:18:00+00:00,2.0,save,Focused regulars
USER-0063,ITEM-037,2025-11-06T11:26:00+00:00,1.0,open,Broad enthusiasts
USER-0212,ITEM-029,2025-11-06T12:17:00+00:00,1.0,open,Focused regulars
USER-0235,ITEM-039,2025-11-06T12:17:00+00:00,1.0,open,New explorers
USER-0259,ITEM-010,2025-11-06T13:15:00+00:00,2.0,save,New explorers
USER-0221,ITEM-056,2025-11-06T14:09:00+00:00,1.0,open,Focused regulars
USER-0024,ITEM-010,2025-11-06T14:24:00+00:00,1.0,open,Broad enthusiasts
USER-0303,ITEM-086,2025-11-06T14:24:00+00:00,1.0,open,Broad enthusiasts
USER-0178,ITEM-002,2025-11-06T15:12:00+00:00,3.0,complete,New explorers
USER-0304,ITEM-006,2025-11-06T15:14:00+00:00,2.0,save,New explorers
USER-0032,ITEM-074,2025-11-06T15:16:00+00:00,1.0,open,Focused regulars
USER-0027,ITEM-034,2025-11-06T15:25:00+00:00,1.0,open,Broad enthusiasts
USER-0099,ITEM-056,2025-11-06T16:22:00+00:00,1.0,open,Broad enthusiasts
USER-0234,ITEM-072,2025-11-06T16:31:00+00:00,1.0,open,Broad enthusiasts
USER-0201,ITEM-054,2025-11-06T17:21:00+00:00,1.0,open,Broad enthusiasts
USER-0279,ITEM-083,2025-11-06T17:24:00+00:00,1.0,open,Broad enthusiasts
USER-0264,ITEM-025,2025-11-06T17:27:00+00:00,1.0,open,Broad enthusiasts
USER-0189,ITEM-096,2025-11-06T18:28:00+00:00,1.0,open,Broad enthusiasts
USER-0199,ITEM-058,2025-11-06T19:12:00+00:00,1.0,open,New explorers
USER-0267,ITEM-013,2025-11-06T19:24:00+00:00,1.0,open,Broad enthusiasts
USER-0248,ITEM-093,2025-11-06T20:20:00+00:00,1.0,open,Focused regulars
USER-0253,ITEM-053,2025-11-06T21:11:00+00:00,2.0,save,New explorers
USER-0115,ITEM-023,2025-11-06T22:13:00+00:00,2.0,save,New explorers
USER-0066,ITEM-064,2025-11-07T08:24:00+00:00,2.0,save,Broad enthusiasts
USER-0205,ITEM-005,2025-11-07T09:11:00+00:00,3.0,complete,New explorers
USER-0120,ITEM-055,2025-11-07T09:24:00+00:00,2.0,save,Broad enthusiasts
USER-0255,ITEM-032,2025-11-07T09:27:00+00:00,1.0,open,Broad enthusiasts
USER-0134,ITEM-077,2025-11-07T10:20:00+00:00,1.0,open,Focused regulars
USER-0039,ITEM-062,2025-11-07T11:28:00+00:00,1.0,open,Broad enthusiasts
USER-0286,ITEM-016,2025-11-07T13:11:00+00:00,1.0,open,New explorers
USER-0222,ITEM-087,2025-11-07T13:17:00+00:00,1.0,open,Broad enthusiasts
USER-0270,ITEM-055,2025-11-07T14:27:00+00:00,2.0,save,Broad enthusiasts
USER-0117,ITEM-093,2025-11-07T15:22:00+00:00,3.0,complete,Broad enthusiasts
USER-0045,ITEM-052,2025-11-07T16:27:00+00:00,1.0,open,Broad enthusiasts
USER-0275,ITEM-019,2025-11-07T17:12:00+00:00,2.0,save,Focused regulars
USER-0316,ITEM-062,2025-11-07T19:14:00+00:00,3.0,complete,New explorers
USER-0299,ITEM-034,2025-11-07T20:14:00+00:00,2.0,save,Focused regulars
USER-0152,ITEM-004,2025-11-07T20:19:00+00:00,2.0,save,Focused regulars
USER-0282,ITEM-032,2025-11-07T20:21:00+00:00,3.0,complete,Broad enthusiasts
USER-0094,ITEM-025,2025-11-07T22:11:00+00:00,1.0,open,New explorers
USER-0143,ITEM-040,2025-11-07T22:19:00+00:00,3.0,complete,Focused regulars
USER-0315,ITEM-082,2025-11-07T22:29:00+00:00,1.0,open,Broad enthusiasts
USER-0202,ITEM-073,2025-11-08T07:15:00+00:00,1.0,open,New explorers
USER-0165,ITEM-060,2025-11-08T09:28:00+00:00,3.0,complete,Broad enthusiasts
USER-0007,ITEM-070,2025-11-08T10:15:00+00:00,1.0,open,New explorers
USER-0293,ITEM-065,2025-11-08T10:16:00+00:00,1.0,open,Focused regulars
USER-0267,ITEM-005,2025-11-08T10:25:00+00:00,2.0,save,Broad enthusiasts
USER-0108,ITEM-055,2025-11-08T12:30:00+00:00,1.0,open,Broad enthusiasts
USER-0272,ITEM-048,2025-11-08T13:24:00+00:00,3.0,complete,Focused regulars
USER-0002,ITEM-083,2025-11-08T14:20:00+00:00,2.0,save,Focused regulars
USER-0043,ITEM-078,2025-11-08T16:14:00+00:00,3.0,complete,New explorers
USER-0017,ITEM-032,2025-11-08T17:16:00+00:00,2.0,save,Focused regulars
USER-0021,ITEM-058,2025-11-08T18:30:00+00:00,1.0,open,Broad enthusiasts
USER-0135,ITEM-086,2025-11-08T19:31:00+00:00,1.0,open,Broad enthusiasts
USER-0141,ITEM-051,2025-11-08T20:21:00+00:00,2.0,save,Broad enthusiasts
USER-0177,ITEM-020,2025-11-08T20:21:00+00:00,2.0,save,Broad enthusiasts
USER-0105,ITEM-033,2025-11-08T20:25:00+00:00,1.0,open,Broad enthusiasts
USER-0098,ITEM-090,2025-11-08T21:20:00+00:00,1.0,open,Focused regulars
USER-0051,ITEM-025,2025-11-08T21:23:00+00:00,1.0,open,Broad enthusiasts
USER-0057,ITEM-093,2025-11-08T22:22:00+00:00,1.0,open,Broad enthusiasts
USER-0264,ITEM-071,2025-11-08T22:28:00+00:00,1.0,open,Broad enthusiasts
USER-0051,ITEM-013,2025-11-09T07:24:00+00:00,3.0,complete,Broad enthusiasts
USER-0066,ITEM-082,2025-11-09T07:25:00+00:00,1.0,open,Broad enthusiasts
USER-0061,ITEM-017,2025-11-09T08:10:00+00:00,1.0,open,New explorers
USER-0250,ITEM-002,2025-11-09T08:13:00+00:00,1.0,open,New explorers
USER-0203,ITEM-086,2025-11-09T09:29:00+00:00,1.0,open,Focused regulars
USER-0196,ITEM-026,2025-11-09T10:16:00+00:00,1.0,open,New explorers
USER-0012,ITEM-074,2025-11-09T10:25:00+00:00,1.0,open,Broad enthusiasts
USER-0087,ITEM-020,2025-11-09T10:27:00+00:00,1.0,open,Broad enthusiasts
USER-0072,ITEM-082,2025-11-09T11:28:00+00:00,1.0,open,Broad enthusiasts
USER-0017,ITEM-056,2025-11-09T12:17:00+00:00,1.0,open,Focused regulars
USER-0238,ITEM-087,2025-11-09T13:13:00+00:00,1.0,open,New explorers
USER-0201,ITEM-011,2025-11-09T13:22:00+00:00,3.0,complete,Broad enthusiasts
USER-0233,ITEM-095,2025-11-09T15:17:00+00:00,3.0,complete,Focused regulars
USER-0186,ITEM-028,2025-11-09T15:23:00+00:00,1.0,open,Broad enthusiasts
USER-0119,ITEM-082,2025-11-09T15:27:00+00:00,3.0,complete,Focused regulars
USER-0222,ITEM-070,2025-11-09T16:18:00+00:00,1.0,open,Broad enthusiasts
USER-0062,ITEM-041,2025-11-09T16:20:00+00:00,3.0,complete,Focused regulars
USER-0252,ITEM-028,2025-11-09T16:26:00+00:00,1.0,open,Broad enthusiasts
USER-0312,ITEM-052,2025-11-09T18:13:00+00:00,1.0,open,Broad enthusiasts
USER-0179,ITEM-029,2025-11-09T18:18:00+00:00,1.0,open,Focused regulars
USER-0039,ITEM-083,2025-11-09T19:29:00+00:00,1.0,open,Broad enthusiasts
USER-0002,ITEM-064,2025-11-09T20:21:00+00:00,1.0,open,Focused regulars
USER-0128,ITEM-068,2025-11-09T21:19:00+00:00,1.0,open,Focused regulars
USER-0273,ITEM-063,2025-11-09T21:26:00+00:00,3.0,complete,Broad enthusiasts
USER-0223,ITEM-002,2025-11-09T22:14:00+00:00,2.0,save,New explorers
USER-0146,ITEM-075,2025-11-09T22:20:00+00:00,1.0,open,Focused regulars
USER-0050,ITEM-031,2025-11-09T22:23:00+00:00,1.0,open,Focused regulars
USER-0176,ITEM-074,2025-11-09T22:24:00+00:00,1.0,open,Focused regulars
USER-0242,ITEM-054,2025-11-10T08:17:00+00:00,1.0,open,Focused regulars
USER-0124,ITEM-055,2025-11-10T09:13:00+00:00,1.0,open,New explorers
USER-0116,ITEM-040,2025-11-10T09:21:00+00:00,2.0,save,Focused regulars
USER-0150,ITEM-071,2025-11-10T09:30:00+00:00,1.0,open,Broad enthusiasts
USER-0064,ITEM-005,2025-11-10T10:14:00+00:00,2.0,save,New explorers
USER-0201,ITEM-010,2025-11-10T11:23:00+00:00,3.0,complete,Broad enthusiasts
USER-0087,ITEM-076,2025-11-10T12:28:00+00:00,1.0,open,Broad enthusiasts
USER-0143,ITEM-056,2025-11-10T13:20:00+00:00,1.0,open,Focused regulars
USER-0132,ITEM-046,2025-11-10T15:32:00+00:00,1.0,open,Broad enthusiasts
USER-0296,ITEM-094,2025-11-10T16:16:00+00:00,3.0,complete,Focused regulars
USER-0166,ITEM-066,2025-11-10T16:20:00+00:00,1.0,open,New explorers
USER-0229,ITEM-086,2025-11-10T19:14:00+00:00,1.0,open,New explorers
USER-0078,ITEM-019,2025-11-10T21:23:00+00:00,3.0,complete,Broad enthusiasts
USER-0084,ITEM-070,2025-11-10T21:28:00+00:00,3.0,complete,Broad enthusiasts
USER-0318,ITEM-062,2025-11-10T22:21:00+00:00,1.0,open,Broad enthusiasts
USER-0288,ITEM-003,2025-11-10T22:31:00+00:00,2.0,save,Broad enthusiasts
USER-0219,ITEM-076,2025-11-11T07:15:00+00:00,2.0,save,Broad enthusiasts
USER-0268,ITEM-052,2025-11-11T08:13:00+00:00,1.0,open,New explorers
USER-0264,ITEM-090,2025-11-11T09:29:00+00:00,1.0,open,Broad enthusiasts
USER-0141,ITEM-052,2025-11-11T10:22:00+00:00,1.0,open,Broad enthusiasts
USER-0093,ITEM-027,2025-11-11T10:32:00+00:00,2.0,save,Broad enthusiasts
USER-0027,ITEM-013,2025-11-11T11:26:00+00:00,2.0,save,Broad enthusiasts
USER-0021,ITEM-043,2025-11-11T12:31:00+00:00,1.0,open,Broad enthusiasts
USER-0016,ITEM-018,2025-11-11T13:18:00+00:00,1.0,open,New explorers
USER-0257,ITEM-037,2025-11-11T14:22:00+00:00,1.0,open,Focused regulars
USER-0224,ITEM-040,2025-11-11T14:23:00+00:00,1.0,open,Focused regulars
USER-0299,ITEM-095,2025-11-11T15:15:00+00:00,1.0,open,Focused regulars
USER-0056,ITEM-038,2025-11-11T15:20:00+00:00,2.0,save,Focused regulars
USER-0185,ITEM-096,2025-11-11T15:26:00+00:00,1.0,open,Focused regulars
USER-0030,ITEM-042,2025-11-11T16:32:00+00:00,1.0,open,Broad enthusiasts
USER-0121,ITEM-088,2025-11-11T18:17:00+00:00,1.0,open,New explorers
USER-0182,ITEM-094,2025-11-11T18:18:00+00:00,2.0,save,Focused regulars
USER-0263,ITEM-025,2025-11-11T18:22:00+00:00,1.0,open,Focused regulars
USER-0147,ITEM-032,2025-11-11T19:23:00+00:00,2.0,save,Broad enthusiasts
USER-0246,ITEM-076,2025-11-11T20:21:00+00:00,1.0,open,Broad enthusiasts
USER-0162,ITEM-078,2025-11-11T20:30:00+00:00,1.0,open,Broad enthusiasts
USER-0214,ITEM-032,2025-11-11T21:08:00+00:00,1.0,open,New explorers
USER-0251,ITEM-073,2025-11-11T21:16:00+00:00,1.0,open,Focused regulars
USER-0126,ITEM-002,2025-11-11T21:20:00+00:00,1.0,open,Broad enthusiasts
USER-0247,ITEM-013,2025-11-11T22:09:00+00:00,1.0,open,New explorers
USER-0295,ITEM-079,2025-11-12T07:13:00+00:00,1.0,open,New explorers
USER-0076,ITEM-058,2025-11-12T08:12:00+00:00,1.0,open,New explorers
USER-0259,ITEM-064,2025-11-12T09:16:00+00:00,1.0,open,New explorers
USER-0228,ITEM-060,2025-11-12T09:19:00+00:00,2.0,save,Broad enthusiasts
USER-0291,ITEM-084,2025-11-12T09:26:00+00:00,1.0,open,Broad enthusiasts
USER-0185,ITEM-044,2025-11-12T09:27:00+00:00,3.0,complete,Focused regulars
USER-0023,ITEM-016,2025-11-12T10:18:00+00:00,1.0,open,Focused regulars
USER-0078,ITEM-035,2025-11-12T10:24:00+00:00,1.0,open,Broad enthusiasts
USER-0304,ITEM-064,2025-11-12T11:15:00+00:00,1.0,open,New explorers
USER-0261,ITEM-013,2025-11-12T11:30:00+00:00,1.0,open,Broad enthusiasts
USER-0122,ITEM-049,2025-11-12T12:27:00+00:00,3.0,complete,Focused regulars
USER-0098,ITEM-032,2025-11-12T13:21:00+00:00,2.0,save,Focused regulars
USER-0018,ITEM-064,2025-11-12T13:25:00+00:00,1.0,open,Broad enthusiasts
USER-0270,ITEM-083,2025-11-12T13:28:00+00:00,1.0,open,Broad enthusiasts
USER-0054,ITEM-011,2025-11-12T14:32:00+00:00,1.0,open,Broad enthusiasts
USER-0254,ITEM-038,2025-11-12T17:20:00+00:00,1.0,open,Focused regulars
USER-0209,ITEM-018,2025-11-12T17:22:00+00:00,3.0,complete,Focused regulars
USER-0159,ITEM-060,2025-11-12T18:18:00+00:00,2.0,save,Broad enthusiasts
USER-0287,ITEM-063,2025-11-12T19:13:00+00:00,1.0,open,Focused regulars
USER-0041,ITEM-034,2025-11-12T19:24:00+00:00,1.0,open,Focused regulars
USER-0282,ITEM-004,2025-11-12T21:22:00+00:00,1.0,open,Broad enthusiasts
USER-0095,ITEM-002,2025-11-12T21:24:00+00:00,2.0,save,Focused regulars
USER-0074,ITEM-067,2025-11-13T07:23:00+00:00,1.0,open,Focused regulars
USER-0308,ITEM-092,2025-11-13T08:16:00+00:00,2.0,save,Focused regulars
USER-0222,ITEM-012,2025-11-13T08:19:00+00:00,2.0,save,Broad enthusiasts
USER-0282,ITEM-064,2025-11-13T08:23:00+00:00,3.0,complete,Broad enthusiasts
USER-0213,ITEM-012,2025-11-13T09:30:00+00:00,2.0,save,Broad enthusiasts
USER-0070,ITEM-019,2025-11-13T10:10:00+00:00,1.0,open,New explorers
USER-0085,ITEM-040,2025-11-13T10:11:00+00:00,1.0,open,New explorers
USER-0090,ITEM-037,2025-11-13T10:25:00+00:00,2.0,save,Broad enthusiasts
USER-0077,ITEM-032,2025-11-13T11:21:00+00:00,1.0,open,Focused regulars
USER-0215,ITEM-003,2025-11-13T12:23:00+00:00,1.0,open,Focused regulars
USER-0234,ITEM-009,2025-11-13T12:32:00+00:00,3.0,complete,Broad enthusiasts
USER-0205,ITEM-033,2025-11-13T14:12:00+00:00,3.0,complete,New explorers
USER-0125,ITEM-022,2025-11-13T14:13:00+00:00,3.0,complete,Focused regulars
USER-0214,ITEM-063,2025-11-13T15:09:00+00:00,1.0,open,New explorers
USER-0079,ITEM-052,2025-11-13T16:12:00+00:00,3.0,complete,New explorers
USER-0103,ITEM-076,2025-11-13T16:16:00+00:00,1.0,open,New explorers
USER-0269,ITEM-001,2025-11-13T16:22:00+00:00,1.0,open,Focused regulars
USER-0226,ITEM-094,2025-11-13T17:09:00+00:00,1.0,open,New explorers
USER-0051,ITEM-004,2025-11-13T17:25:00+00:00,1.0,open,Broad enthusiasts
USER-0273,ITEM-062,2025-11-13T17:27:00+00:00,1.0,open,Broad enthusiasts
USER-0187,ITEM-070,2025-11-13T20:11:00+00:00,1.0,open,New explorers
USER-0161,ITEM-026,2025-11-13T20:16:00+00:00,3.0,complete,Focused regulars
USER-0111,ITEM-005,2025-11-13T21:29:00+00:00,1.0,open,Broad enthusiasts
USER-0172,ITEM-019,2025-11-13T22:12:00+00:00,2.0,save,New explorers
USER-0128,ITEM-092,2025-11-13T22:20:00+00:00,1.0,open,Focused regulars
USER-0174,ITEM-010,2025-11-14T07:25:00+00:00,2.0,save,Broad enthusiasts
USER-0210,ITEM-061,2025-11-14T07:26:00+00:00,1.0,open,Broad enthusiasts
USER-0111,ITEM-082,2025-11-14T07:30:00+00:00,1.0,open,Broad enthusiasts
USER-0163,ITEM-059,2025-11-14T08:13:00+00:00,1.0,open,New explorers
USER-0290,ITEM-058,2025-11-14T08:21:00+00:00,1.0,open,Focused regulars
USER-0129,ITEM-038,2025-11-14T08:23:00+00:00,1.0,open,Broad enthusiasts
USER-0189,ITEM-079,2025-11-14T08:29:00+00:00,1.0,open,Broad enthusiasts
USER-0291,ITEM-079,2025-11-14T09:27:00+00:00,3.0,complete,Broad enthusiasts
USER-0090,ITEM-082,2025-11-14T10:26:00+00:00,1.0,open,Broad enthusiasts
USER-0157,ITEM-095,2025-11-14T11:11:00+00:00,1.0,open,New explorers
USER-0191,ITEM-067,2025-11-14T11:19:00+00:00,1.0,open,Focused regulars
USER-0024,ITEM-011,2025-11-14T11:25:00+00:00,1.0,open,Broad enthusiasts
USER-0229,ITEM-036,2025-11-14T12:15:00+00:00,1.0,open,New explorers
USER-0248,ITEM-074,2025-11-14T12:21:00+00:00,3.0,complete,Focused regulars
USER-0168,ITEM-084,2025-11-14T12:31:00+00:00,2.0,save,Broad enthusiasts
USER-0178,ITEM-049,2025-11-14T15:13:00+00:00,1.0,open,New explorers
USER-0267,ITEM-042,2025-11-14T15:26:00+00:00,1.0,open,Broad enthusiasts
USER-0150,ITEM-032,2025-11-14T15:31:00+00:00,1.0,open,Broad enthusiasts
USER-0245,ITEM-065,2025-11-14T16:11:00+00:00,1.0,open,Focused regulars
USER-0257,ITEM-070,2025-11-14T16:23:00+00:00,1.0,open,Focused regulars
USER-0132,ITEM-034,2025-11-14T16:33:00+00:00,1.0,open,Broad enthusiasts
USER-0294,ITEM-073,2025-11-14T16:33:00+00:00,1.0,open,Broad enthusiasts
USER-0265,ITEM-053,2025-11-14T17:17:00+00:00,1.0,open,New explorers
USER-0003,ITEM-069,2025-11-14T17:22:00+00:00,2.0,save,Broad enthusiasts
USER-0183,ITEM-028,2025-11-14T18:19:00+00:00,1.0,open,Broad enthusiasts
USER-0222,ITEM-053,2025-11-14T18:20:00+00:00,2.0,save,Broad enthusiasts
USER-0206,ITEM-013,2025-11-14T18:26:00+00:00,2.0,save,Focused regulars
USER-0147,ITEM-071,2025-11-14T19:24:00+00:00,1.0,open,Broad enthusiasts
USER-0292,ITEM-012,2025-11-14T20:11:00+00:00,1.0,open,New explorers
USER-0006,ITEM-049,2025-11-14T20:19:00+00:00,2.0,save,Broad enthusiasts
USER-0196,ITEM-050,2025-11-14T21:17:00+00:00,1.0,open,New explorers
USER-0072,ITEM-086,2025-11-14T21:29:00+00:00,1.0,open,Broad enthusiasts
USER-0034,ITEM-010,2025-11-14T22:12:00+00:00,1.0,open,New explorers
USER-0246,ITEM-025,2025-11-14T22:22:00+00:00,1.0,open,Broad enthusiasts
USER-0255,ITEM-005,2025-11-15T07:28:00+00:00,1.0,open,Broad enthusiasts
USER-0128,ITEM-083,2025-11-15T09:21:00+00:00,1.0,open,Focused regulars
USER-0270,ITEM-067,2025-11-15T09:29:00+00:00,1.0,open,Broad enthusiasts
USER-0152,ITEM-057,2025-11-15T11:20:00+00:00,2.0,save,Focused regulars
USER-0111,ITEM-006,2025-11-15T11:31:00+00:00,3.0,complete,Broad enthusiasts
USER-0241,ITEM-075,2025-11-15T12:08:00+00:00,1.0,open,New explorers
USER-0066,ITEM-087,2025-11-15T12:26:00+00:00,1.0,open,Broad enthusiasts
USER-0090,ITEM-095,2025-11-15T12:27:00+00:00,1.0,open,Broad enthusiasts
USER-0011,ITEM-046,2025-11-15T13:16:00+00:00,2.0,save,Focused regulars
USER-0155,ITEM-082,2025-11-15T14:14:00+00:00,1.0,open,Focused regulars
USER-0033,ITEM-023,2025-11-15T14:22:00+00:00,2.0,save,Broad enthusiasts
USER-0061,ITEM-080,2025-11-15T15:11:00+00:00,2.0,save,New explorers
USER-0141,ITEM-002,2025-11-15T15:23:00+00:00,1.0,open,Broad enthusiasts
USER-0160,ITEM-036,2025-11-15T16:11:00+00:00,1.0,open,New explorers
USER-0165,ITEM-009,2025-11-15T16:29:00+00:00,1.0,open,Broad enthusiasts
USER-0296,ITEM-050,2025-11-15T17:17:00+00:00,2.0,save,Focused regulars
USER-0081,ITEM-088,2025-11-15T17:22:00+00:00,1.0,open,Broad enthusiasts
USER-0110,ITEM-034,2025-11-15T17:22:00+00:00,3.0,complete,Focused regulars
USER-0249,ITEM-064,2025-11-15T17:28:00+00:00,2.0,save,Broad enthusiasts
USER-0117,ITEM-047,2025-11-15T18:23:00+00:00,1.0,open,Broad enthusiasts
USER-0287,ITEM-015,2025-11-15T19:14:00+00:00,1.0,open,Focused regulars
USER-0143,ITEM-070,2025-11-15T20:21:00+00:00,2.0,save,Focused regulars
USER-0279,ITEM-040,2025-11-15T20:25:00+00:00,1.0,open,Broad enthusiasts
USER-0150,ITEM-063,2025-11-15T21:32:00+00:00,3.0,complete,Broad enthusiasts
USER-0022,ITEM-028,2025-11-15T22:14:00+00:00,3.0,complete,New explorers
USER-0274,ITEM-086,2025-11-16T07:09:00+00:00,2.0,save,New explorers
USER-0265,ITEM-020,2025-11-16T07:18:00+00:00,1.0,open,New explorers
USER-0210,ITEM-013,2025-11-16T07:27:00+00:00,1.0,open,Broad enthusiasts
USER-0154,ITEM-080,2025-11-16T08:13:00+00:00,2.0,save,New explorers
USER-0242,ITEM-067,2025-11-16T08:18:00+00:00,2.0,save,Focused regulars
USER-0206,ITEM-069,2025-11-16T08:27:00+00:00,2.0,save,Focused regulars
USER-0304,ITEM-053,2025-11-16T09:16:00+00:00,3.0,complete,New explorers
USER-0186,ITEM-007,2025-11-16T10:24:00+00:00,1.0,open,Broad enthusiasts
USER-0013,ITEM-026,2025-11-16T11:17:00+00:00,1.0,open,New explorers
USER-0279,ITEM-042,2025-11-16T11:26:00+00:00,1.0,open,Broad enthusiasts
USER-0171,ITEM-060,2025-11-16T11:34:00+00:00,1.0,open,Broad enthusiasts
USER-0222,ITEM-063,2025-11-16T14:21:00+00:00,1.0,open,Broad enthusiasts
USER-0042,ITEM-037,2025-11-16T14:28:00+00:00,3.0,complete,Broad enthusiasts
USER-0075,ITEM-017,2025-11-16T15:23:00+00:00,1.0,open,Broad enthusiasts
USER-0237,ITEM-013,2025-11-16T15:33:00+00:00,1.0,open,Broad enthusiasts
USER-0285,ITEM-064,2025-11-16T17:23:00+00:00,1.0,open,Broad enthusiasts
USER-0216,ITEM-048,2025-11-16T17:25:00+00:00,3.0,complete,Broad enthusiasts
USER-0189,ITEM-031,2025-11-16T17:30:00+00:00,3.0,complete,Broad enthusiasts
USER-0132,ITEM-095,2025-11-16T17:34:00+00:00,1.0,open,Broad enthusiasts
USER-0190,ITEM-083,2025-11-16T18:11:00+00:00,1.0,open,New explorers
USER-0174,ITEM-017,2025-11-16T19:26:00+00:00,1.0,open,Broad enthusiasts
USER-0229,ITEM-079,2025-11-16T20:16:00+00:00,1.0,open,New explorers
USER-0158,ITEM-062,2025-11-16T20:22:00+00:00,1.0,open,Focused regulars
USER-0165,ITEM-067,2025-11-16T20:30:00+00:00,3.0,complete,Broad enthusiasts
USER-0313,ITEM-079,2025-11-16T21:08:00+00:00,3.0,complete,New explorers
USER-0172,ITEM-055,2025-11-16T22:13:00+00:00,1.0,open,New explorers
USER-0029,ITEM-030,2025-11-16T22:14:00+00:00,1.0,open,Focused regulars
USER-0039,ITEM-039,2025-11-17T07:30:00+00:00,2.0,save,Broad enthusiasts
USER-0150,ITEM-008,2025-11-17T11:33:00+00:00,1.0,open,Broad enthusiasts
USER-0206,ITEM-003,2025-11-17T12:28:00+00:00,2.0,save,Focused regulars
USER-0145,ITEM-079,2025-11-17T13:18:00+00:00,1.0,open,New explorers
USER-0069,ITEM-017,2025-11-17T13:21:00+00:00,1.0,open,Broad enthusiasts
USER-0240,ITEM-084,2025-11-17T13:28:00+00:00,1.0,open,Broad enthusiasts
USER-0259,ITEM-034,2025-11-17T15:17:00+00:00,1.0,open,New explorers
USER-0211,ITEM-048,2025-11-17T16:16:00+00:00,1.0,open,New explorers
USER-0012,ITEM-035,2025-11-17T16:26:00+00:00,1.0,open,Broad enthusiasts
USER-0087,ITEM-072,2025-11-17T16:29:00+00:00,3.0,complete,Broad enthusiasts
USER-0121,ITEM-033,2025-11-17T17:18:00+00:00,1.0,open,New explorers
USER-0103,ITEM-093,2025-11-17T18:17:00+00:00,1.0,open,New explorers
USER-0137,ITEM-026,2025-11-17T19:16:00+00:00,2.0,save,Focused regulars
USER-0314,ITEM-055,2025-11-17T19:16:00+00:00,3.0,complete,Focused regulars
USER-0208,ITEM-071,2025-11-17T21:08:00+00:00,3.0,complete,New explorers
USER-0154,ITEM-063,2025-11-17T22:14:00+00:00,1.0,open,New explorers
USER-0232,ITEM-002,2025-11-17T22:14:00+00:00,1.0,open,New explorers
USER-0227,ITEM-028,2025-11-17T22:19:00+00:00,2.0,save,Focused regulars
USER-0220,ITEM-058,2025-11-18T07:12:00+00:00,1.0,open,New explorers
USER-0308,ITEM-020,2025-11-18T08:17:00+00:00,3.0,complete,Focused regulars
USER-0306,ITEM-022,2025-11-18T08:21:00+00:00,1.0,open,Broad enthusiasts
USER-0075,ITEM-040,2025-11-18T08:24:00+00:00,1.0,open,Broad enthusiasts
USER-0082,ITEM-072,2025-11-18T10:08:00+00:00,1.0,open,New explorers
USER-0163,ITEM-058,2025-11-18T10:14:00+00:00,1.0,open,New explorers
USER-0264,ITEM-048,2025-11-18T12:30:00+00:00,1.0,open,Broad enthusiasts
USER-0158,ITEM-017,2025-11-18T13:23:00+00:00,1.0,open,Focused regulars
USER-0309,ITEM-048,2025-11-18T13:23:00+00:00,1.0,open,Broad enthusiasts
USER-0153,ITEM-067,2025-11-18T13:28:00+00:00,1.0,open,Broad enthusiasts
USER-0020,ITEM-038,2025-11-18T15:17:00+00:00,2.0,save,Focused regulars
USER-0062,ITEM-039,2025-11-18T15:21:00+00:00,1.0,open,Focused regulars
USER-0088,ITEM-083,2025-11-18T17:15:00+00:00,1.0,open,New explorers
USER-0033,ITEM-079,2025-11-18T17:23:00+00:00,1.0,open,Broad enthusiasts
USER-0025,ITEM-033,2025-11-18T18:08:00+00:00,1.0,open,New explorers
USER-0287,ITEM-070,2025-11-18T18:15:00+00:00,2.0,save,Focused regulars
USER-0064,ITEM-058,2025-11-18T19:15:00+00:00,1.0,open,New explorers
USER-0210,ITEM-058,2025-11-18T19:28:00+00:00,1.0,open,Broad enthusiasts
USER-0047,ITEM-080,2025-11-18T20:16:00+00:00,2.0,save,Focused regulars
USER-0136,ITEM-002,2025-11-18T20:21:00+00:00,2.0,save,New explorers
USER-0164,ITEM-026,2025-11-18T20:25:00+00:00,1.0,open,Focused regulars
USER-0016,ITEM-035,2025-11-18T21:19:00+00:00,1.0,open,New explorers
USER-0273,ITEM-071,2025-11-18T21:28:00+00:00,3.0,complete,Broad enthusiasts
USER-0042,ITEM-031,2025-11-18T21:29:00+00:00,1.0,open,Broad enthusiasts
USER-0083,ITEM-011,2025-11-18T22:16:00+00:00,3.0,complete,Focused regulars
USER-0259,ITEM-037,2025-11-18T22:18:00+00:00,2.0,save,New explorers
USER-0172,ITEM-017,2025-11-19T07:14:00+00:00,1.0,open,New explorers
USER-0055,ITEM-051,2025-11-19T08:10:00+00:00,1.0,open,New explorers
USER-0120,ITEM-086,2025-11-19T11:25:00+00:00,1.0,open,Broad enthusiasts
USER-0264,ITEM-076,2025-11-19T11:31:00+00:00,2.0,save,Broad enthusiasts
USER-0282,ITEM-067,2025-11-19T14:24:00+00:00,1.0,open,Broad enthusiasts
USER-0226,ITEM-082,2025-11-19T15:10:00+00:00,2.0,save,New explorers
USER-0312,ITEM-020,2025-11-19T15:14:00+00:00,1.0,open,Broad enthusiasts
USER-0196,ITEM-068,2025-11-19T15:18:00+00:00,2.0,save,New explorers
USER-0203,ITEM-091,2025-11-19T15:30:00+00:00,2.0,save,Focused regulars
USER-0269,ITEM-063,2025-11-19T16:23:00+00:00,1.0,open,Focused regulars
USER-0005,ITEM-086,2025-11-19T18:21:00+00:00,1.0,open,Focused regulars
USER-0222,ITEM-042,2025-11-19T18:22:00+00:00,3.0,complete,Broad enthusiasts
USER-0126,ITEM-043,2025-11-19T19:21:00+00:00,2.0,save,Broad enthusiasts
USER-0264,ITEM-069,2025-11-20T07:32:00+00:00,1.0,open,Broad enthusiasts
USER-0280,ITEM-061,2025-11-20T08:19:00+00:00,1.0,open,New explorers
USER-0085,ITEM-079,2025-11-20T09:12:00+00:00,1.0,open,New explorers
USER-0128,ITEM-024,2025-11-20T10:22:00+00:00,1.0,open,Focused regulars
USER-0059,ITEM-027,2025-11-20T11:26:00+00:00,1.0,open,Focused regulars
USER-0042,ITEM-083,2025-11-20T11:30:00+00:00,1.0,open,Broad enthusiasts
USER-0070,ITEM-041,2025-11-20T12:11:00+00:00,1.0,open,New explorers
USER-0151,ITEM-012,2025-11-20T12:12:00+00:00,1.0,open,New explorers
USER-0165,ITEM-005,2025-11-20T12:31:00+00:00,1.0,open,Broad enthusiasts
USER-0133,ITEM-071,2025-11-20T13:11:00+00:00,1.0,open,New explorers
USER-0115,ITEM-064,2025-11-20T13:14:00+00:00,1.0,open,New explorers
USER-0274,ITEM-001,2025-11-20T16:10:00+00:00,2.0,save,New explorers
USER-0202,ITEM-076,2025-11-20T16:16:00+00:00,1.0,open,New explorers
USER-0045,ITEM-026,2025-11-20T16:28:00+00:00,1.0,open,Broad enthusiasts
USER-0111,ITEM-068,2025-11-20T16:32:00+00:00,1.0,open,Broad enthusiasts
USER-0092,ITEM-070,2025-11-20T17:24:00+00:00,1.0,open,Focused regulars
USER-0027,ITEM-067,2025-11-20T19:27:00+00:00,1.0,open,Broad enthusiasts
USER-0091,ITEM-086,2025-11-20T21:11:00+00:00,2.0,save,New explorers
USER-0142,ITEM-026,2025-11-20T21:12:00+00:00,2.0,save,New explorers
USER-0170,ITEM-016,2025-11-20T21:21:00+00:00,2.0,save,Focused regulars
USER-0279,ITEM-066,2025-11-20T21:27:00+00:00,2.0,save,Broad enthusiasts
USER-0080,ITEM-082,2025-11-20T21:34:00+00:00,1.0,open,Focused regulars
USER-0247,ITEM-008,2025-11-20T22:10:00+00:00,1.0,open,New explorers
USER-0265,ITEM-001,2025-11-20T22:19:00+00:00,1.0,open,New explorers
USER-0078,ITEM-026,2025-11-20T22:25:00+00:00,1.0,open,Broad enthusiasts
USER-0221,ITEM-092,2025-11-21T07:10:00+00:00,2.0,save,Focused regulars
USER-0300,ITEM-006,2025-11-21T07:20:00+00:00,1.0,open,Broad enthusiasts
USER-0157,ITEM-063,2025-11-21T08:12:00+00:00,1.0,open,New explorers
USER-0286,ITEM-018,2025-11-21T09:12:00+00:00,1.0,open,New explorers
USER-0117,ITEM-019,2025-11-21T09:24:00+00:00,1.0,open,Broad enthusiasts
USER-0046,ITEM-026,2025-11-21T10:10:00+00:00,2.0,save,New explorers
USER-0217,ITEM-036,2025-11-21T10:11:00+00:00,3.0,complete,New explorers
USER-0282,ITEM-049,2025-11-21T11:25:00+00:00,1.0,open,Broad enthusiasts
USER-0090,ITEM-062,2025-11-21T11:28:00+00:00,1.0,open,Broad enthusiasts
USER-0061,ITEM-041,2025-11-21T12:12:00+00:00,3.0,complete,New explorers
USER-0259,ITEM-091,2025-11-21T12:19:00+00:00,3.0,complete,New explorers
USER-0272,ITEM-049,2025-11-21T12:25:00+00:00,1.0,open,Focused regulars
USER-0147,ITEM-020,2025-11-21T14:25:00+00:00,1.0,open,Broad enthusiasts
USER-0123,ITEM-063,2025-11-21T14:26:00+00:00,2.0,save,Broad enthusiasts
USER-0155,ITEM-014,2025-11-21T15:15:00+00:00,3.0,complete,Focused regulars
USER-0162,ITEM-050,2025-11-21T15:31:00+00:00,1.0,open,Broad enthusiasts
USER-0245,ITEM-025,2025-11-21T17:12:00+00:00,2.0,save,Focused regulars
USER-0078,ITEM-033,2025-11-21T17:26:00+00:00,2.0,save,Broad enthusiasts
USER-0291,ITEM-077,2025-11-21T17:28:00+00:00,2.0,save,Broad enthusiasts
USER-0191,ITEM-075,2025-11-21T19:20:00+00:00,1.0,open,Focused regulars
USER-0175,ITEM-070,2025-11-21T20:13:00+00:00,3.0,complete,New explorers
USER-0017,ITEM-014,2025-11-21T20:18:00+00:00,2.0,save,Focused regulars
USER-0148,ITEM-002,2025-11-22T07:10:00+00:00,2.0,save,New explorers
USER-0085,ITEM-093,2025-11-22T08:13:00+00:00,1.0,open,New explorers
USER-0252,ITEM-048,2025-11-22T09:27:00+00:00,1.0,open,Broad enthusiasts
USER-0098,ITEM-062,2025-11-22T10:22:00+00:00,2.0,save,Focused regulars
USER-0113,ITEM-037,2025-11-22T10:22:00+00:00,1.0,open,Focused regulars
USER-0306,ITEM-067,2025-11-22T10:22:00+00:00,1.0,open,Broad enthusiasts
USER-0258,ITEM-006,2025-11-22T10:24:00+00:00,2.0,save,Broad enthusiasts
USER-0041,ITEM-083,2025-11-22T11:25:00+00:00,1.0,open,Focused regulars
USER-0305,ITEM-037,2025-11-22T12:13:00+00:00,2.0,save,Focused regulars
USER-0264,ITEM-034,2025-11-22T12:33:00+00:00,1.0,open,Broad enthusiasts
USER-0001,ITEM-037,2025-11-22T13:14:00+00:00,3.0,complete,New explorers
USER-0174,ITEM-020,2025-11-22T14:27:00+00:00,1.0,open,Broad enthusiasts
USER-0073,ITEM-017,2025-11-22T15:16:00+00:00,1.0,open,New explorers
USER-0183,ITEM-091,2025-11-22T15:20:00+00:00,1.0,open,Broad enthusiasts
USER-0271,ITEM-064,2025-11-22T17:14:00+00:00,1.0,open,New explorers
USER-0303,ITEM-020,2025-11-22T17:25:00+00:00,3.0,complete,Broad enthusiasts
USER-0198,ITEM-067,2025-11-22T17:28:00+00:00,1.0,open,Broad enthusiasts
USER-0290,ITEM-061,2025-11-22T18:22:00+00:00,1.0,open,Focused regulars
USER-0040,ITEM-041,2025-11-22T20:11:00+00:00,1.0,open,New explorers
USER-0027,ITEM-081,2025-11-22T20:28:00+00:00,1.0,open,Broad enthusiasts
USER-0187,ITEM-027,2025-11-22T21:12:00+00:00,2.0,save,New explorers
USER-0107,ITEM-006,2025-11-22T22:19:00+00:00,1.0,open,Focused regulars
USER-0048,ITEM-025,2025-11-22T22:22:00+00:00,1.0,open,Broad enthusiasts
USER-0021,ITEM-055,2025-11-22T22:32:00+00:00,1.0,open,Broad enthusiasts
USER-0039,ITEM-048,2025-11-23T08:31:00+00:00,2.0,save,Broad enthusiasts
USER-0042,ITEM-028,2025-11-23T10:31:00+00:00,3.0,complete,Broad enthusiasts
USER-0177,ITEM-013,2025-11-23T12:22:00+00:00,1.0,open,Broad enthusiasts
USER-0311,ITEM-064,2025-11-23T14:14:00+00:00,2.0,save,Focused regulars
USER-0125,ITEM-079,2025-11-23T16:14:00+00:00,1.0,open,Focused regulars
USER-0197,ITEM-073,2025-11-23T16:16:00+00:00,1.0,open,Focused regulars
USER-0189,ITEM-067,2025-11-23T16:31:00+00:00,1.0,open,Broad enthusiasts
USER-0133,ITEM-008,2025-11-23T17:12:00+00:00,2.0,save,New explorers
USER-0037,ITEM-067,2025-11-23T18:11:00+00:00,1.0,open,New explorers
USER-0148,ITEM-091,2025-11-23T19:11:00+00:00,3.0,complete,New explorers
USER-0289,ITEM-086,2025-11-23T19:11:00+00:00,1.0,open,New explorers
USER-0288,ITEM-083,2025-11-23T19:32:00+00:00,1.0,open,Broad enthusiasts
USER-0033,ITEM-039,2025-11-23T22:24:00+00:00,1.0,open,Broad enthusiasts
USER-0129,ITEM-044,2025-11-23T22:24:00+00:00,2.0,save,Broad enthusiasts
USER-0270,ITEM-082,2025-11-24T07:30:00+00:00,1.0,open,Broad enthusiasts
USER-0040,ITEM-084,2025-11-24T08:12:00+00:00,1.0,open,New explorers
USER-0014,ITEM-078,2025-11-24T08:13:00+00:00,1.0,open,Focused regulars
USER-0235,ITEM-027,2025-11-24T08:18:00+00:00,3.0,complete,New explorers
USER-0030,ITEM-034,2025-11-24T08:33:00+00:00,1.0,open,Broad enthusiasts
USER-0146,ITEM-025,2025-11-24T09:21:00+00:00,1.0,open,Focused regulars
USER-0086,ITEM-049,2025-11-24T10:19:00+00:00,1.0,open,Focused regulars
USER-0007,ITEM-030,2025-11-24T11:16:00+00:00,2.0,save,New explorers
USER-0147,ITEM-058,2025-11-24T13:26:00+00:00,1.0,open,Broad enthusiasts
USER-0111,ITEM-004,2025-11-24T14:33:00+00:00,1.0,open,Broad enthusiasts
USER-0150,ITEM-007,2025-11-24T15:34:00+00:00,1.0,open,Broad enthusiasts
USER-0195,ITEM-084,2025-11-24T16:27:00+00:00,2.0,save,Broad enthusiasts
USER-0210,ITEM-021,2025-11-24T16:29:00+00:00,1.0,open,Broad enthusiasts
USER-0172,ITEM-011,2025-11-24T17:15:00+00:00,1.0,open,New explorers
USER-0081,ITEM-048,2025-11-24T17:23:00+00:00,3.0,complete,Broad enthusiasts
USER-0133,ITEM-083,2025-11-24T18:13:00+00:00,3.0,complete,New explorers
USER-0268,ITEM-036,2025-11-24T18:14:00+00:00,3.0,complete,New explorers
USER-0020,ITEM-009,2025-11-24T18:18:00+00:00,2.0,save,Focused regulars
USER-0212,ITEM-051,2025-11-24T18:18:00+00:00,1.0,open,Focused regulars
USER-0240,ITEM-032,2025-11-24T18:29:00+00:00,3.0,complete,Broad enthusiasts
USER-0165,ITEM-050,2025-11-24T18:32:00+00:00,2.0,save,Broad enthusiasts
USER-0299,ITEM-058,2025-11-24T19:16:00+00:00,1.0,open,Focused regulars
USER-0132,ITEM-072,2025-11-24T19:35:00+00:00,1.0,open,Broad enthusiasts
USER-0062,ITEM-017,2025-11-24T20:22:00+00:00,1.0,open,Focused regulars
USER-0248,ITEM-020,2025-11-24T20:22:00+00:00,1.0,open,Focused regulars
USER-0265,ITEM-069,2025-11-24T21:20:00+00:00,2.0,save,New explorers
USER-0134,ITEM-028,2025-11-24T22:21:00+00:00,1.0,open,Focused regulars
USER-0041,ITEM-014,2025-11-24T22:26:00+00:00,2.0,save,Focused regulars
USER-0292,ITEM-019,2025-11-25T07:12:00+00:00,2.0,save,New explorers
USER-0173,ITEM-066,2025-11-25T08:18:00+00:00,2.0,save,Focused regulars
USER-0183,ITEM-037,2025-11-25T08:21:00+00:00,2.0,save,Broad enthusiasts
USER-0211,ITEM-090,2025-11-25T10:17:00+00:00,1.0,open,New explorers
USER-0097,ITEM-040,2025-11-25T11:15:00+00:00,2.0,save,New explorers
USER-0161,ITEM-017,2025-11-25T11:17:00+00:00,1.0,open,Focused regulars
USER-0207,ITEM-090,2025-11-25T11:19:00+00:00,2.0,save,Broad enthusiasts
USER-0219,ITEM-021,2025-11-25T12:16:00+00:00,2.0,save,Broad enthusiasts
USER-0003,ITEM-063,2025-11-25T12:23:00+00:00,1.0,open,Broad enthusiasts
USER-0084,ITEM-005,2025-11-25T12:29:00+00:00,1.0,open,Broad enthusiasts
USER-0255,ITEM-043,2025-11-25T12:29:00+00:00,3.0,complete,Broad enthusiasts
USER-0118,ITEM-082,2025-11-25T14:09:00+00:00,1.0,open,New explorers
USER-0125,ITEM-081,2025-11-25T14:15:00+00:00,1.0,open,Focused regulars
USER-0312,ITEM-032,2025-11-25T15:15:00+00:00,1.0,open,Broad enthusiasts
USER-0293,ITEM-044,2025-11-25T15:17:00+00:00,3.0,complete,Focused regulars
USER-0050,ITEM-060,2025-11-25T15:24:00+00:00,2.0,save,Focused regulars
USER-0186,ITEM-065,2025-11-25T16:25:00+00:00,3.0,complete,Broad enthusiasts
USER-0041,ITEM-048,2025-11-25T16:27:00+00:00,1.0,open,Focused regulars
USER-0059,ITEM-031,2025-11-25T16:27:00+00:00,3.0,complete,Focused regulars
USER-0174,ITEM-040,2025-11-25T18:28:00+00:00,1.0,open,Broad enthusiasts
USER-0090,ITEM-016,2025-11-25T19:29:00+00:00,1.0,open,Broad enthusiasts
USER-0226,ITEM-048,2025-11-25T20:11:00+00:00,2.0,save,New explorers
USER-0099,ITEM-074,2025-11-25T20:23:00+00:00,2.0,save,Broad enthusiasts
USER-0191,ITEM-049,2025-11-25T21:21:00+00:00,2.0,save,Focused regulars
USER-0195,ITEM-077,2025-11-25T21:28:00+00:00,2.0,save,Broad enthusiasts
USER-0127,ITEM-069,2025-11-25T22:14:00+00:00,1.0,open,New explorers
USER-0115,ITEM-037,2025-11-25T22:15:00+00:00,1.0,open,New explorers
USER-0223,ITEM-042,2025-11-26T07:15:00+00:00,2.0,save,New explorers
USER-0268,ITEM-075,2025-11-26T08:15:00+00:00,1.0,open,New explorers
USER-0218,ITEM-067,2025-11-26T08:18:00+00:00,1.0,open,Focused regulars
USER-0072,ITEM-005,2025-11-26T08:30:00+00:00,1.0,open,Broad enthusiasts
USER-0235,ITEM-035,2025-11-26T09:19:00+00:00,1.0,open,New explorers
USER-0306,ITEM-074,2025-11-26T09:23:00+00:00,1.0,open,Broad enthusiasts
USER-0170,ITEM-086,2025-11-26T10:22:00+00:00,1.0,open,Focused regulars
USER-0203,ITEM-039,2025-11-26T11:31:00+00:00,1.0,open,Focused regulars
USER-0056,ITEM-030,2025-11-26T12:21:00+00:00,1.0,open,Focused regulars
USER-0283,ITEM-079,2025-11-26T13:12:00+00:00,2.0,save,New explorers
USER-0240,ITEM-040,2025-11-26T13:30:00+00:00,1.0,open,Broad enthusiasts
USER-0055,ITEM-017,2025-11-26T14:11:00+00:00,1.0,open,New explorers
USER-0275,ITEM-014,2025-11-26T14:13:00+00:00,1.0,open,Focused regulars
USER-0060,ITEM-055,2025-11-26T15:26:00+00:00,1.0,open,Broad enthusiasts
USER-0204,ITEM-063,2025-11-26T16:20:00+00:00,1.0,open,Broad enthusiasts
USER-0269,ITEM-004,2025-11-26T16:24:00+00:00,1.0,open,Focused regulars
USER-0078,ITEM-062,2025-11-26T16:27:00+00:00,1.0,open,Broad enthusiasts
USER-0184,ITEM-065,2025-11-26T17:11:00+00:00,3.0,complete,New explorers
USER-0035,ITEM-079,2025-11-26T17:20:00+00:00,3.0,complete,Focused regulars
USER-0241,ITEM-020,2025-11-26T18:09:00+00:00,1.0,open,New explorers
USER-0027,ITEM-090,2025-11-26T18:29:00+00:00,3.0,complete,Broad enthusiasts
USER-0149,ITEM-087,2025-11-26T19:20:00+00:00,2.0,save,Focused regulars
USER-0036,ITEM-023,2025-11-26T20:23:00+00:00,1.0,open,Broad enthusiasts
USER-0057,ITEM-083,2025-11-26T20:23:00+00:00,1.0,open,Broad enthusiasts
USER-0193,ITEM-049,2025-11-26T21:13:00+00:00,1.0,open,New explorers
USER-0088,ITEM-041,2025-11-26T21:16:00+00:00,1.0,open,New explorers
USER-0183,ITEM-052,2025-11-26T21:22:00+00:00,1.0,open,Broad enthusiasts
USER-0141,ITEM-068,2025-11-26T21:24:00+00:00,1.0,open,Broad enthusiasts
USER-0187,ITEM-080,2025-11-26T22:13:00+00:00,3.0,complete,New explorers
USER-0044,ITEM-082,2025-11-26T22:14:00+00:00,1.0,open,Focused regulars
USER-0295,ITEM-024,2025-11-26T22:14:00+00:00,2.0,save,New explorers
USER-0177,ITEM-092,2025-11-27T07:23:00+00:00,2.0,save,Broad enthusiasts
USER-0225,ITEM-072,2025-11-27T07:25:00+00:00,1.0,open,Broad enthusiasts
USER-0053,ITEM-054,2025-11-27T08:14:00+00:00,3.0,complete,Focused regulars
USER-0243,ITEM-028,2025-11-27T08:23:00+00:00,1.0,open,Broad enthusiasts
USER-0164,ITEM-065,2025-11-27T08:26:00+00:00,3.0,complete,Focused regulars
USER-0309,ITEM-006,2025-11-27T09:24:00+00:00,1.0,open,Broad enthusiasts
USER-0198,ITEM-095,2025-11-27T09:29:00+00:00,2.0,save,Broad enthusiasts
USER-0009,ITEM-018,2025-11-27T09:31:00+00:00,3.0,complete,Broad enthusiasts
USER-0234,ITEM-070,2025-11-27T10:33:00+00:00,1.0,open,Broad enthusiasts
USER-0006,ITEM-027,2025-11-27T11:20:00+00:00,1.0,open,Broad enthusiasts
USER-0091,ITEM-003,2025-11-27T12:12:00+00:00,2.0,save,New explorers
USER-0103,ITEM-087,2025-11-27T12:18:00+00:00,1.0,open,New explorers
USER-0069,ITEM-068,2025-11-27T12:22:00+00:00,2.0,save,Broad enthusiasts
USER-0221,ITEM-012,2025-11-27T13:11:00+00:00,1.0,open,Focused regulars
USER-0121,ITEM-012,2025-11-27T15:19:00+00:00,3.0,complete,New explorers
USER-0166,ITEM-010,2025-11-27T16:21:00+00:00,2.0,save,New explorers
USER-0162,ITEM-042,2025-11-27T16:32:00+00:00,1.0,open,Broad enthusiasts
USER-0036,ITEM-045,2025-11-27T17:24:00+00:00,1.0,open,Broad enthusiasts
USER-0171,ITEM-015,2025-11-27T18:35:00+00:00,2.0,save,Broad enthusiasts
USER-0311,ITEM-016,2025-11-27T20:15:00+00:00,2.0,save,Focused regulars
USER-0108,ITEM-054,2025-11-27T20:31:00+00:00,1.0,open,Broad enthusiasts
USER-0203,ITEM-034,2025-11-27T20:32:00+00:00,1.0,open,Focused regulars
USER-0144,ITEM-038,2025-11-27T21:23:00+00:00,1.0,open,Broad enthusiasts
USER-0110,ITEM-067,2025-11-28T07:23:00+00:00,1.0,open,Focused regulars
USER-0222,ITEM-054,2025-11-28T08:23:00+00:00,2.0,save,Broad enthusiasts
USER-0282,ITEM-019,2025-11-28T08:26:00+00:00,1.0,open,Broad enthusiasts
USER-0104,ITEM-075,2025-11-28T08:27:00+00:00,2.0,save,Focused regulars
USER-0245,ITEM-014,2025-11-28T09:13:00+00:00,1.0,open,Focused regulars
USER-0237,ITEM-087,2025-11-28T09:34:00+00:00,1.0,open,Broad enthusiasts
USER-0028,ITEM-028,2025-11-28T10:07:00+00:00,2.0,save,New explorers
USER-0004,ITEM-077,2025-11-28T11:12:00+00:00,3.0,complete,New explorers
USER-0086,ITEM-086,2025-11-28T11:20:00+00:00,1.0,open,Focused regulars
USER-0119,ITEM-079,2025-11-28T11:28:00+00:00,1.0,open,Focused regulars
USER-0240,ITEM-086,2025-11-28T12:31:00+00:00,1.0,open,Broad enthusiasts
USER-0120,ITEM-002,2025-11-28T14:26:00+00:00,1.0,open,Broad enthusiasts
USER-0017,ITEM-017,2025-11-28T15:19:00+00:00,3.0,complete,Focused regulars
USER-0118,ITEM-072,2025-11-28T16:10:00+00:00,1.0,open,New explorers
USER-0041,ITEM-079,2025-11-28T17:28:00+00:00,1.0,open,Focused regulars
USER-0180,ITEM-054,2025-11-28T18:26:00+00:00,1.0,open,Broad enthusiasts
USER-0203,ITEM-055,2025-11-28T18:33:00+00:00,1.0,open,Focused regulars
USER-0098,ITEM-028,2025-11-28T19:23:00+00:00,2.0,save,Focused regulars
USER-0234,ITEM-093,2025-11-28T19:34:00+00:00,1.0,open,Broad enthusiasts
USER-0032,ITEM-037,2025-11-28T21:17:00+00:00,1.0,open,Focused regulars
USER-0136,ITEM-011,2025-11-28T21:22:00+00:00,1.0,open,New explorers
USER-0273,ITEM-094,2025-11-28T21:29:00+00:00,1.0,open,Broad enthusiasts
USER-0169,ITEM-029,2025-11-28T22:13:00+00:00,1.0,open,New explorers
USER-0301,ITEM-034,2025-11-28T22:22:00+00:00,2.0,save,New explorers
USER-0318,ITEM-072,2025-11-28T22:22:00+00:00,1.0,open,Broad enthusiasts
USER-0165,ITEM-062,2025-11-28T22:33:00+00:00,3.0,complete,Broad enthusiasts
USER-0099,ITEM-078,2025-11-29T07:24:00+00:00,1.0,open,Broad enthusiasts
USER-0037,ITEM-039,2025-11-29T08:12:00+00:00,1.0,open,New explorers
USER-0232,ITEM-023,2025-11-29T08:15:00+00:00,1.0,open,New explorers
USER-0248,ITEM-030,2025-11-29T09:23:00+00:00,1.0,open,Focused regulars
USER-0222,ITEM-030,2025-11-29T09:24:00+00:00,1.0,open,Broad enthusiasts
USER-0187,ITEM-087,2025-11-29T10:14:00+00:00,2.0,save,New explorers
USER-0275,ITEM-008,2025-11-29T12:14:00+00:00,1.0,open,Focused regulars
USER-0122,ITEM-062,2025-11-29T12:28:00+00:00,3.0,complete,Focused regulars
USER-0026,ITEM-038,2025-11-29T13:17:00+00:00,2.0,save,Focused regulars
USER-0077,ITEM-080,2025-11-29T14:22:00+00:00,1.0,open,Focused regulars
USER-0186,ITEM-003,2025-11-29T14:26:00+00:00,1.0,open,Broad enthusiasts
USER-0305,ITEM-080,2025-11-29T15:14:00+00:00,1.0,open,Focused regulars
USER-0023,ITEM-010,2025-11-29T16:19:00+00:00,2.0,save,Focused regulars
USER-0170,ITEM-020,2025-11-29T16:23:00+00:00,1.0,open,Focused regulars
USER-0149,ITEM-029,2025-11-29T17:21:00+00:00,1.0,open,Focused regulars
USER-0126,ITEM-077,2025-11-29T17:22:00+00:00,1.0,open,Broad enthusiasts
USER-0091,ITEM-012,2025-11-29T18:13:00+00:00,1.0,open,New explorers
USER-0142,ITEM-005,2025-11-29T18:13:00+00:00,3.0,complete,New explorers
USER-0258,ITEM-046,2025-11-29T18:25:00+00:00,1.0,open,Broad enthusiasts
USER-0207,ITEM-063,2025-11-29T19:20:00+00:00,2.0,save,Broad enthusiasts
USER-0045,ITEM-012,2025-11-29T20:29:00+00:00,1.0,open,Broad enthusiasts
USER-0190,ITEM-014,2025-11-29T21:12:00+00:00,1.0,open,New explorers
USER-0140,ITEM-021,2025-11-29T21:16:00+00:00,1.0,open,Focused regulars
USER-0234,ITEM-074,2025-11-29T21:35:00+00:00,1.0,open,Broad enthusiasts
USER-0056,ITEM-040,2025-11-30T07:22:00+00:00,1.0,open,Focused regulars
USER-0288,ITEM-093,2025-11-30T07:33:00+00:00,2.0,save,Broad enthusiasts
USER-0252,ITEM-031,2025-11-30T08:28:00+00:00,1.0,open,Broad enthusiasts
USER-0239,ITEM-062,2025-11-30T11:16:00+00:00,2.0,save,Focused regulars
USER-0196,ITEM-023,2025-11-30T11:19:00+00:00,1.0,open,New explorers
USER-0024,ITEM-035,2025-11-30T11:26:00+00:00,1.0,open,Broad enthusiasts
USER-0105,ITEM-087,2025-11-30T11:26:00+00:00,1.0,open,Broad enthusiasts
USER-0210,ITEM-028,2025-11-30T13:30:00+00:00,1.0,open,Broad enthusiasts
USER-0006,ITEM-014,2025-11-30T16:21:00+00:00,3.0,complete,Broad enthusiasts
USER-0084,ITEM-026,2025-11-30T16:30:00+00:00,1.0,open,Broad enthusiasts
USER-0201,ITEM-080,2025-11-30T17:24:00+00:00,1.0,open,Broad enthusiasts
USER-0273,ITEM-059,2025-11-30T17:30:00+00:00,1.0,open,Broad enthusiasts
USER-0313,ITEM-058,2025-11-30T18:09:00+00:00,2.0,save,New explorers
USER-0043,ITEM-087,2025-11-30T18:15:00+00:00,1.0,open,New explorers
USER-0234,ITEM-087,2025-11-30T18:36:00+00:00,3.0,complete,Broad enthusiasts
USER-0305,ITEM-079,2025-11-30T19:15:00+00:00,1.0,open,Focused regulars
USER-0202,ITEM-064,2025-11-30T19:17:00+00:00,2.0,save,New explorers
USER-0310,ITEM-004,2025-11-30T20:14:00+00:00,2.0,save,New explorers
USER-0182,ITEM-063,2025-11-30T20:19:00+00:00,1.0,open,Focused regulars
USER-0297,ITEM-004,2025-11-30T20:35:00+00:00,1.0,open,Broad enthusiasts
USER-0122,ITEM-090,2025-11-30T21:29:00+00:00,2.0,save,Focused regulars
USER-0021,ITEM-028,2025-11-30T21:33:00+00:00,2.0,save,Broad enthusiasts
USER-0174,ITEM-039,2025-11-30T22:29:00+00:00,1.0,open,Broad enthusiasts
USER-0254,ITEM-050,2025-12-01T08:21:00+00:00,1.0,open,Focused regulars
USER-0094,ITEM-082,2025-12-01T09:12:00+00:00,1.0,open,New explorers
USER-0271,ITEM-074,2025-12-01T10:15:00+00:00,3.0,complete,New explorers
USER-0196,ITEM-085,2025-12-01T10:20:00+00:00,1.0,open,New explorers
USER-0084,ITEM-038,2025-12-01T10:31:00+00:00,2.0,save,Broad enthusiasts
USER-0039,ITEM-037,2025-12-01T10:32:00+00:00,2.0,save,Broad enthusiasts
USER-0080,ITEM-072,2025-12-01T10:35:00+00:00,1.0,open,Focused regulars
USER-0283,ITEM-011,2025-12-01T11:13:00+00:00,2.0,save,New explorers
USER-0048,ITEM-074,2025-12-01T11:23:00+00:00,1.0,open,Broad enthusiasts
USER-0243,ITEM-045,2025-12-01T11:24:00+00:00,3.0,complete,Broad enthusiasts
USER-0174,ITEM-071,2025-12-01T11:30:00+00:00,1.0,open,Broad enthusiasts
USER-0006,ITEM-047,2025-12-01T12:22:00+00:00,1.0,open,Broad enthusiasts
USER-0062,ITEM-094,2025-12-01T12:23:00+00:00,2.0,save,Focused regulars
USER-0127,ITEM-016,2025-12-01T13:15:00+00:00,1.0,open,New explorers
USER-0058,ITEM-052,2025-12-01T13:20:00+00:00,1.0,open,New explorers
USER-0266,ITEM-083,2025-12-01T13:27:00+00:00,2.0,save,Focused regulars
USER-0149,ITEM-002,2025-12-01T14:22:00+00:00,1.0,open,Focused regulars
USER-0128,ITEM-087,2025-12-01T14:23:00+00:00,1.0,open,Focused regulars
USER-0055,ITEM-049,2025-12-01T15:12:00+00:00,2.0,save,New explorers
USER-0096,ITEM-053,2025-12-01T15:31:00+00:00,2.0,save,Broad enthusiasts
USER-0046,ITEM-077,2025-12-01T17:11:00+00:00,1.0,open,New explorers
USER-0245,ITEM-083,2025-12-01T17:14:00+00:00,1.0,open,Focused regulars
USER-0019,ITEM-005,2025-12-01T18:10:00+00:00,2.0,save,New explorers
USER-0126,ITEM-049,2025-12-01T18:23:00+00:00,2.0,save,Broad enthusiasts
USER-0292,ITEM-050,2025-12-01T19:13:00+00:00,1.0,open,New explorers
USER-0023,ITEM-062,2025-12-01T19:20:00+00:00,1.0,open,Focused regulars
USER-0036,ITEM-011,2025-12-01T20:25:00+00:00,1.0,open,Broad enthusiasts
USER-0254,ITEM-011,2025-12-02T07:22:00+00:00,2.0,save,Focused regulars
USER-0317,ITEM-037,2025-12-02T08:11:00+00:00,1.0,open,Focused regulars
USER-0089,ITEM-032,2025-12-02T08:15:00+00:00,1.0,open,Focused regulars
USER-0146,ITEM-079,2025-12-02T08:22:00+00:00,1.0,open,Focused regulars
USER-0073,ITEM-081,2025-12-02T11:17:00+00:00,1.0,open,New explorers
USER-0276,ITEM-067,2025-12-02T11:19:00+00:00,2.0,save,Broad enthusiasts
USER-0096,ITEM-036,2025-12-02T11:32:00+00:00,1.0,open,Broad enthusiasts
USER-0311,ITEM-033,2025-12-02T13:16:00+00:00,1.0,open,Focused regulars
USER-0204,ITEM-049,2025-12-02T13:21:00+00:00,2.0,save,Broad enthusiasts
USER-0098,ITEM-054,2025-12-02T13:24:00+00:00,1.0,open,Focused regulars
USER-0104,ITEM-022,2025-12-02T13:28:00+00:00,1.0,open,Focused regulars
USER-0310,ITEM-013,2025-12-02T14:15:00+00:00,1.0,open,New explorers
USER-0264,ITEM-013,2025-12-02T15:34:00+00:00,1.0,open,Broad enthusiasts
USER-0260,ITEM-025,2025-12-02T16:22:00+00:00,2.0,save,Focused regulars
USER-0169,ITEM-095,2025-12-02T17:14:00+00:00,1.0,open,New explorers
USER-0229,ITEM-080,2025-12-02T17:17:00+00:00,1.0,open,New explorers
USER-0109,ITEM-096,2025-12-02T18:12:00+00:00,1.0,open,New explorers
USER-0081,ITEM-042,2025-12-02T18:24:00+00:00,1.0,open,Broad enthusiasts
USER-0066,ITEM-050,2025-12-02T18:27:00+00:00,3.0,complete,Broad enthusiasts
USER-0028,ITEM-001,2025-12-02T19:08:00+00:00,1.0,open,New explorers
USER-0072,ITEM-021,2025-12-02T19:31:00+00:00,3.0,complete,Broad enthusiasts
USER-0107,ITEM-017,2025-12-02T20:20:00+00:00,1.0,open,Focused regulars
USER-0027,ITEM-072,2025-12-02T20:30:00+00:00,1.0,open,Broad enthusiasts
USER-0090,ITEM-015,2025-12-02T22:30:00+00:00,1.0,open,Broad enthusiasts
USER-0180,ITEM-080,2025-12-03T07:27:00+00:00,1.0,open,Broad enthusiasts
USER-0009,ITEM-060,2025-12-03T07:32:00+00:00,1.0,open,Broad enthusiasts
USER-0201,ITEM-087,2025-12-03T08:25:00+00:00,1.0,open,Broad enthusiasts
USER-0047,ITEM-096,2025-12-03T09:17:00+00:00,2.0,save,Focused regulars
USER-0260,ITEM-059,2025-12-03T09:23:00+00:00,1.0,open,Focused regulars
USER-0093,ITEM-084,2025-12-03T09:33:00+00:00,2.0,save,Broad enthusiasts
USER-0304,ITEM-039,2025-12-03T10:17:00+00:00,1.0,open,New explorers
USER-0020,ITEM-014,2025-12-03T10:19:00+00:00,2.0,save,Focused regulars
USER-0245,ITEM-087,2025-12-03T11:15:00+00:00,1.0,open,Focused regulars
USER-0236,ITEM-041,2025-12-03T11:16:00+00:00,1.0,open,Focused regulars
USER-0106,ITEM-025,2025-12-03T12:10:00+00:00,1.0,open,New explorers
USER-0314,ITEM-064,2025-12-03T14:17:00+00:00,3.0,complete,Focused regulars
USER-0108,ITEM-004,2025-12-03T15:32:00+00:00,2.0,save,Broad enthusiasts
USER-0305,ITEM-088,2025-12-03T16:16:00+00:00,3.0,complete,Focused regulars
USER-0308,ITEM-048,2025-12-03T16:18:00+00:00,1.0,open,Focused regulars
USER-0067,ITEM-002,2025-12-03T16:20:00+00:00,1.0,open,New explorers
USER-0049,ITEM-052,2025-12-03T17:11:00+00:00,1.0,open,New explorers
USER-0246,ITEM-021,2025-12-03T18:23:00+00:00,1.0,open,Broad enthusiasts
USER-0294,ITEM-072,2025-12-03T19:34:00+00:00,2.0,save,Broad enthusiasts
USER-0191,ITEM-034,2025-12-03T20:22:00+00:00,1.0,open,Focused regulars
USER-0212,ITEM-067,2025-12-03T21:19:00+00:00,1.0,open,Focused regulars
USER-0269,ITEM-093,2025-12-03T21:25:00+00:00,1.0,open,Focused regulars
USER-0237,ITEM-033,2025-12-03T22:35:00+00:00,3.0,complete,Broad enthusiasts
USER-0207,ITEM-054,2025-12-04T07:21:00+00:00,1.0,open,Broad enthusiasts
USER-0068,ITEM-047,2025-12-04T08:26:00+00:00,1.0,open,Focused regulars
USER-0194,ITEM-034,2025-12-04T09:20:00+00:00,1.0,open,Focused regulars
USER-0075,ITEM-019,2025-12-04T09:25:00+00:00,1.0,open,Broad enthusiasts
USER-0052,ITEM-092,2025-12-04T10:15:00+00:00,2.0,save,New explorers
USER-0064,ITEM-059,2025-12-04T11:16:00+00:00,1.0,open,New explorers
USER-0048,ITEM-072,2025-12-04T11:24:00+00:00,1.0,open,Broad enthusiasts
USER-0249,ITEM-075,2025-12-04T11:29:00+00:00,1.0,open,Broad enthusiasts
USER-0314,ITEM-015,2025-12-04T13:18:00+00:00,1.0,open,Focused regulars
USER-0276,ITEM-086,2025-12-04T13:20:00+00:00,2.0,save,Broad enthusiasts
USER-0206,ITEM-043,2025-12-04T13:29:00+00:00,3.0,complete,Focused regulars
USER-0142,ITEM-094,2025-12-04T14:14:00+00:00,1.0,open,New explorers
USER-0100,ITEM-055,2025-12-04T14:16:00+00:00,1.0,open,New explorers
USER-0211,ITEM-027,2025-12-04T14:18:00+00:00,1.0,open,New explorers
USER-0058,ITEM-078,2025-12-04T15:21:00+00:00,3.0,complete,New explorers
USER-0092,ITEM-016,2025-12-04T15:25:00+00:00,1.0,open,Focused regulars
USER-0189,ITEM-032,2025-12-04T15:32:00+00:00,1.0,open,Broad enthusiasts
USER-0017,ITEM-053,2025-12-04T16:20:00+00:00,1.0,open,Focused regulars
USER-0291,ITEM-019,2025-12-04T16:29:00+00:00,1.0,open,Broad enthusiasts
USER-0090,ITEM-042,2025-12-04T16:31:00+00:00,2.0,save,Broad enthusiasts
USER-0221,ITEM-094,2025-12-04T18:12:00+00:00,1.0,open,Focused regulars
USER-0259,ITEM-058,2025-12-04T18:20:00+00:00,1.0,open,New explorers
USER-0146,ITEM-019,2025-12-04T20:23:00+00:00,1.0,open,Focused regulars
USER-0117,ITEM-016,2025-12-04T20:25:00+00:00,1.0,open,Broad enthusiasts
USER-0045,ITEM-040,2025-12-04T22:30:00+00:00,2.0,save,Broad enthusiasts
USER-0028,ITEM-071,2025-12-05T08:09:00+00:00,1.0,open,New explorers
USER-0173,ITEM-063,2025-12-05T08:19:00+00:00,3.0,complete,Focused regulars
USER-0231,ITEM-033,2025-12-05T08:23:00+00:00,2.0,save,Broad enthusiasts
USER-0081,ITEM-050,2025-12-05T08:25:00+00:00,1.0,open,Broad enthusiasts
USER-0109,ITEM-095,2025-12-05T09:13:00+00:00,1.0,open,New explorers
USER-0273,ITEM-027,2025-12-05T10:31:00+00:00,3.0,complete,Broad enthusiasts
USER-0240,ITEM-054,2025-12-05T10:32:00+00:00,1.0,open,Broad enthusiasts
USER-0266,ITEM-053,2025-12-05T11:28:00+00:00,1.0,open,Focused regulars
USER-0233,ITEM-029,2025-12-05T12:18:00+00:00,1.0,open,Focused regulars
USER-0314,ITEM-085,2025-12-05T13:19:00+00:00,1.0,open,Focused regulars
USER-0050,ITEM-094,2025-12-05T13:25:00+00:00,1.0,open,Focused regulars
USER-0082,ITEM-052,2025-12-05T15:09:00+00:00,1.0,open,New explorers
USER-0044,ITEM-047,2025-12-05T15:15:00+00:00,1.0,open,Focused regulars
USER-0183,ITEM-063,2025-12-05T15:23:00+00:00,1.0,open,Broad enthusiasts
USER-0120,ITEM-042,2025-12-05T15:27:00+00:00,3.0,complete,Broad enthusiasts
USER-0059,ITEM-020,2025-12-05T15:28:00+00:00,1.0,open,Focused regulars
USER-0047,ITEM-028,2025-12-05T16:18:00+00:00,1.0,open,Focused regulars
USER-0071,ITEM-005,2025-12-05T17:14:00+00:00,1.0,open,Focused regulars
USER-0159,ITEM-083,2025-12-05T17:19:00+00:00,2.0,save,Broad enthusiasts
USER-0309,ITEM-096,2025-12-05T17:25:00+00:00,1.0,open,Broad enthusiasts
USER-0242,ITEM-071,2025-12-05T18:19:00+00:00,1.0,open,Focused regulars
USER-0042,ITEM-014,2025-12-05T19:32:00+00:00,1.0,open,Broad enthusiasts
USER-0204,ITEM-058,2025-12-05T20:22:00+00:00,1.0,open,Broad enthusiasts
USER-0036,ITEM-032,2025-12-05T20:26:00+00:00,3.0,complete,Broad enthusiasts
USER-0124,ITEM-088,2025-12-05T21:14:00+00:00,1.0,open,New explorers
USER-0194,ITEM-047,2025-12-05T21:21:00+00:00,1.0,open,Focused regulars
USER-0162,ITEM-071,2025-12-05T21:33:00+00:00,1.0,open,Broad enthusiasts
USER-0041,ITEM-032,2025-12-05T22:29:00+00:00,2.0,save,Focused regulars
USER-0208,ITEM-084,2025-12-06T08:09:00+00:00,3.0,complete,New explorers
USER-0219,ITEM-019,2025-12-06T08:17:00+00:00,1.0,open,Broad enthusiasts
USER-0112,ITEM-080,2025-12-06T09:16:00+00:00,2.0,save,New explorers
USER-0212,ITEM-021,2025-12-06T09:20:00+00:00,1.0,open,Focused regulars
USER-0149,ITEM-076,2025-12-06T10:23:00+00:00,1.0,open,Focused regulars
USER-0209,ITEM-039,2025-12-06T11:23:00+00:00,1.0,open,Focused regulars
USER-0165,ITEM-088,2025-12-06T11:34:00+00:00,1.0,open,Broad enthusiasts
USER-0229,ITEM-017,2025-12-06T12:18:00+00:00,1.0,open,New explorers
USER-0205,ITEM-060,2025-12-06T14:13:00+00:00,1.0,open,New explorers
USER-0022,ITEM-055,2025-12-06T14:15:00+00:00,1.0,open,New explorers
USER-0196,ITEM-094,2025-12-06T14:21:00+00:00,1.0,open,New explorers
USER-0129,ITEM-019,2025-12-06T14:25:00+00:00,1.0,open,Broad enthusiasts
USER-0311,ITEM-078,2025-12-06T16:17:00+00:00,2.0,save,Focused regulars
USER-0218,ITEM-060,2025-12-06T16:19:00+00:00,1.0,open,Focused regulars
USER-0296,ITEM-017,2025-12-06T19:18:00+00:00,1.0,open,Focused regulars
USER-0302,ITEM-021,2025-12-06T19:23:00+00:00,1.0,open,Focused regulars
USER-0081,ITEM-091,2025-12-06T19:26:00+00:00,1.0,open,Broad enthusiasts
USER-0024,ITEM-090,2025-12-06T19:27:00+00:00,1.0,open,Broad enthusiasts
USER-0132,ITEM-016,2025-12-06T20:36:00+00:00,1.0,open,Broad enthusiasts
USER-0106,ITEM-049,2025-12-06T21:11:00+00:00,1.0,open,New explorers
USER-0098,ITEM-068,2025-12-06T22:25:00+00:00,1.0,open,Focused regulars
USER-0309,ITEM-050,2025-12-07T08:26:00+00:00,1.0,open,Broad enthusiasts
USER-0317,ITEM-033,2025-12-07T10:12:00+00:00,1.0,open,Focused regulars
USER-0157,ITEM-086,2025-12-07T11:13:00+00:00,1.0,open,New explorers
USER-0224,ITEM-052,2025-12-07T11:24:00+00:00,1.0,open,Focused regulars
USER-0260,ITEM-055,2025-12-07T11:24:00+00:00,1.0,open,Focused regulars
USER-0061,ITEM-040,2025-12-07T12:13:00+00:00,3.0,complete,New explorers
USER-0026,ITEM-007,2025-12-07T12:18:00+00:00,1.0,open,Focused regulars
USER-0130,ITEM-042,2025-12-07T15:11:00+00:00,2.0,save,New explorers
USER-0029,ITEM-041,2025-12-07T16:15:00+00:00,1.0,open,Focused regulars
USER-0038,ITEM-014,2025-12-07T18:20:00+00:00,2.0,save,Focused regulars
USER-0203,ITEM-094,2025-12-07T18:34:00+00:00,1.0,open,Focused regulars
USER-0166,ITEM-091,2025-12-07T19:22:00+00:00,1.0,open,New explorers
USER-0257,ITEM-087,2025-12-07T20:24:00+00:00,2.0,save,Focused regulars
USER-0210,ITEM-084,2025-12-07T20:31:00+00:00,1.0,open,Broad enthusiasts
USER-0168,ITEM-031,2025-12-07T20:32:00+00:00,1.0,open,Broad enthusiasts
USER-0039,ITEM-047,2025-12-07T20:33:00+00:00,1.0,open,Broad enthusiasts
USER-0139,ITEM-025,2025-12-07T21:11:00+00:00,1.0,open,New explorers
USER-0294,ITEM-026,2025-12-07T21:35:00+00:00,2.0,save,Broad enthusiasts
USER-0002,ITEM-033,2025-12-07T22:22:00+00:00,1.0,open,Focused regulars
USER-0054,ITEM-073,2025-12-07T22:33:00+00:00,1.0,open,Broad enthusiasts
USER-0286,ITEM-040,2025-12-08T07:13:00+00:00,1.0,open,New explorers
USER-0181,ITEM-079,2025-12-08T08:23:00+00:00,2.0,save,New explorers
USER-0048,ITEM-086,2025-12-08T09:25:00+00:00,1.0,open,Broad enthusiasts
USER-0256,ITEM-032,2025-12-08T10:11:00+00:00,1.0,open,New explorers
USER-0167,ITEM-093,2025-12-08T11:12:00+00:00,1.0,open,Focused regulars
USER-0032,ITEM-015,2025-12-08T11:18:00+00:00,1.0,open,Focused regulars
USER-0183,ITEM-020,2025-12-08T12:24:00+00:00,1.0,open,Broad enthusiasts
USER-0299,ITEM-030,2025-12-08T14:17:00+00:00,1.0,open,Focused regulars
USER-0208,ITEM-044,2025-12-08T15:10:00+00:00,1.0,open,New explorers
USER-0157,ITEM-033,2025-12-08T16:14:00+00:00,1.0,open,New explorers
USER-0031,ITEM-010,2025-12-08T16:17:00+00:00,1.0,open,New explorers
USER-0137,ITEM-095,2025-12-08T16:17:00+00:00,1.0,open,Focused regulars
USER-0228,ITEM-059,2025-12-08T16:20:00+00:00,1.0,open,Broad enthusiasts
USER-0243,ITEM-068,2025-12-08T16:25:00+00:00,1.0,open,Broad enthusiasts
USER-0030,ITEM-050,2025-12-08T17:34:00+00:00,1.0,open,Broad enthusiasts
USER-0184,ITEM-083,2025-12-08T18:12:00+00:00,1.0,open,New explorers
USER-0051,ITEM-021,2025-12-08T18:26:00+00:00,1.0,open,Broad enthusiasts
USER-0105,ITEM-025,2025-12-08T18:27:00+00:00,1.0,open,Broad enthusiasts
USER-0288,ITEM-078,2025-12-08T18:34:00+00:00,1.0,open,Broad enthusiasts
USER-0065,ITEM-020,2025-12-08T19:17:00+00:00,1.0,open,Focused regulars
USER-0110,ITEM-040,2025-12-08T19:24:00+00:00,1.0,open,Focused regulars
USER-0150,ITEM-069,2025-12-08T19:35:00+00:00,1.0,open,Broad enthusiasts
USER-0080,ITEM-010,2025-12-08T19:36:00+00:00,1.0,open,Focused regulars
USER-0300,ITEM-082,2025-12-08T20:21:00+00:00,1.0,open,Broad enthusiasts
USER-0246,ITEM-033,2025-12-08T21:24:00+00:00,1.0,open,Broad enthusiasts
USER-0102,ITEM-080,2025-12-09T07:19:00+00:00,1.0,open,Broad enthusiasts
USER-0122,ITEM-038,2025-12-09T07:30:00+00:00,2.0,save,Focused regulars
USER-0166,ITEM-014,2025-12-09T08:23:00+00:00,3.0,complete,New explorers
USER-0243,ITEM-016,2025-12-09T08:26:00+00:00,1.0,open,Broad enthusiasts
USER-0182,ITEM-070,2025-12-09T09:20:00+00:00,3.0,complete,Focused regulars
USER-0210,ITEM-004,2025-12-09T10:32:00+00:00,1.0,open,Broad enthusiasts
USER-0009,ITEM-020,2025-12-09T10:33:00+00:00,1.0,open,Broad enthusiasts
USER-0118,ITEM-016,2025-12-09T11:11:00+00:00,1.0,open,New explorers
USER-0125,ITEM-005,2025-12-09T12:16:00+00:00,3.0,complete,Focused regulars
USER-0176,ITEM-007,2025-12-09T12:25:00+00:00,2.0,save,Focused regulars
USER-0192,ITEM-043,2025-12-09T12:25:00+00:00,1.0,open,Broad enthusiasts
USER-0005,ITEM-029,2025-12-09T15:22:00+00:00,1.0,open,Focused regulars
USER-0131,ITEM-044,2025-12-09T17:16:00+00:00,1.0,open,Focused regulars
USER-0311,ITEM-082,2025-12-09T20:18:00+00:00,1.0,open,Focused regulars
USER-0318,ITEM-022,2025-12-09T20:23:00+00:00,1.0,open,Broad enthusiasts
USER-0135,ITEM-054,2025-12-09T21:32:00+00:00,1.0,open,Broad enthusiasts
USER-0076,ITEM-014,2025-12-09T22:13:00+00:00,1.0,open,New explorers
USER-0097,ITEM-031,2025-12-09T22:16:00+00:00,1.0,open,New explorers
USER-0004,ITEM-083,2025-12-10T08:13:00+00:00,1.0,open,New explorers
USER-0104,ITEM-069,2025-12-10T08:29:00+00:00,3.0,complete,Focused regulars
USER-0042,ITEM-067,2025-12-10T09:33:00+00:00,1.0,open,Broad enthusiasts
USER-0200,ITEM-070,2025-12-10T10:19:00+00:00,1.0,open,Focused regulars
USER-0233,ITEM-044,2025-12-10T10:19:00+00:00,2.0,save,Focused regulars
USER-0007,ITEM-081,2025-12-10T11:17:00+00:00,1.0,open,New explorers
USER-0035,ITEM-018,2025-12-10T11:21:00+00:00,1.0,open,Focused regulars
USER-0117,ITEM-042,2025-12-10T12:26:00+00:00,1.0,open,Broad enthusiasts
USER-0052,ITEM-018,2025-12-10T13:16:00+00:00,1.0,open,New explorers
USER-0135,ITEM-026,2025-12-10T13:33:00+00:00,1.0,open,Broad enthusiasts
USER-0302,ITEM-003,2025-12-10T14:24:00+00:00,1.0,open,Focused regulars
USER-0174,ITEM-077,2025-12-10T14:31:00+00:00,1.0,open,Broad enthusiasts
USER-0072,ITEM-070,2025-12-10T14:32:00+00:00,1.0,open,Broad enthusiasts
USER-0296,ITEM-061,2025-12-10T15:19:00+00:00,3.0,complete,Focused regulars
USER-0020,ITEM-079,2025-12-10T15:20:00+00:00,1.0,open,Focused regulars
USER-0134,ITEM-069,2025-12-10T15:22:00+00:00,1.0,open,Focused regulars
USER-0318,ITEM-026,2025-12-10T15:24:00+00:00,1.0,open,Broad enthusiasts
USER-0293,ITEM-011,2025-12-10T16:18:00+00:00,1.0,open,Focused regulars
USER-0263,ITEM-010,2025-12-10T16:23:00+00:00,1.0,open,Focused regulars
USER-0239,ITEM-024,2025-12-10T17:17:00+00:00,1.0,open,Focused regulars
USER-0273,ITEM-046,2025-12-10T17:32:00+00:00,1.0,open,Broad enthusiasts
USER-0237,ITEM-081,2025-12-10T17:36:00+00:00,1.0,open,Broad enthusiasts
USER-0061,ITEM-062,2025-12-10T19:14:00+00:00,1.0,open,New explorers
USER-0115,ITEM-027,2025-12-10T19:16:00+00:00,1.0,open,New explorers
USER-0193,ITEM-095,2025-12-10T20:14:00+00:00,3.0,complete,New explorers
USER-0225,ITEM-047,2025-12-10T20:26:00+00:00,1.0,open,Broad enthusiasts
USER-0114,ITEM-056,2025-12-10T21:15:00+00:00,2.0,save,Broad enthusiasts
USER-0113,ITEM-048,2025-12-10T22:23:00+00:00,3.0,complete,Focused regulars
USER-0066,ITEM-066,2025-12-10T22:28:00+00:00,1.0,open,Broad enthusiasts
USER-0209,ITEM-067,2025-12-11T07:24:00+00:00,1.0,open,Focused regulars
USER-0185,ITEM-022,2025-12-11T07:28:00+00:00,1.0,open,Focused regulars
USER-0153,ITEM-016,2025-12-11T07:29:00+00:00,2.0,save,Broad enthusiasts
USER-0009,ITEM-064,2025-12-11T07:34:00+00:00,1.0,open,Broad enthusiasts
USER-0063,ITEM-042,2025-12-11T09:27:00+00:00,1.0,open,Broad enthusiasts
USER-0245,ITEM-022,2025-12-11T10:16:00+00:00,1.0,open,Focused regulars
USER-0073,ITEM-072,2025-12-11T10:18:00+00:00,1.0,open,New explorers
USER-0228,ITEM-087,2025-12-11T10:21:00+00:00,1.0,open,Broad enthusiasts
USER-0168,ITEM-076,2025-12-11T10:33:00+00:00,3.0,complete,Broad enthusiasts
USER-0070,ITEM-094,2025-12-11T11:12:00+00:00,2.0,save,New explorers
USER-0285,ITEM-092,2025-12-11T12:24:00+00:00,1.0,open,Broad enthusiasts
USER-0108,ITEM-065,2025-12-11T15:33:00+00:00,1.0,open,Broad enthusiasts
USER-0124,ITEM-061,2025-12-11T16:15:00+00:00,1.0,open,New explorers
USER-0238,ITEM-034,2025-12-11T19:14:00+00:00,2.0,save,New explorers
USER-0169,ITEM-088,2025-12-11T19:15:00+00:00,2.0,save,New explorers
USER-0275,ITEM-037,2025-12-11T20:15:00+00:00,1.0,open,Focused regulars
USER-0129,ITEM-060,2025-12-11T20:26:00+00:00,1.0,open,Broad enthusiasts
USER-0082,ITEM-003,2025-12-11T22:10:00+00:00,1.0,open,New explorers
USER-0226,ITEM-064,2025-12-11T22:12:00+00:00,3.0,complete,New explorers
USER-0287,ITEM-074,2025-12-11T22:16:00+00:00,1.0,open,Focused regulars
USER-0025,ITEM-005,2025-12-12T07:09:00+00:00,2.0,save,New explorers
USER-0111,ITEM-018,2025-12-12T07:34:00+00:00,1.0,open,Broad enthusiasts
USER-0316,ITEM-050,2025-12-12T08:15:00+00:00,1.0,open,New explorers
USER-0269,ITEM-089,2025-12-12T08:26:00+00:00,1.0,open,Focused regulars
USER-0012,ITEM-063,2025-12-12T08:27:00+00:00,1.0,open,Broad enthusiasts
USER-0180,ITEM-002,2025-12-12T11:28:00+00:00,1.0,open,Broad enthusiasts
USER-0053,ITEM-067,2025-12-12T12:15:00+00:00,2.0,save,Focused regulars
USER-0314,ITEM-071,2025-12-12T13:20:00+00:00,3.0,complete,Focused regulars
USER-0199,ITEM-013,2025-12-12T14:13:00+00:00,2.0,save,New explorers
USER-0082,ITEM-061,2025-12-12T16:11:00+00:00,1.0,open,New explorers
USER-0058,ITEM-083,2025-12-12T16:22:00+00:00,1.0,open,New explorers
USER-0248,ITEM-053,2025-12-12T16:24:00+00:00,1.0,open,Focused regulars
USER-0129,ITEM-002,2025-12-12T16:27:00+00:00,1.0,open,Broad enthusiasts
USER-0093,ITEM-053,2025-12-12T16:34:00+00:00,1.0,open,Broad enthusiasts
USER-0007,ITEM-011,2025-12-12T17:18:00+00:00,1.0,open,New explorers
USER-0176,ITEM-039,2025-12-12T17:26:00+00:00,1.0,open,Focused regulars
USER-0210,ITEM-006,2025-12-12T17:33:00+00:00,1.0,open,Broad enthusiasts
USER-0254,ITEM-074,2025-12-12T18:23:00+00:00,1.0,open,Focused regulars
USER-0123,ITEM-090,2025-12-12T19:27:00+00:00,1.0,open,Broad enthusiasts
USER-0177,ITEM-037,2025-12-12T20:24:00+00:00,1.0,open,Broad enthusiasts
USER-0258,ITEM-005,2025-12-12T20:26:00+00:00,1.0,open,Broad enthusiasts
USER-0107,ITEM-028,2025-12-12T21:21:00+00:00,1.0,open,Focused regulars
USER-0002,ITEM-062,2025-12-12T21:23:00+00:00,3.0,complete,Focused regulars
USER-0221,ITEM-043,2025-12-12T22:13:00+00:00,2.0,save,Focused regulars
USER-0295,ITEM-086,2025-12-12T22:15:00+00:00,3.0,complete,New explorers
USER-0083,ITEM-067,2025-12-13T07:17:00+00:00,1.0,open,Focused regulars
USER-0261,ITEM-093,2025-12-13T08:31:00+00:00,1.0,open,Broad enthusiasts
USER-0237,ITEM-070,2025-12-13T08:37:00+00:00,3.0,complete,Broad enthusiasts
USER-0312,ITEM-083,2025-12-13T09:16:00+00:00,2.0,save,Broad enthusiasts
USER-0171,ITEM-084,2025-12-13T10:36:00+00:00,1.0,open,Broad enthusiasts
USER-0047,ITEM-076,2025-12-13T11:19:00+00:00,2.0,save,Focused regulars
USER-0295,ITEM-003,2025-12-13T12:16:00+00:00,2.0,save,New explorers
USER-0063,ITEM-095,2025-12-13T13:28:00+00:00,3.0,complete,Broad enthusiasts
USER-0025,ITEM-002,2025-12-13T14:10:00+00:00,1.0,open,New explorers
USER-0017,ITEM-064,2025-12-13T14:21:00+00:00,2.0,save,Focused regulars
USER-0180,ITEM-015,2025-12-13T14:29:00+00:00,1.0,open,Broad enthusiasts
USER-0241,ITEM-039,2025-12-13T15:10:00+00:00,1.0,open,New explorers
USER-0131,ITEM-063,2025-12-13T15:17:00+00:00,2.0,save,Focused regulars
USER-0140,ITEM-071,2025-12-13T15:17:00+00:00,1.0,open,Focused regulars
USER-0117,ITEM-049,2025-12-13T15:27:00+00:00,1.0,open,Broad enthusiasts
USER-0264,ITEM-087,2025-12-13T15:35:00+00:00,3.0,complete,Broad enthusiasts
USER-0094,ITEM-037,2025-12-13T17:13:00+00:00,3.0,complete,New explorers
USER-0190,ITEM-022,2025-12-13T18:13:00+00:00,1.0,open,New explorers
USER-0175,ITEM-082,2025-12-13T18:14:00+00:00,1.0,open,New explorers
USER-0300,ITEM-060,2025-12-13T18:22:00+00:00,2.0,save,Broad enthusiasts
USER-0002,ITEM-010,2025-12-13T18:24:00+00:00,1.0,open,Focused regulars
USER-0183,ITEM-086,2025-12-13T18:25:00+00:00,2.0,save,Broad enthusiasts
USER-0267,ITEM-046,2025-12-13T19:27:00+00:00,1.0,open,Broad enthusiasts
USER-0294,ITEM-056,2025-12-13T20:36:00+00:00,2.0,save,Broad enthusiasts
USER-0155,ITEM-073,2025-12-13T21:16:00+00:00,1.0,open,Focused regulars
USER-0016,ITEM-033,2025-12-13T22:20:00+00:00,1.0,open,New explorers
USER-0243,ITEM-087,2025-12-13T22:27:00+00:00,3.0,complete,Broad enthusiasts
USER-0028,ITEM-019,2025-12-14T07:10:00+00:00,1.0,open,New explorers
USER-0314,ITEM-033,2025-12-14T07:21:00+00:00,1.0,open,Focused regulars
USER-0045,ITEM-004,2025-12-14T07:31:00+00:00,1.0,open,Broad enthusiasts
USER-0297,ITEM-014,2025-12-14T07:36:00+00:00,1.0,open,Broad enthusiasts
USER-0268,ITEM-096,2025-12-14T09:16:00+00:00,1.0,open,New explorers
USER-0057,ITEM-065,2025-12-14T09:24:00+00:00,3.0,complete,Broad enthusiasts
USER-0054,ITEM-065,2025-12-14T09:34:00+00:00,1.0,open,Broad enthusiasts
USER-0178,ITEM-087,2025-12-14T10:14:00+00:00,3.0,complete,New explorers
USER-0206,ITEM-061,2025-12-14T10:30:00+00:00,1.0,open,Focused regulars
USER-0157,ITEM-079,2025-12-14T11:15:00+00:00,1.0,open,New explorers
USER-0091,ITEM-063,2025-12-14T12:14:00+00:00,1.0,open,New explorers
USER-0032,ITEM-012,2025-12-14T12:19:00+00:00,2.0,save,Focused regulars
USER-0026,ITEM-067,2025-12-14T13:19:00+00:00,1.0,open,Focused regulars
USER-0233,ITEM-043,2025-12-14T15:20:00+00:00,1.0,open,Focused regulars
USER-0099,ITEM-049,2025-12-14T16:25:00+00:00,1.0,open,Broad enthusiasts
USER-0243,ITEM-037,2025-12-14T16:28:00+00:00,1.0,open,Broad enthusiasts
USER-0104,ITEM-066,2025-12-14T16:30:00+00:00,1.0,open,Focused regulars
USER-0141,ITEM-066,2025-12-14T17:25:00+00:00,1.0,open,Broad enthusiasts
USER-0135,ITEM-078,2025-12-14T17:34:00+00:00,1.0,open,Broad enthusiasts
USER-0203,ITEM-043,2025-12-14T17:35:00+00:00,2.0,save,Focused regulars
USER-0301,ITEM-044,2025-12-14T18:23:00+00:00,1.0,open,New explorers
USER-0041,ITEM-018,2025-12-14T19:30:00+00:00,1.0,open,Focused regulars
USER-0093,ITEM-077,2025-12-14T20:35:00+00:00,1.0,open,Broad enthusiasts
USER-0111,ITEM-054,2025-12-14T20:35:00+00:00,1.0,open,Broad enthusiasts
USER-0283,ITEM-073,2025-12-14T21:14:00+00:00,2.0,save,New explorers
USER-0083,ITEM-052,2025-12-14T21:18:00+00:00,1.0,open,Focused regulars
USER-0137,ITEM-018,2025-12-14T22:18:00+00:00,1.0,open,Focused regulars
USER-0213,ITEM-036,2025-12-15T07:31:00+00:00,2.0,save,Broad enthusiasts
USER-0259,ITEM-033,2025-12-15T08:21:00+00:00,1.0,open,New explorers
USER-0021,ITEM-002,2025-12-15T08:34:00+00:00,1.0,open,Broad enthusiasts
USER-0168,ITEM-054,2025-12-15T09:34:00+00:00,1.0,open,Broad enthusiasts
USER-0078,ITEM-083,2025-12-15T13:28:00+00:00,1.0,open,Broad enthusiasts
USER-0252,ITEM-071,2025-12-15T14:29:00+00:00,2.0,save,Broad enthusiasts
USER-0128,ITEM-017,2025-12-15T16:24:00+00:00,1.0,open,Focused regulars
USER-0057,ITEM-085,2025-12-15T16:25:00+00:00,1.0,open,Broad enthusiasts
USER-0087,ITEM-093,2025-12-15T16:30:00+00:00,2.0,save,Broad enthusiasts
USER-0009,ITEM-049,2025-12-15T16:35:00+00:00,1.0,open,Broad enthusiasts
USER-0297,ITEM-048,2025-12-15T17:37:00+00:00,1.0,open,Broad enthusiasts
USER-0071,ITEM-028,2025-12-15T18:15:00+00:00,1.0,open,Focused regulars
USER-0202,ITEM-053,2025-12-15T18:18:00+00:00,1.0,open,New explorers
USER-0198,ITEM-038,2025-12-15T18:30:00+00:00,1.0,open,Broad enthusiasts
USER-0129,ITEM-080,2025-12-15T19:28:00+00:00,1.0,open,Broad enthusiasts
USER-0283,ITEM-006,2025-12-15T20:15:00+00:00,1.0,open,New explorers
USER-0190,ITEM-062,2025-12-15T21:14:00+00:00,1.0,open,New explorers
USER-0003,ITEM-051,2025-12-15T21:24:00+00:00,1.0,open,Broad enthusiasts
USER-0075,ITEM-035,2025-12-15T22:26:00+00:00,2.0,save,Broad enthusiasts
USER-0041,ITEM-051,2025-12-15T22:31:00+00:00,1.0,open,Focused regulars
USER-0090,ITEM-055,2025-12-15T22:32:00+00:00,2.0,save,Broad enthusiasts
USER-0205,ITEM-029,2025-12-16T07:14:00+00:00,1.0,open,New explorers
USER-0210,ITEM-002,2025-12-16T07:34:00+00:00,1.0,open,Broad enthusiasts
USER-0271,ITEM-054,2025-12-16T08:16:00+00:00,2.0,save,New explorers
USER-0064,ITEM-055,2025-12-16T08:17:00+00:00,1.0,open,New explorers
USER-0073,ITEM-015,2025-12-16T08:19:00+00:00,1.0,open,New explorers
USER-0262,ITEM-052,2025-12-16T09:14:00+00:00,3.0,complete,New explorers
USER-0303,ITEM-095,2025-12-16T09:26:00+00:00,3.0,complete,Broad enthusiasts
USER-0033,ITEM-027,2025-12-16T10:25:00+00:00,1.0,open,Broad enthusiasts
USER-0249,ITEM-059,2025-12-16T10:30:00+00:00,1.0,open,Broad enthusiasts
USER-0044,ITEM-049,2025-12-16T11:16:00+00:00,1.0,open,Focused regulars
USER-0019,ITEM-093,2025-12-16T12:11:00+00:00,1.0,open,New explorers
USER-0215,ITEM-024,2025-12-16T12:24:00+00:00,1.0,open,Focused regulars
USER-0123,ITEM-083,2025-12-16T12:28:00+00:00,1.0,open,Broad enthusiasts
USER-0231,ITEM-086,2025-12-16T13:24:00+00:00,2.0,save,Broad enthusiasts
USER-0018,ITEM-091,2025-12-16T13:26:00+00:00,2.0,save,Broad enthusiasts
USER-0240,ITEM-070,2025-12-16T13:33:00+00:00,1.0,open,Broad enthusiasts
USER-0228,ITEM-016,2025-12-16T14:22:00+00:00,3.0,complete,Broad enthusiasts
USER-0003,ITEM-002,2025-12-16T14:25:00+00:00,1.0,open,Broad enthusiasts
USER-0255,ITEM-082,2025-12-16T14:30:00+00:00,1.0,open,Broad enthusiasts
USER-0226,ITEM-028,2025-12-16T16:13:00+00:00,1.0,open,New explorers
USER-0014,ITEM-067,2025-12-16T16:14:00+00:00,2.0,save,Focused regulars
USER-0046,ITEM-020,2025-12-16T17:12:00+00:00,1.0,open,New explorers
USER-0233,ITEM-076,2025-12-16T17:21:00+00:00,3.0,complete,Focused regulars
USER-0004,ITEM-087,2025-12-16T19:14:00+00:00,1.0,open,New explorers
USER-0201,ITEM-072,2025-12-16T19:26:00+00:00,3.0,complete,Broad enthusiasts
USER-0172,ITEM-032,2025-12-16T20:16:00+00:00,1.0,open,New explorers
USER-0149,ITEM-047,2025-12-16T20:24:00+00:00,1.0,open,Focused regulars
USER-0059,ITEM-023,2025-12-16T21:29:00+00:00,2.0,save,Focused regulars
USER-0275,ITEM-011,2025-12-16T22:16:00+00:00,1.0,open,Focused regulars
USER-0185,ITEM-089,2025-12-16T22:29:00+00:00,2.0,save,Focused regulars
USER-0029,ITEM-005,2025-12-17T07:16:00+00:00,3.0,complete,Focused regulars
USER-0202,ITEM-018,2025-12-17T07:19:00+00:00,1.0,open,New explorers
USER-0063,ITEM-083,2025-12-17T07:29:00+00:00,1.0,open,Broad enthusiasts
USER-0287,ITEM-002,2025-12-17T08:17:00+00:00,1.0,open,Focused regulars
USER-0181,ITEM-017,2025-12-17T11:24:00+00:00,2.0,save,New explorers
USER-0163,ITEM-011,2025-12-17T13:15:00+00:00,1.0,open,New explorers
USER-0249,ITEM-082,2025-12-17T14:31:00+00:00,1.0,open,Broad enthusiasts
USER-0070,ITEM-055,2025-12-17T16:13:00+00:00,1.0,open,New explorers
USER-0221,ITEM-039,2025-12-17T16:14:00+00:00,3.0,complete,Focused regulars
USER-0020,ITEM-017,2025-12-17T18:21:00+00:00,1.0,open,Focused regulars
USER-0168,ITEM-044,2025-12-17T18:35:00+00:00,1.0,open,Broad enthusiasts
USER-0229,ITEM-083,2025-12-17T19:19:00+00:00,1.0,open,New explorers
USER-0032,ITEM-004,2025-12-17T20:20:00+00:00,2.0,save,Focused regulars
USER-0320,ITEM-017,2025-12-17T21:14:00+00:00,2.0,save,Focused regulars
USER-0310,ITEM-037,2025-12-17T21:16:00+00:00,1.0,open,New explorers
USER-0207,ITEM-062,2025-12-17T21:22:00+00:00,1.0,open,Broad enthusiasts
USER-0240,ITEM-080,2025-12-17T22:34:00+00:00,1.0,open,Broad enthusiasts
USER-0032,ITEM-055,2025-12-18T07:21:00+00:00,1.0,open,Focused regulars
USER-0191,ITEM-023,2025-12-18T07:23:00+00:00,2.0,save,Focused regulars
USER-0060,ITEM-017,2025-12-18T07:27:00+00:00,1.0,open,Broad enthusiasts
USER-0208,ITEM-023,2025-12-18T08:11:00+00:00,1.0,open,New explorers
USER-0003,ITEM-015,2025-12-18T09:26:00+00:00,1.0,open,Broad enthusiasts
USER-0303,ITEM-079,2025-12-18T09:27:00+00:00,1.0,open,Broad enthusiasts
USER-0054,ITEM-067,2025-12-18T09:35:00+00:00,1.0,open,Broad enthusiasts
USER-0097,ITEM-064,2025-12-18T10:17:00+00:00,1.0,open,New explorers
USER-0215,ITEM-005,2025-12-18T12:25:00+00:00,1.0,open,Focused regulars
USER-0309,ITEM-013,2025-12-18T13:27:00+00:00,1.0,open,Broad enthusiasts
USER-0072,ITEM-083,2025-12-18T13:33:00+00:00,1.0,open,Broad enthusiasts
USER-0079,ITEM-002,2025-12-18T14:13:00+00:00,1.0,open,New explorers
USER-0111,ITEM-022,2025-12-18T14:36:00+00:00,1.0,open,Broad enthusiasts
USER-0038,ITEM-025,2025-12-18T15:21:00+00:00,1.0,open,Focused regulars
USER-0162,ITEM-061,2025-12-18T15:34:00+00:00,1.0,open,Broad enthusiasts
USER-0087,ITEM-017,2025-12-18T16:31:00+00:00,2.0,save,Broad enthusiasts
USER-0278,ITEM-077,2025-12-18T17:18:00+00:00,2.0,save,Focused regulars
USER-0233,ITEM-091,2025-12-18T17:22:00+00:00,1.0,open,Focused regulars
USER-0288,ITEM-081,2025-12-18T17:35:00+00:00,1.0,open,Broad enthusiasts
USER-0042,ITEM-082,2025-12-18T19:34:00+00:00,1.0,open,Broad enthusiasts
USER-0028,ITEM-033,2025-12-18T22:11:00+00:00,1.0,open,New explorers
USER-0029,ITEM-025,2025-12-18T22:17:00+00:00,2.0,save,Focused regulars
USER-0115,ITEM-092,2025-12-18T22:17:00+00:00,2.0,save,New explorers
USER-0065,ITEM-074,2025-12-18T22:18:00+00:00,1.0,open,Focused regulars
USER-0120,ITEM-037,2025-12-18T22:28:00+00:00,1.0,open,Broad enthusiasts
USER-0088,ITEM-052,2025-12-19T08:17:00+00:00,1.0,open,New explorers
USER-0119,ITEM-053,2025-12-19T08:29:00+00:00,1.0,open,Focused regulars
USER-0045,ITEM-010,2025-12-19T08:32:00+00:00,2.0,save,Broad enthusiasts
USER-0150,ITEM-042,2025-12-19T08:36:00+00:00,2.0,save,Broad enthusiasts
USER-0300,ITEM-008,2025-12-19T09:23:00+00:00,2.0,save,Broad enthusiasts
USER-0294,ITEM-043,2025-12-19T09:37:00+00:00,1.0,open,Broad enthusiasts
USER-0184,ITEM-003,2025-12-19T10:13:00+00:00,1.0,open,New explorers
USER-0319,ITEM-028,2025-12-19T14:11:00+00:00,1.0,open,New explorers
USER-0039,ITEM-060,2025-12-19T14:34:00+00:00,1.0,open,Broad enthusiasts
USER-0162,ITEM-053,2025-12-19T14:35:00+00:00,1.0,open,Broad enthusiasts
USER-0153,ITEM-035,2025-12-19T16:30:00+00:00,1.0,open,Broad enthusiasts
USER-0029,ITEM-089,2025-12-19T18:18:00+00:00,2.0,save,Focused regulars
USER-0280,ITEM-028,2025-12-19T19:20:00+00:00,3.0,complete,New explorers
USER-0006,ITEM-041,2025-12-19T20:23:00+00:00,2.0,save,Broad enthusiasts
USER-0094,ITEM-033,2025-12-19T21:14:00+00:00,1.0,open,New explorers
USER-0117,ITEM-027,2025-12-19T21:28:00+00:00,1.0,open,Broad enthusiasts
USER-0187,ITEM-006,2025-12-19T22:15:00+00:00,2.0,save,New explorers
USER-0282,ITEM-080,2025-12-19T22:27:00+00:00,1.0,open,Broad enthusiasts
USER-0078,ITEM-040,2025-12-19T22:29:00+00:00,2.0,save,Broad enthusiasts
USER-0185,ITEM-063,2025-12-20T07:30:00+00:00,1.0,open,Focused regulars
USER-0291,ITEM-088,2025-12-20T08:30:00+00:00,3.0,complete,Broad enthusiasts
USER-0214,ITEM-044,2025-12-20T09:10:00+00:00,2.0,save,New explorers
USER-0212,ITEM-037,2025-12-20T09:21:00+00:00,1.0,open,Focused regulars
USER-0189,ITEM-077,2025-12-20T09:33:00+00:00,2.0,save,Broad enthusiasts
USER-0127,ITEM-084,2025-12-20T10:16:00+00:00,2.0,save,New explorers
USER-0239,ITEM-052,2025-12-20T10:18:00+00:00,2.0,save,Focused regulars
USER-0282,ITEM-005,2025-12-20T11:28:00+00:00,3.0,complete,Broad enthusiasts
USER-0243,ITEM-024,2025-12-20T11:29:00+00:00,1.0,open,Broad enthusiasts
USER-0100,ITEM-082,2025-12-20T12:17:00+00:00,1.0,open,New explorers
USER-0071,ITEM-068,2025-12-20T13:16:00+00:00,2.0,save,Focused regulars
USER-0131,ITEM-084,2025-12-20T14:18:00+00:00,1.0,open,Focused regulars
USER-0182,ITEM-004,2025-12-20T15:21:00+00:00,2.0,save,Focused regulars
USER-0194,ITEM-071,2025-12-20T15:22:00+00:00,2.0,save,Focused regulars
USER-0272,ITEM-031,2025-12-20T15:26:00+00:00,1.0,open,Focused regulars
USER-0052,ITEM-017,2025-12-20T16:17:00+00:00,1.0,open,New explorers
USER-0300,ITEM-088,2025-12-20T16:24:00+00:00,1.0,open,Broad enthusiasts
USER-0216,ITEM-063,2025-12-20T17:26:00+00:00,1.0,open,Broad enthusiasts
USER-0225,ITEM-063,2025-12-20T17:27:00+00:00,1.0,open,Broad enthusiasts
USER-0203,ITEM-095,2025-12-20T19:36:00+00:00,1.0,open,Focused regulars
USER-0094,ITEM-016,2025-12-20T20:15:00+00:00,2.0,save,New explorers
USER-0260,ITEM-009,2025-12-20T20:25:00+00:00,1.0,open,Focused regulars
USER-0068,ITEM-069,2025-12-20T20:27:00+00:00,2.0,save,Focused regulars
USER-0280,ITEM-013,2025-12-20T21:21:00+00:00,1.0,open,New explorers
USER-0153,ITEM-095,2025-12-20T21:31:00+00:00,1.0,open,Broad enthusiasts
USER-0108,ITEM-094,2025-12-21T07:34:00+00:00,1.0,open,Broad enthusiasts
USER-0052,ITEM-061,2025-12-21T11:18:00+00:00,2.0,save,New explorers
USER-0252,ITEM-067,2025-12-21T12:30:00+00:00,1.0,open,Broad enthusiasts
USER-0131,ITEM-037,2025-12-21T13:19:00+00:00,1.0,open,Focused regulars
USER-0228,ITEM-031,2025-12-21T13:23:00+00:00,1.0,open,Broad enthusiasts
USER-0288,ITEM-048,2025-12-21T15:36:00+00:00,1.0,open,Broad enthusiasts
USER-0102,ITEM-017,2025-12-21T16:20:00+00:00,2.0,save,Broad enthusiasts
USER-0181,ITEM-085,2025-12-21T16:25:00+00:00,3.0,complete,New explorers
USER-0135,ITEM-071,2025-12-21T17:35:00+00:00,1.0,open,Broad enthusiasts
USER-0043,ITEM-062,2025-12-21T18:16:00+00:00,1.0,open,New explorers
USER-0264,ITEM-068,2025-12-21T18:36:00+00:00,1.0,open,Broad enthusiasts
USER-0067,ITEM-093,2025-12-21T19:21:00+00:00,1.0,open,New explorers
USER-0012,ITEM-003,2025-12-21T19:28:00+00:00,1.0,open,Broad enthusiasts
USER-0161,ITEM-086,2025-12-21T20:18:00+00:00,1.0,open,Focused regulars
USER-0092,ITEM-011,2025-12-21T20:26:00+00:00,2.0,save,Focused regulars
USER-0259,ITEM-001,2025-12-21T21:22:00+00:00,1.0,open,New explorers
USER-0138,ITEM-056,2025-12-21T22:27:00+00:00,2.0,save,Broad enthusiasts
USER-0060,ITEM-074,2025-12-22T07:28:00+00:00,1.0,open,Broad enthusiasts
USER-0064,ITEM-016,2025-12-22T08:18:00+00:00,1.0,open,New explorers
USER-0269,ITEM-024,2025-12-22T09:27:00+00:00,2.0,save,Focused regulars
USER-0320,ITEM-021,2025-12-22T10:15:00+00:00,1.0,open,Focused regulars
USER-0003,ITEM-087,2025-12-22T12:27:00+00:00,1.0,open,Broad enthusiasts
USER-0010,ITEM-027,2025-12-22T13:12:00+00:00,1.0,open,New explorers
USER-0139,ITEM-028,2025-12-22T13:12:00+00:00,2.0,save,New explorers
USER-0214,ITEM-023,2025-12-22T14:11:00+00:00,1.0,open,New explorers
USER-0204,ITEM-002,2025-12-22T14:23:00+00:00,2.0,save,Broad enthusiasts
USER-0092,ITEM-033,2025-12-22T14:27:00+00:00,1.0,open,Focused regulars
USER-0266,ITEM-017,2025-12-22T15:29:00+00:00,1.0,open,Focused regulars
USER-0277,ITEM-084,2025-12-22T16:19:00+00:00,1.0,open,New explorers
USER-0215,ITEM-034,2025-12-22T16:26:00+00:00,1.0,open,Focused regulars
USER-0062,ITEM-056,2025-12-22T17:24:00+00:00,1.0,open,Focused regulars
USER-0281,ITEM-023,2025-12-22T19:22:00+00:00,1.0,open,Focused regulars
USER-0295,ITEM-005,2025-12-22T20:17:00+00:00,1.0,open,New explorers
USER-0078,ITEM-024,2025-12-22T20:30:00+00:00,1.0,open,Broad enthusiasts
USER-0178,ITEM-052,2025-12-22T21:15:00+00:00,1.0,open,New explorers
USER-0239,ITEM-018,2025-12-22T21:19:00+00:00,1.0,open,Focused regulars
USER-0223,ITEM-014,2025-12-22T22:16:00+00:00,2.0,save,New explorers
USER-0146,ITEM-067,2025-12-22T22:24:00+00:00,1.0,open,Focused regulars
USER-0273,ITEM-079,2025-12-23T07:33:00+00:00,1.0,open,Broad enthusiasts
USER-0219,ITEM-053,2025-12-23T08:18:00+00:00,1.0,open,Broad enthusiasts
USER-0204,ITEM-028,2025-12-23T08:24:00+00:00,1.0,open,Broad enthusiasts
USER-0306,ITEM-016,2025-12-23T10:24:00+00:00,1.0,open,Broad enthusiasts
USER-0097,ITEM-055,2025-12-23T11:18:00+00:00,1.0,open,New explorers
USER-0026,ITEM-014,2025-12-23T12:20:00+00:00,2.0,save,Focused regulars
USER-0182,ITEM-046,2025-12-23T12:22:00+00:00,1.0,open,Focused regulars
USER-0051,ITEM-083,2025-12-23T12:27:00+00:00,1.0,open,Broad enthusiasts
USER-0194,ITEM-060,2025-12-23T13:23:00+00:00,1.0,open,Focused regulars
USER-0283,ITEM-027,2025-12-23T14:16:00+00:00,1.0,open,New explorers
USER-0176,ITEM-046,2025-12-23T15:27:00+00:00,1.0,open,Focused regulars
USER-0222,ITEM-039,2025-12-23T16:25:00+00:00,1.0,open,Broad enthusiasts
USER-0215,ITEM-019,2025-12-23T16:27:00+00:00,3.0,complete,Focused regulars
USER-0146,ITEM-020,2025-12-23T17:25:00+00:00,1.0,open,Focused regulars
USER-0050,ITEM-087,2025-12-23T17:26:00+00:00,2.0,save,Focused regulars
USER-0301,ITEM-002,2025-12-23T18:24:00+00:00,1.0,open,New explorers
USER-0107,ITEM-092,2025-12-23T19:22:00+00:00,1.0,open,Focused regulars
USER-0241,ITEM-021,2025-12-23T20:11:00+00:00,1.0,open,New explorers
USER-0074,ITEM-090,2025-12-23T22:24:00+00:00,1.0,open,Focused regulars
USER-0025,ITEM-096,2025-12-24T08:11:00+00:00,2.0,save,New explorers
USER-0167,ITEM-068,2025-12-24T08:13:00+00:00,1.0,open,Focused regulars
USER-0288,ITEM-087,2025-12-24T09:37:00+00:00,1.0,open,Broad enthusiasts
USER-0171,ITEM-058,2025-12-24T11:37:00+00:00,1.0,open,Broad enthusiasts
USER-0147,ITEM-079,2025-12-24T12:27:00+00:00,3.0,complete,Broad enthusiasts
USER-0158,ITEM-077,2025-12-24T13:24:00+00:00,1.0,open,Focused regulars
USER-0026,ITEM-034,2025-12-24T14:21:00+00:00,3.0,complete,Focused regulars
USER-0137,ITEM-045,2025-12-24T15:19:00+00:00,2.0,save,Focused regulars
USER-0086,ITEM-078,2025-12-24T17:21:00+00:00,1.0,open,Focused regulars
USER-0207,ITEM-079,2025-12-24T19:23:00+00:00,1.0,open,Broad enthusiasts
USER-0021,ITEM-087,2025-12-24T19:35:00+00:00,1.0,open,Broad enthusiasts
USER-0311,ITEM-040,2025-12-24T20:19:00+00:00,3.0,complete,Focused regulars
USER-0136,ITEM-071,2025-12-24T20:23:00+00:00,2.0,save,New explorers
USER-0220,ITEM-066,2025-12-24T21:13:00+00:00,2.0,save,New explorers
USER-0141,ITEM-086,2025-12-24T21:26:00+00:00,2.0,save,Broad enthusiasts
USER-0316,ITEM-060,2025-12-24T22:16:00+00:00,1.0,open,New explorers
USER-0284,ITEM-055,2025-12-24T22:19:00+00:00,1.0,open,Focused regulars
USER-0228,ITEM-079,2025-12-24T22:24:00+00:00,1.0,open,Broad enthusiasts
USER-0279,ITEM-055,2025-12-25T07:28:00+00:00,2.0,save,Broad enthusiasts
USER-0135,ITEM-082,2025-12-25T08:36:00+00:00,1.0,open,Broad enthusiasts
USER-0023,ITEM-045,2025-12-25T09:21:00+00:00,1.0,open,Focused regulars
USER-0005,ITEM-063,2025-12-25T09:23:00+00:00,3.0,complete,Focused regulars
USER-0313,ITEM-022,2025-12-25T10:10:00+00:00,1.0,open,New explorers
USER-0001,ITEM-084,2025-12-25T11:15:00+00:00,1.0,open,New explorers
USER-0316,ITEM-026,2025-12-25T11:17:00+00:00,3.0,complete,New explorers
USER-0045,ITEM-067,2025-12-25T12:33:00+00:00,1.0,open,Broad enthusiasts
USER-0125,ITEM-067,2025-12-25T13:17:00+00:00,1.0,open,Focused regulars
USER-0282,ITEM-093,2025-12-25T13:29:00+00:00,1.0,open,Broad enthusiasts
USER-0041,ITEM-021,2025-12-25T13:32:00+00:00,1.0,open,Focused regulars
USER-0153,ITEM-079,2025-12-25T13:32:00+00:00,1.0,open,Broad enthusiasts
USER-0271,ITEM-040,2025-12-25T14:17:00+00:00,2.0,save,New explorers
USER-0066,ITEM-092,2025-12-25T14:29:00+00:00,1.0,open,Broad enthusiasts
USER-0064,ITEM-013,2025-12-25T15:19:00+00:00,2.0,save,New explorers
USER-0069,ITEM-085,2025-12-25T15:23:00+00:00,1.0,open,Broad enthusiasts
USER-0057,ITEM-024,2025-12-25T17:26:00+00:00,1.0,open,Broad enthusiasts
USER-0197,ITEM-011,2025-12-25T18:17:00+00:00,1.0,open,Focused regulars
USER-0306,ITEM-024,2025-12-25T18:25:00+00:00,1.0,open,Broad enthusiasts
USER-0309,ITEM-040,2025-12-25T19:28:00+00:00,1.0,open,Broad enthusiasts
USER-0078,ITEM-075,2025-12-25T19:31:00+00:00,1.0,open,Broad enthusiasts
USER-0177,ITEM-080,2025-12-25T20:25:00+00:00,2.0,save,Broad enthusiasts
USER-0246,ITEM-054,2025-12-25T20:25:00+00:00,2.0,save,Broad enthusiasts
USER-0269,ITEM-055,2025-12-25T20:28:00+00:00,1.0,open,Focused regulars
USER-0108,ITEM-093,2025-12-25T20:35:00+00:00,1.0,open,Broad enthusiasts
USER-0102,ITEM-085,2025-12-25T21:21:00+00:00,1.0,open,Broad enthusiasts
USER-0146,ITEM-022,2025-12-25T21:26:00+00:00,2.0,save,Focused regulars
USER-0060,ITEM-083,2025-12-25T21:29:00+00:00,1.0,open,Broad enthusiasts
USER-0092,ITEM-001,2025-12-25T22:28:00+00:00,1.0,open,Focused regulars
USER-0220,ITEM-030,2025-12-26T07:14:00+00:00,2.0,save,New explorers
USER-0096,ITEM-068,2025-12-26T07:33:00+00:00,1.0,open,Broad enthusiasts
USER-0274,ITEM-079,2025-12-26T08:11:00+00:00,1.0,open,New explorers
USER-0034,ITEM-025,2025-12-26T08:13:00+00:00,1.0,open,New explorers
USER-0233,ITEM-025,2025-12-26T08:23:00+00:00,1.0,open,Focused regulars
USER-0107,ITEM-004,2025-12-26T11:23:00+00:00,1.0,open,Focused regulars
USER-0266,ITEM-021,2025-12-26T11:30:00+00:00,1.0,open,Focused regulars
USER-0285,ITEM-040,2025-12-26T12:25:00+00:00,2.0,save,Broad enthusiasts
USER-0200,ITEM-026,2025-12-26T14:20:00+00:00,2.0,save,Focused regulars
USER-0020,ITEM-062,2025-12-26T14:22:00+00:00,1.0,open,Focused regulars
USER-0003,ITEM-035,2025-12-26T15:28:00+00:00,1.0,open,Broad enthusiasts
USER-0148,ITEM-080,2025-12-26T16:12:00+00:00,3.0,complete,New explorers
USER-0008,ITEM-065,2025-12-26T17:19:00+00:00,1.0,open,Focused regulars
USER-0048,ITEM-055,2025-12-26T17:26:00+00:00,2.0,save,Broad enthusiasts
USER-0201,ITEM-018,2025-12-26T17:27:00+00:00,1.0,open,Broad enthusiasts
USER-0014,ITEM-020,2025-12-26T18:15:00+00:00,1.0,open,Focused regulars
USER-0191,ITEM-027,2025-12-26T18:24:00+00:00,1.0,open,Focused regulars
USER-0114,ITEM-021,2025-12-26T19:16:00+00:00,2.0,save,Broad enthusiasts
USER-0018,ITEM-063,2025-12-26T19:27:00+00:00,2.0,save,Broad enthusiasts
USER-0123,ITEM-064,2025-12-26T19:29:00+00:00,1.0,open,Broad enthusiasts
USER-0236,ITEM-086,2025-12-26T20:17:00+00:00,2.0,save,Focused regulars
USER-0147,ITEM-070,2025-12-26T20:28:00+00:00,2.0,save,Broad enthusiasts
USER-0230,ITEM-042,2025-12-26T21:12:00+00:00,1.0,open,Focused regulars
USER-0074,ITEM-079,2025-12-26T21:25:00+00:00,3.0,complete,Focused regulars
USER-0050,ITEM-017,2025-12-26T21:27:00+00:00,3.0,complete,Focused regulars
USER-0315,ITEM-013,2025-12-26T21:30:00+00:00,1.0,open,Broad enthusiasts
USER-0190,ITEM-049,2025-12-26T22:15:00+00:00,1.0,open,New explorers
USER-0304,ITEM-083,2025-12-26T22:18:00+00:00,1.0,open,New explorers
USER-0075,ITEM-052,2025-12-26T22:27:00+00:00,1.0,open,Broad enthusiasts
USER-0310,ITEM-087,2025-12-27T07:17:00+00:00,2.0,save,New explorers
USER-0300,ITEM-080,2025-12-27T07:25:00+00:00,1.0,open,Broad enthusiasts
USER-0112,ITEM-037,2025-12-27T08:17:00+00:00,1.0,open,New explorers
USER-0172,ITEM-014,2025-12-27T08:17:00+00:00,1.0,open,New explorers
USER-0077,ITEM-022,2025-12-27T09:23:00+00:00,2.0,save,Focused regulars
USER-0231,ITEM-005,2025-12-27T09:25:00+00:00,2.0,save,Broad enthusiasts
USER-0099,ITEM-034,2025-12-27T09:26:00+00:00,2.0,save,Broad enthusiasts
USER-0124,ITEM-079,2025-12-27T10:16:00+00:00,1.0,open,New explorers
USER-0188,ITEM-046,2025-12-27T10:22:00+00:00,1.0,open,Focused regulars
USER-0306,ITEM-006,2025-12-27T10:26:00+00:00,1.0,open,Broad enthusiasts
USER-0127,ITEM-049,2025-12-27T12:17:00+00:00,1.0,open,New explorers
USER-0144,ITEM-077,2025-12-27T12:24:00+00:00,3.0,complete,Broad enthusiasts
USER-0110,ITEM-064,2025-12-27T12:25:00+00:00,1.0,open,Focused regulars
USER-0101,ITEM-070,2025-12-27T13:23:00+00:00,1.0,open,Focused regulars
USER-0264,ITEM-081,2025-12-27T13:37:00+00:00,1.0,open,Broad enthusiasts
USER-0241,ITEM-005,2025-12-27T15:12:00+00:00,1.0,open,New explorers
USER-0032,ITEM-093,2025-12-27T16:22:00+00:00,1.0,open,Focused regulars
USER-0246,ITEM-059,2025-12-27T16:26:00+00:00,1.0,open,Broad enthusiasts
USER-0138,ITEM-050,2025-12-27T16:28:00+00:00,3.0,complete,Broad enthusiasts
USER-0174,ITEM-082,2025-12-27T16:32:00+00:00,1.0,open,Broad enthusiasts
USER-0177,ITEM-062,2025-12-27T17:26:00+00:00,1.0,open,Broad enthusiasts
USER-0169,ITEM-017,2025-12-27T18:16:00+00:00,1.0,open,New explorers
USER-0102,ITEM-009,2025-12-27T18:22:00+00:00,1.0,open,Broad enthusiasts
USER-0222,ITEM-017,2025-12-27T18:26:00+00:00,1.0,open,Broad enthusiasts
USER-0240,ITEM-093,2025-12-27T18:35:00+00:00,1.0,open,Broad enthusiasts
USER-0136,ITEM-080,2025-12-27T19:24:00+00:00,1.0,open,New explorers
USER-0247,ITEM-038,2025-12-27T20:11:00+00:00,1.0,open,New explorers
USER-0258,ITEM-010,2025-12-27T20:27:00+00:00,1.0,open,Broad enthusiasts
USER-0111,ITEM-042,2025-12-27T21:37:00+00:00,1.0,open,Broad enthusiasts
USER-0105,ITEM-086,2025-12-27T22:28:00+00:00,2.0,save,Broad enthusiasts
USER-0100,ITEM-033,2025-12-28T08:18:00+00:00,1.0,open,New explorers
USER-0090,ITEM-076,2025-12-28T08:33:00+00:00,1.0,open,Broad enthusiasts
USER-0193,ITEM-025,2025-12-28T09:15:00+00:00,1.0,open,New explorers
USER-0195,ITEM-018,2025-12-28T09:29:00+00:00,1.0,open,Broad enthusiasts
USER-0269,ITEM-007,2025-12-28T09:29:00+00:00,1.0,open,Focused regulars
USER-0136,ITEM-044,2025-12-28T10:25:00+00:00,1.0,open,New explorers
USER-0057,ITEM-077,2025-12-28T10:27:00+00:00,1.0,open,Broad enthusiasts
USER-0129,ITEM-045,2025-12-28T11:29:00+00:00,1.0,open,Broad enthusiasts
USER-0289,ITEM-012,2025-12-28T12:12:00+00:00,1.0,open,New explorers
USER-0101,ITEM-020,2025-12-28T12:24:00+00:00,1.0,open,Focused regulars
USER-0222,ITEM-044,2025-12-28T12:27:00+00:00,1.0,open,Broad enthusiasts
USER-0314,ITEM-079,2025-12-28T14:22:00+00:00,1.0,open,Focused regulars
USER-0282,ITEM-060,2025-12-28T15:30:00+00:00,3.0,complete,Broad enthusiasts
USER-0206,ITEM-028,2025-12-28T16:31:00+00:00,1.0,open,Focused regulars
USER-0290,ITEM-030,2025-12-28T18:23:00+00:00,1.0,open,Focused regulars
USER-0075,ITEM-074,2025-12-28T18:28:00+00:00,2.0,save,Broad enthusiasts
USER-0003,ITEM-090,2025-12-28T19:29:00+00:00,3.0,complete,Broad enthusiasts
USER-0026,ITEM-017,2025-12-28T20:22:00+00:00,1.0,open,Focused regulars
USER-0093,ITEM-083,2025-12-28T20:36:00+00:00,1.0,open,Broad enthusiasts
USER-0040,ITEM-054,2025-12-28T21:13:00+00:00,1.0,open,New explorers
USER-0131,ITEM-045,2025-12-28T21:20:00+00:00,3.0,complete,Focused regulars
USER-0087,ITEM-035,2025-12-29T07:32:00+00:00,1.0,open,Broad enthusiasts
USER-0127,ITEM-079,2025-12-29T08:18:00+00:00,3.0,complete,New explorers
USER-0090,ITEM-085,2025-12-29T08:34:00+00:00,2.0,save,Broad enthusiasts
USER-0096,ITEM-079,2025-12-29T08:34:00+00:00,1.0,open,Broad enthusiasts
USER-0018,ITEM-093,2025-12-29T09:28:00+00:00,1.0,open,Broad enthusiasts
USER-0312,ITEM-041,2025-12-29T11:17:00+00:00,1.0,open,Broad enthusiasts
USER-0138,ITEM-095,2025-12-29T11:29:00+00:00,1.0,open,Broad enthusiasts
USER-0108,ITEM-018,2025-12-29T11:36:00+00:00,1.0,open,Broad enthusiasts
USER-0066,ITEM-027,2025-12-29T14:30:00+00:00,1.0,open,Broad enthusiasts
USER-0038,ITEM-041,2025-12-29T15:22:00+00:00,1.0,open,Focused regulars
USER-0069,ITEM-018,2025-12-29T15:24:00+00:00,1.0,open,Broad enthusiasts
USER-0280,ITEM-018,2025-12-29T16:22:00+00:00,1.0,open,New explorers
USER-0060,ITEM-071,2025-12-29T17:30:00+00:00,1.0,open,Broad enthusiasts
USER-0261,ITEM-035,2025-12-29T17:32:00+00:00,2.0,save,Broad enthusiasts
USER-0042,ITEM-071,2025-12-29T17:35:00+00:00,1.0,open,Broad enthusiasts
USER-0143,ITEM-033,2025-12-29T19:22:00+00:00,1.0,open,Focused regulars
USER-0286,ITEM-079,2025-12-29T20:14:00+00:00,3.0,complete,New explorers
USER-0058,ITEM-024,2025-12-29T20:23:00+00:00,1.0,open,New explorers
USER-0099,ITEM-005,2025-12-29T20:27:00+00:00,2.0,save,Broad enthusiasts
USER-0153,ITEM-021,2025-12-29T20:33:00+00:00,1.0,open,Broad enthusiasts
USER-0047,ITEM-024,2025-12-29T22:20:00+00:00,3.0,complete,Focused regulars
USER-0291,ITEM-062,2025-12-30T07:31:00+00:00,1.0,open,Broad enthusiasts
USER-0056,ITEM-072,2025-12-30T08:23:00+00:00,1.0,open,Focused regulars
USER-0135,ITEM-083,2025-12-30T08:37:00+00:00,1.0,open,Broad enthusiasts
USER-0106,ITEM-035,2025-12-30T09:12:00+00:00,2.0,save,New explorers
USER-0161,ITEM-079,2025-12-30T10:19:00+00:00,3.0,complete,Focused regulars
USER-0110,ITEM-029,2025-12-30T10:26:00+00:00,2.0,save,Focused regulars
USER-0063,ITEM-034,2025-12-30T11:30:00+00:00,1.0,open,Broad enthusiasts
USER-0050,ITEM-025,2025-12-30T13:28:00+00:00,1.0,open,Focused regulars
USER-0092,ITEM-084,2025-12-30T14:29:00+00:00,1.0,open,Focused regulars
USER-0220,ITEM-023,2025-12-30T15:15:00+00:00,1.0,open,New explorers
USER-0236,ITEM-054,2025-12-30T15:18:00+00:00,1.0,open,Focused regulars
USER-0257,ITEM-014,2025-12-30T15:25:00+00:00,1.0,open,Focused regulars
USER-0246,ITEM-045,2025-12-30T15:27:00+00:00,1.0,open,Broad enthusiasts
USER-0285,ITEM-086,2025-12-30T16:26:00+00:00,1.0,open,Broad enthusiasts
USER-0090,ITEM-033,2025-12-30T16:35:00+00:00,1.0,open,Broad enthusiasts
USER-0017,ITEM-024,2025-12-30T17:22:00+00:00,1.0,open,Focused regulars
USER-0119,ITEM-074,2025-12-30T17:30:00+00:00,1.0,open,Focused regulars
USER-0010,ITEM-035,2025-12-30T18:13:00+00:00,1.0,open,New explorers
USER-0084,ITEM-079,2025-12-30T18:32:00+00:00,1.0,open,Broad enthusiasts
USER-0087,ITEM-049,2025-12-30T18:33:00+00:00,1.0,open,Broad enthusiasts
USER-0150,ITEM-019,2025-12-30T18:37:00+00:00,2.0,save,Broad enthusiasts
USER-0310,ITEM-052,2025-12-30T19:18:00+00:00,1.0,open,New explorers
USER-0096,ITEM-063,2025-12-30T21:35:00+00:00,1.0,open,Broad enthusiasts
USER-0075,ITEM-080,2025-12-30T22:29:00+00:00,1.0,open,Broad enthusiasts
USER-0147,ITEM-044,2025-12-30T22:29:00+00:00,1.0,open,Broad enthusiasts
USER-0283,ITEM-016,2025-12-31T07:17:00+00:00,3.0,complete,New explorers
USER-0206,ITEM-027,2025-12-31T07:32:00+00:00,3.0,complete,Focused regulars
USER-0041,ITEM-004,2025-12-31T08:33:00+00:00,1.0,open,Focused regulars
USER-0004,ITEM-055,2025-12-31T09:15:00+00:00,1.0,open,New explorers
USER-0261,ITEM-034,2025-12-31T09:33:00+00:00,2.0,save,Broad enthusiasts
USER-0210,ITEM-076,2025-12-31T09:35:00+00:00,1.0,open,Broad enthusiasts
USER-0108,ITEM-081,2025-12-31T09:37:00+00:00,1.0,open,Broad enthusiasts
USER-0020,ITEM-044,2025-12-31T10:23:00+00:00,1.0,open,Focused regulars
USER-0143,ITEM-022,2025-12-31T10:23:00+00:00,1.0,open,Focused regulars
USER-0009,ITEM-070,2025-12-31T12:36:00+00:00,1.0,open,Broad enthusiasts
USER-0280,ITEM-079,2025-12-31T13:23:00+00:00,1.0,open,New explorers
USER-0313,ITEM-043,2025-12-31T14:11:00+00:00,1.0,open,New explorers
USER-0170,ITEM-077,2025-12-31T14:24:00+00:00,3.0,complete,Focused regulars
USER-0245,ITEM-004,2025-12-31T17:17:00+00:00,1.0,open,Focused regulars
USER-0017,ITEM-084,2025-12-31T17:23:00+00:00,1.0,open,Focused regulars
USER-0110,ITEM-066,2025-12-31T17:27:00+00:00,1.0,open,Focused regulars
USER-0054,ITEM-084,2025-12-31T17:36:00+00:00,1.0,open,Broad enthusiasts
USER-0073,ITEM-075,2025-12-31T18:20:00+00:00,2.0,save,New explorers
USER-0081,ITEM-008,2025-12-31T19:27:00+00:00,2.0,save,Broad enthusiasts
USER-0047,ITEM-053,2025-12-31T20:21:00+00:00,1.0,open,Focused regulars
USER-0201,ITEM-048,2025-12-31T20:28:00+00:00,2.0,save,Broad enthusiasts
USER-0185,ITEM-046,2025-12-31T20:31:00+00:00,1.0,open,Focused regulars
USER-0234,ITEM-047,2025-12-31T20:37:00+00:00,3.0,complete,Broad enthusiasts
USER-0219,ITEM-070,2025-12-31T21:19:00+00:00,1.0,open,Broad enthusiasts
USER-0157,ITEM-017,2025-12-31T22:16:00+00:00,3.0,complete,New explorers
USER-0144,ITEM-043,2025-12-31T22:25:00+00:00,1.0,open,Broad enthusiasts
